time,open,high,low,close,volume
2005-07-13,1.61091,1.61647,1.58865,1.59422,15123602.25792
2005-07-14,1.59422,1.61926,1.58865,1.60256,12239400.77568
2005-07-15,1.597,1.61369,1.55805,1.57474,11448434.35008
2005-07-18,1.57474,1.58587,1.53579,1.57196,15946201.58976
2005-07-19,1.57196,1.61369,1.54414,1.59143,18492375.58271999
2005-07-20,1.59422,1.61926,1.57474,1.61091,20024733.08159999
2005-07-21,1.61369,1.61369,1.58587,1.60813,9377253.55008
2005-07-22,1.61647,1.68325,1.61647,1.65542,45338415.48288
2005-07-25,1.65264,1.6749,1.63038,1.65264,19693358.53056
2005-07-26,1.64986,1.69716,1.6443,1.67212,30919474.75968001
2005-07-27,1.6749,1.69159,1.64986,1.68881,26193397.80096
2005-07-28,1.68881,1.71107,1.66934,1.6749,34224622.84800001
2005-07-29,1.66934,1.67768,1.63873,1.64986,21735224.70912
2005-08-01,1.64708,1.66655,1.61926,1.64986,19165530.00959999
2005-08-02,1.65264,1.67768,1.63317,1.6749,22529814.12864
2005-08-03,1.68047,1.76393,1.67212,1.69716,55865872.55807998
2005-08-04,1.69438,1.71107,1.6749,1.68047,24606325.18656
2005-08-05,1.68047,1.73889,1.68047,1.73055,53623544.83200002
2005-08-08,1.73889,1.75559,1.71663,1.73611,34883673.47712
2005-08-09,1.73889,1.74724,1.71107,1.74446,30393421.79328
2005-08-10,1.74724,1.77228,1.72776,1.7528,41510610.98496002
2005-08-11,1.7528,1.80567,1.74446,1.8001,80985609.76896
2005-08-12,1.8001,1.80288,1.72498,1.72498,60589907.98848001
2005-08-15,1.72498,1.76115,1.71663,1.7528,35109201.2544
2005-08-16,1.7528,1.76115,1.70272,1.71107,39857645.16864
2005-08-17,1.71107,1.72498,1.66377,1.7222,37566672.99839998
2005-08-18,1.7222,1.75002,1.66934,1.6749,48389069.81376
2005-08-19,1.6749,1.70829,1.64151,1.66099,28106180.44416
2005-08-22,1.66655,1.69159,1.65542,1.68047,16744784.20991999
2005-08-23,1.68047,1.68325,1.63317,1.66655,23767724.29824
2005-08-24,1.66099,1.69159,1.66099,1.67768,17847500.63616
2005-08-25,1.68047,1.68881,1.65264,1.67212,15519568.896
2005-08-26,1.66934,1.72498,1.66377,1.71107,35645152.75776
2005-08-29,1.71942,1.73611,1.68325,1.69159,27616163.328
2005-08-30,1.71107,1.73055,1.69159,1.70551,31774767.29856001
2005-09-01,1.73611,1.76393,1.71942,1.75002,54941408.8704
2005-09-02,1.76115,1.79175,1.73611,1.74167,47706879.46751999
2005-09-05,1.74446,1.75837,1.72498,1.75559,28027955.4048
2005-09-06,1.76115,1.76393,1.70551,1.71107,32520604.44672
2005-09-07,1.70829,1.73333,1.69438,1.72776,30277496.77056001
2005-09-08,1.72776,1.78341,1.71942,1.75837,64680595.2
2005-09-09,1.75559,1.78619,1.73333,1.73889,35624773.41696
2005-09-12,1.74167,1.75002,1.71942,1.73611,17817984.73728
2005-09-13,1.73611,1.76393,1.71942,1.76115,29517447.99743999
2005-09-14,1.75837,1.78063,1.7528,1.77506,48315197.39904
2005-09-15,1.77506,1.77784,1.74167,1.74724,29735169.08544
2005-09-16,1.75002,1.77228,1.74167,1.7528,26171825.17248001
2005-09-19,1.7528,1.75837,1.73055,1.74724,24984942.42815998
2005-09-20,1.74446,1.74446,1.70551,1.70829,37976506.2144
2005-09-21,1.70829,1.71942,1.6749,1.67768,30049255.34207998
2005-09-22,1.6749,1.68047,1.62204,1.64151,33747066.96192
2005-09-23,1.64151,1.65542,1.62204,1.6276,16932842.0352
2005-09-26,1.6276,1.65542,1.61647,1.65264,14736833.28
2005-09-27,1.66655,1.66655,1.59978,1.60256,18083800.35072
2005-10-21,1.74724,1.76393,1.68047,1.76393,63640691.71199998
2005-10-24,1.82792,1.83071,1.73333,1.73889,136102992.62975997
2005-10-25,1.73055,1.7528,1.67212,1.69159,62745801.43104
2005-10-26,1.69716,1.71107,1.6276,1.64708,48426539.76576001
2005-10-27,1.64708,1.65821,1.60813,1.62204,35991263.69280002
2005-10-28,1.61926,1.63317,1.53301,1.55248,36705856.11263999
2005-10-31,1.55248,1.60813,1.55248,1.58865,32689760.16383999
2005-11-01,1.58309,1.597,1.55805,1.58587,16073872.5888
2005-11-02,1.58309,1.61091,1.57474,1.60256,15953735.1168
2005-11-03,1.60534,1.60813,1.56083,1.57752,15401961.76896
2005-11-04,1.57196,1.58865,1.55805,1.58587,11239975.61856
2005-11-07,1.59143,1.59422,1.56639,1.59143,11226378.60864
2005-11-08,1.59143,1.60813,1.57196,1.60256,11786637.95712
2005-11-09,1.60256,1.60813,1.57474,1.58865,9637789.22496
2005-11-10,1.58587,1.58587,1.53857,1.54414,15703870.74048
2005-11-11,1.54414,1.55805,1.53301,1.54135,9430789.75488
2005-11-14,1.54135,1.57474,1.54135,1.55805,6033568.02048
2005-11-15,1.56083,1.57752,1.55248,1.56083,10015982.34624
2005-11-16,1.55526,1.57474,1.5497,1.57474,8462206.7712
2005-11-17,1.5803,1.58587,1.56639,1.5803,12146748.45696
2005-11-18,1.58587,1.61647,1.56918,1.60813,27171839.78496001
2005-11-21,1.60813,1.60813,1.58865,1.597,12386265.01632
2005-11-22,1.59422,1.59422,1.55805,1.55805,10746134.23104
2005-11-23,1.55248,1.57752,1.54692,1.57474,8340282.96192
2005-11-24,1.5803,1.60256,1.55805,1.58587,12617755.63776
2005-11-25,1.58865,1.64151,1.57752,1.63595,49461296.30207999
2005-11-28,1.63595,1.63595,1.60534,1.61091,16736441.97888
2005-11-29,1.59978,1.63038,1.59978,1.60813,11378533.57056
2005-11-30,1.60256,1.6276,1.597,1.62482,13113836.2368
2005-12-01,1.62482,1.6276,1.60534,1.61369,9486518.44608
2005-12-02,1.61091,1.6276,1.60256,1.62204,15540537.69216
2005-12-05,1.61369,1.61369,1.56083,1.56361,16045122.26304
2005-12-06,1.55805,1.6276,1.55805,1.60256,17901446.58432
2005-12-07,1.60256,1.62204,1.59422,1.61647,14686826.61888
2005-12-08,1.61369,1.63595,1.60813,1.61647,12588577.59744
2005-12-09,1.61647,1.64708,1.60534,1.63595,26859266.70336
2005-12-12,1.64151,1.66377,1.6276,1.64151,23151125.23776
2005-12-13,1.63595,1.64151,1.62204,1.64151,13223025.65376
2005-12-14,1.64151,1.71385,1.63317,1.68881,52045745.35680002
2005-12-15,1.69159,1.69994,1.66655,1.66934,46984947.60960001
2005-12-16,1.66934,1.67768,1.65821,1.67212,20453845.80096
2005-12-19,1.67212,1.67768,1.65542,1.66655,14738896.37376
2005-12-20,1.66655,1.70551,1.66377,1.69438,33719711.20128
2005-12-21,1.69438,1.72776,1.68325,1.68603,40364443.79136
2005-12-22,1.68325,1.69438,1.67212,1.68603,17435618.70336
2005-12-23,1.68603,1.71385,1.68603,1.70551,26270558.94528
2005-12-26,1.71942,1.74446,1.70829,1.73333,57050713.77408
2005-12-27,1.73333,1.73333,1.71385,1.72498,20103903.40608001
2005-12-28,1.72498,1.72498,1.70551,1.71663,17506648.07424
2005-12-29,1.71663,1.74167,1.70829,1.73055,28609413.5808
2005-12-30,1.73333,1.73611,1.70551,1.70829,20267682.14016
2006-01-04,1.70551,1.76115,1.70272,1.74724,55513327.93343998
2006-01-05,1.7528,1.76671,1.73611,1.75837,55299535.34976002
2006-01-06,1.78063,1.80845,1.76671,1.78341,85781641.4208
2006-01-09,1.78063,1.79175,1.76393,1.77784,39616108.64640002
2006-01-10,1.76671,1.7695,1.71107,1.74724,77012925.05087999
2006-01-11,1.74724,1.76671,1.72498,1.73333,35041288.08959999
2006-01-12,1.72776,1.74724,1.7222,1.74724,24155215.7184
2006-01-13,1.73889,1.76671,1.71942,1.72776,28741987.12319999
2006-01-16,1.71942,1.71942,1.69159,1.69438,35117266.72895999
2006-01-17,1.69438,1.71942,1.68325,1.70829,19606108.35455999
2006-01-18,1.70829,1.74167,1.69994,1.73333,24123137.1264
2006-01-19,1.73333,1.7528,1.71942,1.74724,28606951.5264
2006-01-20,1.75837,1.76115,1.71942,1.73333,22388873.19552001
2006-01-23,1.73333,1.73889,1.70829,1.71942,25437647.73888
2006-01-24,1.71385,1.74446,1.70829,1.74167,30098007.61344
2006-01-25,1.73889,1.7695,1.73333,1.76671,41548918.39488001
2006-02-06,1.76671,1.8001,1.75837,1.78063,38469639.53663999
2006-02-07,1.78063,1.78063,1.72498,1.7528,43470542.86848001
2006-02-08,1.74446,1.75559,1.71942,1.7528,27509256.25343999
2006-02-09,1.74724,1.75002,1.71942,1.7222,26158889.50271999
2006-02-10,1.72498,1.73611,1.71107,1.72776,21381777.93024001
2006-02-13,1.72776,1.74167,1.71385,1.72776,19547227.51488
2006-02-14,1.7222,1.75002,1.71385,1.73333,19472305.58208
2006-02-15,1.74446,1.79175,1.74446,1.75837,54592332.68736
2006-02-16,1.7528,1.7528,1.71663,1.71663,33893952.768
2006-02-17,1.71663,1.74724,1.70551,1.73611,30935052.19583999
2006-02-20,1.73611,1.77506,1.71942,1.75002,40126325.39136
2006-02-21,1.75002,1.90304,1.74167,1.88913,161293877.82144
2006-02-22,1.88357,1.90583,1.85296,1.88913,131611838.79168001
2006-02-23,1.89191,1.96425,1.88635,1.95034,167082142.55615997
2006-02-24,1.95034,1.95869,1.91974,1.95591,95420138.71103998
2006-02-27,1.96147,1.97538,1.89191,1.89748,82072170.08640005
2006-02-28,1.89191,1.91695,1.84462,1.90304,65507252.42880002
2006-03-01,1.90304,1.91695,1.87522,1.88635,51226585.71263998
2006-03-02,1.88635,1.88913,1.80288,1.82514,75072006.69696
2006-03-03,1.81958,1.83905,1.78897,1.81958,55672426.96704
2006-03-06,1.81401,1.8474,1.80845,1.82514,32599656.16128001
2006-03-07,1.82514,1.82514,1.75559,1.75837,41371294.64831999
2006-03-08,1.75559,1.78619,1.74446,1.77506,31462370.33471999
2006-03-09,1.77506,1.77506,1.7222,1.73611,34799302.28736
2006-03-10,1.73333,1.75002,1.71385,1.71942,37939773.08159999
2006-03-13,1.72498,1.75002,1.71663,1.74446,31214224.00511999
2006-03-14,1.74167,1.74446,1.71663,1.72498,26718174.81216
2006-03-15,1.72498,1.74724,1.72498,1.74724,21530320.68096
2006-03-16,1.74724,1.77228,1.73889,1.75002,27502826.15808
2006-03-17,1.75002,1.75559,1.72498,1.72498,21377680.49664
2006-03-20,1.72498,1.7528,1.71107,1.74724,24231780.21888
2006-03-21,1.74724,1.78619,1.73333,1.76671,58470143.84639998
2006-03-22,1.7695,1.78341,1.75559,1.76671,26266925.16864
2006-03-23,1.76671,1.79175,1.76671,1.78063,33196911.02207998
2006-03-24,1.78063,1.78619,1.75559,1.75559,25756866.57024
2006-03-27,1.75559,1.7695,1.7222,1.76671,31905744.9984
2006-03-28,1.76671,1.78341,1.75837,1.77784,33049651.41504
2006-03-29,1.78063,1.83071,1.77784,1.80845,68433517.30176
2006-03-30,1.80567,1.81958,1.75559,1.77228,46434662.27712002
2006-03-31,1.7528,1.8001,1.74167,1.77228,37253776.43519998
2006-04-03,1.75837,1.8001,1.74724,1.78341,45279829.37088
2006-04-04,1.78341,1.84462,1.77228,1.82792,72331456.20479998
2006-04-05,1.82792,1.85296,1.81123,1.83627,69225734.52287997
2006-04-06,1.84462,1.86131,1.80567,1.81401,63993804.22656001
2006-04-07,1.81401,1.82514,1.78341,1.8001,42997950.62784
2006-04-10,1.80288,1.878,1.80288,1.87522,72024845.96736002
2006-04-11,1.87522,1.95591,1.85575,1.9253,112185140.52096
2006-04-12,1.9253,1.92808,1.86966,1.87522,57587179.25376002
2006-04-13,1.86687,1.90304,1.83627,1.84183,54981470.26943998
2006-04-14,1.83905,1.90861,1.83071,1.90583,50408666.08128001
2006-04-17,1.90583,1.92252,1.878,1.89748,47955611.65824
2006-04-18,1.89748,1.91417,1.86966,1.87522,39289061.56031999
2006-04-19,1.88079,1.94478,1.85296,1.91417,79564724.02944
2006-04-20,1.91139,1.93365,1.878,1.88913,50247913.69728002
2006-04-21,1.88913,1.91695,1.86687,1.90304,62825108.33663998
2006-04-24,1.89191,1.90861,1.80845,1.81123,85423346.01216
2006-04-25,1.80845,1.80845,1.7528,1.77784,61319093.02272
2006-04-26,1.79175,1.95591,1.78897,1.95591,82112375.25504
2006-04-27,2.02824,2.0978,1.98373,2.04494,308574622.58688
2006-04-28,2.13953,2.25082,2.0199,2.19239,246198805.0329601
2006-05-08,2.19239,2.23969,2.14231,2.18683,148000689.00864005
2006-05-09,2.19239,2.36489,2.13119,2.33429,178118903.43936
2006-05-10,2.31759,2.40941,2.24247,2.30647,150051627.04895997
2006-05-11,2.29534,2.43445,2.26473,2.31481,164550906.22464007
2006-05-12,2.31759,2.42054,2.30647,2.37602,135013819.29984
2006-05-15,2.36768,2.42054,2.31759,2.40106,126181107.48672004
2006-05-16,2.3788,2.39272,2.24247,2.28143,126723959.93087998
2006-05-17,2.28421,2.35655,2.2536,2.28977,95324808.68352
2006-05-18,2.29255,2.29534,2.19518,2.2536,83694570.48575997
2006-05-19,2.2536,2.33707,2.23413,2.31203,90756601.52831998
2006-05-22,2.29812,2.31203,2.25917,2.28421,92176236.47232
2006-05-23,2.26751,2.2703,2.18127,2.18405,84062692.54656
2006-05-24,2.18683,2.3009,2.18405,2.23413,94493141.08415999
2006-05-25,2.23413,2.29534,2.19796,2.28143,75848747.12063998
2006-05-26,2.29534,2.50122,2.28977,2.4428,254858899.87584
2006-06-12,2.19796,2.19796,2.19796,2.19796,8154259.47648
2006-06-13,1.97816,2.03103,1.97816,1.97816,311707236.37248003
2006-06-14,1.97538,1.99764,1.90583,1.98373,109542817.01375997
2006-06-16,2.00599,2.02268,1.96703,1.97816,105114321.56160001
2006-06-19,1.96147,1.98929,1.89191,1.96703,72192693.38112003
2006-06-20,1.96425,1.99207,1.93921,1.98095,72698295.12192002
2006-06-21,1.98095,2.00599,1.96982,1.99764,85878772.16256002
2006-06-22,1.99764,2.08111,1.98929,2.05885,129874142.36160001
2006-06-23,2.0505,2.0505,2.01433,2.02824,67297485.86496
2006-06-27,2.02824,2.06719,2.02546,2.05885,75213317.83680002
2006-06-28,2.05885,2.05885,2.02824,2.03381,69907533.09696001
2006-06-29,2.03103,2.08389,2.02268,2.07832,79840391.45472002
2006-06-30,2.08389,2.13675,2.08111,2.10336,80379879.69024003
2006-07-03,2.10336,2.28143,2.10336,2.2536,116988346.27583995
2006-07-04,2.25639,2.2703,2.18405,2.23691,82475609.14944
2006-07-05,2.23691,2.28977,2.22578,2.23969,96181100.42112003
2006-07-06,2.23969,2.23969,2.19239,2.21187,75947419.79136
2006-07-07,2.21187,2.21187,2.10893,2.1451,93970441.54368
2006-07-19,2.04494,2.08667,1.96147,1.98929,44526606.05952
2006-07-20,1.98929,2.0199,1.97816,1.99486,21532851.02592
2006-07-21,1.99764,2.04494,1.99764,2.0032,23015403.14112
2006-07-24,1.99486,2.02546,1.96147,2.0199,15040913.17248
2006-07-25,2.01711,2.03659,2.00599,2.01155,25357323.66336
2006-07-26,2.01155,2.01711,1.98095,1.99207,29328243.6096
2006-07-27,1.98929,2.01155,1.95034,1.96425,51185841.40800001
2006-07-28,1.96147,1.98095,1.91139,1.93643,39986674.79040002
2006-07-31,1.91974,1.9253,1.86131,1.86966,41204644.11648001
2006-08-01,1.87244,1.89191,1.83627,1.86409,24459543.61344
2006-08-02,1.86409,1.90583,1.85018,1.89748,23153741.84448
2006-08-03,1.90861,1.91974,1.878,1.90304,17056681.57439999
2006-08-04,1.90583,1.91417,1.85575,1.85575,14634106.30655999
2006-08-07,1.85018,1.88635,1.82236,1.82514,19418985.03168
2006-08-08,1.83627,1.89191,1.83627,1.88913,22674870.46656
2006-08-09,1.89191,1.90026,1.86966,1.87522,14016389.43744
2006-08-10,1.87244,1.90861,1.86687,1.90583,17180075.42784
2006-08-11,1.91417,1.91417,1.89191,1.89748,11502074.78784
2006-08-14,1.90026,1.93365,1.88635,1.8947,21831697.70496
2006-08-15,1.89748,1.9253,1.878,1.91974,16834431.744
2006-08-16,1.9253,1.96425,1.91974,1.95591,25620989.92128001
2006-08-17,1.95591,1.97538,1.92252,1.9726,19849028.6592
2006-08-18,1.9726,1.97538,1.91417,1.92808,24301206.55871999
2006-08-21,1.90026,1.97538,1.85296,1.96982,24568053.71904
2006-08-22,1.95869,1.99486,1.95312,1.96425,20769610.56768
2006-08-23,1.95591,1.99764,1.95312,1.96425,25531446.62016
2006-08-24,1.96703,1.96982,1.9253,1.95869,29706404.38271999
2006-08-25,1.95869,1.96703,1.93643,1.94478,13730201.67168
2006-08-28,1.94756,2.04494,1.93643,2.02546,57276946.02239998
2006-08-29,2.02824,2.05607,1.99207,2.00599,37698322.82111998
2006-08-30,2.00599,2.01711,1.98929,2.00599,18394594.28352
2006-08-31,2.00599,2.03937,1.99207,2.01155,25890371.0208
2006-09-01,2.00599,2.01155,1.95034,1.96425,22246850.39616
2006-09-04,1.96425,1.98095,1.95869,1.97538,16548970.01472
2006-09-05,1.97816,2.01711,1.96425,1.98095,40707438.52031997
2006-09-06,1.97816,1.99486,1.96703,1.99207,21335850.73152
2006-09-07,1.99207,2.03937,1.97538,2.0032,47502298.92095998
2006-09-08,2.0032,2.0199,1.98929,2.01155,27458667.32543999
2006-09-11,1.98651,2.07276,1.98651,2.06441,72771330.07872
2006-09-12,2.06441,2.09502,2.04772,2.06719,47661768.16128002
2006-09-13,2.06441,2.10893,2.04494,2.05885,62398112.62463998
2006-09-14,2.05885,2.13953,2.05607,2.08667,69065330.78016
2006-09-15,2.08667,2.1284,2.07276,2.12284,70429517.38367999
2006-09-18,2.14231,2.15066,2.10336,2.12006,42849415.06560001
2006-09-19,2.12006,2.1757,2.10893,2.1451,55902300.18048
2006-09-20,2.14231,2.15066,2.12284,2.13675,30459785.84064
2006-09-21,2.13675,2.17848,2.13675,2.1451,39605635.03104002
2006-09-22,2.14788,2.17014,2.05885,2.08389,59001009.50015996
2006-09-25,2.06441,2.13119,2.06163,2.11171,36573404.77439999
2006-09-26,2.10615,2.11727,2.08667,2.10615,23060715.7248
2006-09-27,2.10615,2.24804,2.0978,2.22856,90956412.51839998
2006-09-28,2.22578,2.23135,2.18405,2.21187,55970849.52576001
2006-09-29,2.21465,2.29812,2.20631,2.2703,94805728.54272
2006-10-09,2.31481,2.43167,2.30925,2.41776,127262236.90752003
2006-10-13,2.41497,2.6292,2.40663,2.51235,194249148.08831996
2006-10-16,2.51513,2.55965,2.45671,2.45949,88583541.99552003
2006-10-17,2.45114,2.5207,2.42332,2.50122,72420481.93536
2006-10-18,2.49566,2.55408,2.4734,2.52904,62819911.06560002
2006-10-19,2.53183,2.53183,2.48175,2.49009,46978887.72096
2006-10-20,2.47896,2.54574,2.47618,2.52348,66279442.54463998
2006-10-23,2.52626,2.59304,2.47896,2.51235,88295567.89247999
2006-10-24,2.50679,2.64312,2.504,2.61808,125344120.41216
2006-10-25,2.61808,2.68763,2.60973,2.64312,107902704.19968006
2006-10-26,2.65981,2.74884,2.62086,2.73215,147648615.22944003
2006-10-27,2.7238,2.85178,2.69876,2.71824,155146077.66527995
2006-10-30,2.66816,2.73493,2.57356,2.61529,110964249.07775995
2006-10-31,2.61529,2.68763,2.60138,2.65703,78911668.59263992
2006-11-01,2.65703,2.66816,2.57078,2.58747,76166125.70112002
2006-11-02,2.58747,2.60416,2.53183,2.60416,66818474.31168001
2006-11-03,2.59582,2.7238,2.57634,2.66537,87721941.56544
2006-11-06,2.62086,2.77666,2.60973,2.74328,83476996.76160003
2006-11-07,2.74884,2.8184,2.73771,2.79057,85892732.19072002
2006-11-08,2.79057,2.82952,2.74328,2.79336,95793041.11103997
2006-11-09,2.78223,2.94916,2.75997,2.90743,140344102.37952003
2006-11-10,2.92134,2.99646,2.82952,2.87126,136330357.06368
2006-11-13,2.85456,2.93525,2.77944,2.80448,81658491.03359994
2006-11-14,2.82396,2.86569,2.74884,2.79892,102337652.55168
2006-11-15,2.80448,2.90186,2.7711,2.89352,85439322.40896001
2006-11-16,2.8963,2.9742,2.87682,2.8963,118525552.40447995
2006-11-17,2.89352,2.91577,2.82674,2.86013,64827207.84384
2006-11-20,2.86848,3.0048,2.86291,2.99089,117603460.91520004
2006-11-21,2.98811,3.29137,2.91577,3.29137,294763022.16191995
2006-11-22,3.3025,3.61689,3.26633,3.58351,244018100.5516799
2006-11-23,3.58351,3.66697,3.48057,3.51952,173959526.70720005
2006-11-24,3.51117,3.60855,3.41379,3.52786,150040909.02527994
2006-11-27,3.49448,3.58351,3.39988,3.50004,123417614.96064
2006-11-28,3.48335,3.5223,3.41657,3.4277,73585148.68223998
2006-11-29,3.28581,3.47778,3.28581,3.44161,106116305.81760003
2006-11-30,3.44996,3.52786,3.40545,3.51952,117595075.55327997
2006-12-01,3.5223,3.5529,3.4444,3.45553,82809600.30719998
2006-12-04,3.44996,3.72262,3.3971,3.65863,152918220.34944007
2006-12-05,3.65863,3.6948,3.56125,3.60298,146570199.45984
2006-12-06,3.61689,3.75601,3.47778,3.64193,147544299.60191995
2006-12-07,3.6475,3.93129,3.6475,3.72818,191717494.82496
2006-12-08,3.64472,3.77826,3.60577,3.65585,122374314.91583996
2006-12-11,3.65028,3.82556,3.6475,3.76714,108395668.59264
2006-12-12,3.81443,3.96189,3.76992,3.87842,146043546.25535998
2006-12-13,3.8979,3.91738,3.68089,3.73097,148184520.00768003
2006-12-14,3.71427,3.78661,3.66697,3.72262,129001892.19839999
2006-12-15,3.75601,3.75601,3.60577,3.71427,105976011.84767999
2006-12-18,3.71427,3.82278,3.66976,3.77826,98246332.75392
2006-12-19,3.76157,3.93407,3.72262,3.77826,126136050.09408
2006-12-20,3.77548,3.79496,3.67254,3.75879,67112677.23263998
2006-12-21,3.75879,3.76992,3.64472,3.66141,128686968.48384002
2006-12-22,3.65585,3.71706,3.59185,3.61968,77942262.528
2006-12-25,3.6002,3.83947,3.58907,3.71427,139333506.32448003
2006-12-26,3.72818,3.75044,3.63915,3.68089,72553993.57439996
2006-12-27,3.68089,3.8673,3.64472,3.80887,132223139.94239995
2006-12-28,3.82556,4.03423,3.80887,3.90068,192205880.15615997
2006-12-29,3.93685,4.08431,3.91738,4.02588,180584839.61855996
2007-01-04,4.07596,4.26237,3.84782,3.92572,248747085.25055996
2007-01-05,3.87564,3.87564,3.61689,3.63359,193129075.07712
2007-01-08,3.63081,3.76714,3.62246,3.71984,114158770.05312002
2007-01-09,3.7254,3.86173,3.70036,3.83947,172408734.35136
2007-01-10,3.83669,3.95911,3.78383,3.91738,160797175.41888
2007-01-11,3.9452,4.11213,3.92016,4.11213,147349790.11583996
2007-01-12,4.20394,4.31802,4.14552,4.31802,326724337.70496
2007-01-15,4.31245,4.53503,4.18447,4.53503,198533252.13695997
2007-01-16,4.59067,4.76317,4.59067,4.73535,188782736.76288003
2007-01-17,4.72979,4.89394,4.56285,4.73535,165014602.72127998
2007-01-18,4.71587,4.76317,4.49886,4.50164,176008362.11711997
2007-01-19,4.50721,4.727,4.50721,4.71587,172282105.68192
2007-01-22,4.76039,4.95236,4.76039,4.94123,194228858.60351995
2007-01-23,4.8689,5.09148,4.81603,5.03583,181040204.66687998
2007-01-24,5.00801,5.14712,4.88003,4.92732,159040289.34144002
2007-01-25,4.95236,5.02748,4.83273,4.84107,174091755.20255998
2007-01-26,5.06365,5.08313,4.89672,5.08313,224372577.76128
2007-01-29,5.25841,5.33631,5.25841,5.33631,97096449.11615998
2007-01-30,5.60062,5.6034,5.53663,5.6034,106517433.78432
2007-01-31,5.83711,5.83711,5.3224,5.3224,263084231.85408002
2007-02-01,5.16381,5.2751,5.05531,5.13599,238246200.39168
2007-02-02,5.05809,5.19164,4.88003,4.88003,142371742.55615997
2007-02-05,4.81325,4.90507,4.63519,4.64354,143508805.53984004
2007-02-06,4.64354,4.87446,4.63519,4.87446,101493254.15424003
2007-02-07,5.1193,5.1193,5.1193,5.1193,21265867.28448
2007-02-08,5.1193,5.37526,5.03583,5.31405,232647650.42688006
2007-02-09,5.33353,5.34188,5.08591,5.11652,111156605.61407998
2007-02-12,5.10817,5.37248,5.10817,5.37248,90430470.97344002
2007-02-13,5.56445,5.6201,5.39752,5.46986,87679587.04127999
2007-02-14,5.53107,5.72861,5.45316,5.71748,100636405.30943999
2007-02-15,5.7453,5.88997,5.6201,5.70635,114916378.33727996
2007-02-16,5.75921,5.95397,5.72304,5.78703,100549137.16224001
2007-02-26,5.67574,5.70357,5.51437,5.62288,76893916.17024
2007-02-27,5.6201,5.78425,5.34188,5.34188,81756958.83263998
2007-02-28,5.07478,5.33631,5.07478,5.30014,157469135.616
2007-03-01,5.28623,5.28623,5.03583,5.03583,82406948.38272
2007-03-02,4.98297,5.11095,4.88281,5.06087,74583082.22976
2007-03-05,5.02192,5.08313,4.80769,4.87168,112805376.95232002
2007-03-06,4.87446,5.11652,4.87168,5.11652,102464040.40703999
2007-03-07,5.1193,5.25841,5.09148,5.17772,100745325.15839997
2007-03-08,5.19998,5.41143,5.17772,5.25841,66680419.55327999
2007-03-09,5.25841,5.34188,5.16938,5.2751,78909375.46752
2007-03-12,5.27232,5.28623,5.03305,5.1193,57443772.67200003
2007-03-13,5.1193,5.22224,5.10817,5.15547,48596989.40927998
2007-03-14,5.09148,5.09148,4.95236,5.00523,65602205.06112003
2007-03-15,4.9941,5.1193,4.9941,5.11095,51211975.12704002
2007-03-16,5.11373,5.1499,4.99131,5.02192,67002485.02272
2007-03-19,4.94402,5.27232,4.89672,5.27232,99186021.64223997
2007-03-20,5.39752,5.39752,5.25841,5.26954,89943537.71520004
2007-03-21,5.32518,5.53385,5.30849,5.53385,128896929.60768001
2007-03-22,5.64514,5.80929,5.42534,5.55054,197319613.87007996
2007-03-23,5.46708,5.4949,5.27232,5.39196,128896926.01344004
2007-03-26,5.28623,5.37804,5.1499,5.33075,101294622.07487999
2007-03-27,5.28623,5.31405,5.21668,5.28345,84702560.71679997
2007-03-28,5.26397,5.39196,5.01914,5.30849,149299205.25312
2007-03-29,5.30571,5.57002,5.26119,5.33075,211886349.74208003
2007-03-30,5.25284,5.28623,5.1666,5.25284,77772808.48896
2007-04-02,5.28067,5.45316,5.27232,5.36413,112716466.23744002
2007-04-03,5.37248,5.47542,5.33353,5.38361,91036294.50239997
2007-04-04,5.39752,5.6201,5.39752,5.53385,144645699.59424004
2007-04-05,5.53385,5.58393,5.44204,5.55332,104504616.25344
2007-04-06,5.46986,5.53663,5.38361,5.44482,95441794.00704002
2007-04-09,5.44482,5.55889,5.39752,5.48655,80425939.87584002
2007-04-10,5.48655,5.64792,5.46151,5.64514,124905669.85727997
2007-04-11,5.65627,5.92614,5.65627,5.92336,213537593.91744003
2007-04-12,5.95397,6.21828,5.92614,6.21828,166710207.00672004
2007-04-13,6.31565,6.52989,6.31565,6.52989,129927405.40416002
2007-04-16,6.67178,6.80811,6.3713,6.60222,132361672.73472004
2007-04-17,6.55214,6.60222,6.27114,6.38521,127736227.30752003
2007-04-18,6.36574,6.51041,6.26836,6.39634,73571246.16192
2007-04-19,6.31565,6.41582,6.07638,6.07638,126748077.28127995
2007-04-20,5.9484,6.36017,5.9484,6.28783,82404489.92256002
2007-04-23,6.30731,6.60222,6.20437,6.60222,137078735.33952
2007-04-24,6.72186,6.76081,6.5271,6.54658,122324434.05312002
2007-04-25,6.52432,6.87488,6.41025,6.87488,165040592.67072
2007-04-26,7.17536,7.21988,7.01399,7.21988,169208911.87200007
2007-05-08,7.28943,7.58157,7.28943,7.58157,91200580.02432002
2007-05-09,7.79024,7.86257,7.20319,7.62608,179447571.76320004
2007-05-10,7.45915,7.7012,7.3729,7.45637,99750957.09696002
2007-05-11,7.37012,7.81806,7.24492,7.7485,93203312.11776002
2007-05-25,8.13523,8.13523,8.12132,8.13523,172409992.33536
2007-05-28,8.48023,8.48023,7.9516,7.95717,216846285.92639995
2007-05-29,8.06289,8.17418,7.80136,8.00168,159660026.17344
2007-05-30,7.60104,7.81528,7.60104,7.60104,181544569.98912
2007-05-31,7.51479,7.98221,7.31726,7.98221,325289326.60223997
2007-06-20,9.18135,9.26482,8.53031,8.67777,468159827.4662399
2007-06-21,9.02554,9.54582,8.69446,9.54582,245013025.72032
2007-06-22,9.90473591,9.96038078,9.40393491,9.84909244,283924832.2559999
2007-06-25,10.01880731,10.1773955,9.55695724,9.79344757,237263060.736
2007-06-27,8.81410256,9.40115323,8.81410256,8.96434323,272354039.1935998
2007-06-28,8.76402244,9.00607611,8.355035,8.38563897,187319359.91808
2007-06-29,8.29104317,8.34112358,7.573228,7.65669516,176005339.36127988
2007-07-02,7.45915659,7.75129123,7.39238337,7.6233084,116367642.59327996
2007-07-03,7.66504157,7.83197561,7.43689904,7.57601051,90766410.20927998
2007-07-04,7.63721983,7.66504157,7.26161859,7.28944116,87685179.67872003
2007-07-05,7.15032969,7.47585053,6.99452429,7.01121823,133557627.34079996
2007-07-06,7.09468483,7.54540626,7.06964476,7.51480146,158403260.62079993
2007-07-09,7.59548583,7.92935363,7.51201923,7.81806446,97977260.75904
2007-07-10,7.79024217,8.16584313,7.79024217,7.91544276,120576299.95007999
2007-07-11,7.90153134,7.9738693,7.79302439,7.8236292,41063304.22272
2007-07-12,7.8597979,8.115763,7.8597979,7.99890937,54653154.41664
2007-07-13,8.0684651,8.0684651,7.79858913,7.88762019,27060508.20096
2007-07-16,7.84588703,7.84588703,7.38125473,7.38681863,63307315.16928001
2007-07-17,7.6233084,8.11854523,7.5676641,8.11019854,118455860.09087999
2007-07-18,8.0684651,8.68055583,7.96552234,8.41346154,202675451.99616
2007-07-19,8.31886574,8.7055959,8.2604392,8.48023504,108915722.77248001
2007-07-23,9.29264657,9.29264657,8.8363604,9.16744597,189781698.26304
2007-07-24,9.17579238,9.64042524,9.04224537,9.28151737,125526254.92992003
2007-07-25,9.28151737,9.8435277,9.28151737,9.79344757,125268903.75168002
2007-07-26,9.73780271,9.87691417,9.66824697,9.73502103,96149758.64832
2007-07-27,9.66824697,9.69606871,9.3204683,9.41784578,121266548.5824
2007-07-30,9.37611317,9.7600611,9.34829004,9.51522464,88016608.14336002
2007-07-31,9.41784578,10.12731537,9.3622023,10.08001692,150312378.37824005
2007-08-01,10.08558137,10.32207031,9.57365118,9.74058438,104748172.73855999
2007-08-02,9.82126931,10.53073751,9.82126931,10.48900491,142541768.07935995
2007-08-03,10.57247151,11.00371678,10.53908504,10.88129925,157525367.50079992
2007-08-06,10.84791277,11.09831258,10.64480892,10.90077457,92795355.09503998
2007-08-07,10.83678358,10.97589504,10.6475917,10.87851618,56185928.84736004
2007-08-08,10.65593811,11.26802885,10.57247151,10.80061432,93962501.86752
2007-08-09,10.80061432,11.15673912,10.71992939,11.13169905,110713403.47391996
2007-08-10,11.07327251,11.15673912,10.70601852,10.85069444,66774441.27743999
2007-08-13,10.71158298,11.12891738,10.57247151,10.87851618,93650805.78047998
2007-08-14,10.90633931,10.94250857,10.2914669,10.66984898,125537400.66815999
2007-08-15,10.68376124,10.84512999,10.41944917,10.57247151,88434564.34176002
2007-08-16,10.57803597,10.58638238,9.95203437,10.08558137,138503344.71168005
2007-08-17,10.01324397,10.26642684,9.56530477,9.70441623,151204353.73055997
2007-08-20,10.01602564,10.61420551,10.01602564,10.54464977,131687864.15615997
2007-08-21,10.69767211,10.92303185,10.48900491,10.72827663,120762945.23903999
2007-08-22,10.53073751,11.0120643,10.4695293,10.73662304,113341371.58655997
2007-08-23,10.68376124,10.79504958,10.48900491,10.68097818,95095571.65056
2007-08-24,10.66706731,11.13448184,10.62811638,11.01762765,139980181.98527995
2007-08-27,11.0120643,11.36818938,10.68654291,10.90633931,98876169.40032
2007-08-28,10.71714744,10.79504958,10.43336004,10.56968984,112620420.95615998
2007-08-29,10.42779558,10.48344017,10.18295885,10.24973291,96041241.35424003
2007-08-30,10.37215072,10.5947299,10.1773955,10.48900491,88715626.72127996
2007-08-31,10.47509404,10.60029325,10.28033771,10.57247151,62480330.86463998
2007-09-03,10.60029325,10.73384137,10.53352058,10.53908504,69619372.09344
2007-09-04,10.52239138,10.53073751,10.21078197,10.29424858,83217003.81696
2007-09-05,10.29424858,10.37215072,10.02715484,10.23582204,78463362.63167998
2007-09-06,10.29981303,10.60585798,10.21078197,10.34989344,68549772.99456002
2007-09-07,10.37771518,10.57247151,10.29424858,10.32207031,56603708.92799998
2007-09-10,10.16904798,10.54186671,10.06332298,10.44727091,60543416.49407999
2007-09-11,10.40275524,10.53908504,9.97707471,9.97707471,70530001.55136003
2007-09-12,9.84630937,10.09671057,9.61816684,9.88247863,57935263.42656001
2007-09-13,9.90473591,10.2608621,9.82126931,10.2608621,52641185.12639998
2007-09-14,10.26642684,10.33041784,9.9687283,10.12175063,49776000.76799998
2007-09-17,10.39162605,10.39162605,10.07167051,10.12731537,48800139.44831997
2007-09-18,10.17461271,10.24973291,9.73223825,9.82126931,71550891.50976
2007-09-19,9.89082504,10.22469284,9.88247863,10.06610577,68412358.01087998
2007-09-20,10.06610577,10.23860371,9.99098558,10.00767923,48869501.09184
2007-09-21,10.00767923,10.11340311,9.73502103,10.06054131,56830318.57152001
2007-09-24,10.05775964,10.61420551,9.9269943,10.60307631,87448994.97984
2007-09-25,10.64202724,10.71158298,10.37771518,10.42223085,53088890.84927999
2007-09-26,10.32207031,10.8868637,10.29981303,10.57803597,102607015.67999998
2007-09-27,10.57247151,10.90633931,10.53908504,10.79783237,87223959.61344
2007-09-28,10.87851618,11.21238398,10.87851618,11.12335292,126856698.80832
2007-10-08,11.54625178,11.85786119,11.30419811,11.58520271,99283479.45984001
2007-10-09,11.43496205,11.75491898,11.29585058,11.36540632,52194510.95039998
2007-10-10,11.36540632,11.84673311,11.09553091,11.12891738,75615516.88703997
2007-10-11,11.11500651,11.47669605,10.98980591,11.40992199,56439599.52383998
2007-10-12,11.49060692,11.51843004,10.60029325,10.96476585,67196315.19744
2007-10-15,11.12891738,11.32367371,10.76722784,11.07327251,76328894.45376
2007-10-16,11.15673912,11.82447472,11.06214332,11.67145238,100283752.85760003
2007-10-17,11.62693671,12.03592359,11.39601112,11.64362925,72272061.3888
2007-10-18,11.68536325,11.74100811,10.98424145,10.98980591,67331656.30463998
2007-10-19,11.12891738,11.40435864,10.85069444,11.0760553,36086263.05023998
2007-10-22,11.01762765,11.29585058,10.71158298,11.0760553,45805742.16192
2007-10-23,11.15673912,11.51843004,11.14282825,11.43496205,61152305.90976002
2007-10-24,11.49060692,11.99697266,11.48226051,11.62971838,90034888.91904
2007-10-25,11.65197677,11.96358618,11.36540632,11.44330957,78801997.54752003
2007-10-26,11.60189665,12.55620131,11.57129184,12.40317898,124906277.28384002
2007-10-29,12.50055645,13.23784778,12.40596065,12.58958778,122923913.74847999
2007-10-30,12.58958778,12.68696526,12.29745398,12.54785379,67614850.06847998
2007-10-31,12.79269053,13.57727892,12.60349865,13.36861172,111312455.45471999
2007-11-01,13.10708272,13.62735933,13.07925959,13.13212279,80266125.58847998
2007-11-02,12.85389985,13.32131438,12.52003205,12.65636185,65221632.55296
2007-11-06,11.99140792,12.34753411,11.85786119,12.08878678,37350734.65343999
2007-11-07,12.22789825,12.40874232,11.87455484,12.40874232,35091363.04128001
2007-11-08,12.31136485,12.32527572,11.76882985,11.82725639,48224313.4464
2007-11-09,11.73544338,12.13330245,11.62971838,11.76882985,37964321.74079998
2007-11-13,11.79665298,11.93576445,11.05101524,11.12891738,76825427.92704
2007-11-14,11.43496205,11.49060692,10.95085498,11.40435864,70473388.67712002
2007-11-15,11.32367371,11.55181624,11.0760553,11.26802885,59527073.24927999
2007-11-16,11.10109564,11.12891738,10.66984898,10.73940471,63808549.90848
2007-11-20,10.40831998,10.87851618,10.26364377,10.87851618,58785355.10015998
2007-11-21,10.23860371,10.58638238,9.98263917,9.99376725,42914312.66303998
2007-11-22,9.98263917,10.37771518,9.96038078,10.2914669,45293501.85984
2007-11-27,9.9882039,10.14957265,9.73780271,9.7600611,44475862.57919998
2007-11-28,9.7795367,9.84909244,9.34829004,9.51522464,75214946.02752002
2007-11-29,9.73780271,10.32207031,9.68772258,10.30815944,109613745.74591999
2007-11-30,10.29424858,10.30259499,10.01602564,10.03828403,53729064.52992001
2007-12-03,10.65593811,10.65593811,10.65593811,10.65593811,119872407.58272001
2007-12-04,10.79504958,11.03988604,10.65593811,10.70601852,82961863.09632002
2007-12-05,10.70601852,11.01762765,10.62811638,10.96198417,59637721.92767999
2007-12-06,11.00371678,11.11778818,10.78113871,10.91468572,43649270.04672
2007-12-07,10.92025018,11.14839298,10.92025018,11.07327251,47925876.51072
2007-12-10,10.78948512,10.94529024,10.71436465,10.88408092,109995069.45024005
2007-12-11,10.95920111,11.15395744,10.5641251,10.76722784,98572811.95008
2007-12-12,10.68376124,10.68376124,10.1662663,10.28868412,121058542.72512002
2007-12-13,10.23860371,10.37771518,10.17183076,10.20799919,71523593.25696
2007-12-14,10.16348352,10.3860627,10.01880731,10.37771518,66229367.59296
2007-12-17,10.2914669,10.2914669,9.82126931,9.82683405,54217352.81664
2007-12-18,9.7795367,10.08558137,9.72667351,9.9381235,45147209.10336002
2007-12-20,10.21356365,10.29981303,10.06054131,10.21078197,65403741.91103999
2007-12-21,10.12731537,10.37771518,10.08836305,10.22469284,104383289.08800001
2007-12-24,10.29703025,10.62811638,10.25251458,10.58638238,86028432.72192001
2007-12-25,10.61420551,10.73662304,10.51682664,10.58638238,66563337.18527998
2007-12-26,10.56690705,10.72549385,10.43614172,10.48900491,59274275.97312
2007-12-27,10.51682664,10.90077457,10.29424858,10.85069444,131986178.88768001
2007-12-28,10.82287271,10.92303185,10.73940471,10.73940471,94013558.04672003
2008-01-02,10.71158298,10.77835704,10.47509404,10.56690705,72073400.55552001
2008-01-03,10.57247151,10.5947299,10.15791878,10.39162605,99074618.17344002
2008-01-04,10.40553831,10.76722784,10.39997357,10.67541372,71419123.07712002
2008-01-07,10.62255164,11.06770806,10.57247151,10.89799179,113268933.27360001
2008-01-08,10.96754752,11.50173611,10.96476585,11.23742405,179684845.51679996
2008-01-09,11.23742405,11.46000239,11.23742405,11.43774511,69187247.40095998
2008-01-10,11.49060692,11.81891026,11.29863365,11.67145238,87950901.84191997
2008-01-11,11.65197677,12.38092058,11.62971838,12.26406751,128828416.20480005
2008-01-14,12.28354311,12.29745398,11.96636786,12.08878678,74965351.21919999
2008-01-15,12.08878678,12.24180912,11.68536325,11.69370966,63632604.67200003
2008-01-16,11.48782524,11.61580751,11.04823245,11.07327251,108269313.08544001
2008-01-17,10.99537037,11.50451778,10.82843605,11.37931858,86535472.15872002
2008-01-18,11.40714031,11.59911386,11.20681952,11.37931858,41544213.53472
2008-01-21,11.26802885,11.35149545,10.40553831,10.51682664,76153039.07327998
2008-01-22,10.23582204,10.62811638,9.71276264,9.96038078,95093292.90239997
2008-01-23,10.23860371,10.54743145,10.07167051,10.51126219,77511334.71743998
2008-01-24,10.70601852,10.70601852,10.07167051,10.40275524,65782003.32287999
2008-01-25,10.30259499,10.87017005,10.09949224,10.59751157,64286479.59552002
2008-01-28,10.43614172,10.46118178,9.8435277,9.85743857,43283599.25760001
2008-01-29,9.96038078,10.21078197,9.73223825,9.9381235,35537426.19648
2008-01-30,10.12731537,10.15513711,9.12849476,9.4456689,70201833.06240003
2008-01-31,9.46236144,9.6543361,9.23143697,9.26482344,56354962.36032001
2008-02-01,9.33437917,9.87134972,9.18135684,9.61260211,55882276.66943997
2008-02-04,9.98542084,10.57525318,9.98263917,10.5529959,89436929.58720003
2008-02-05,10.57247151,10.65593811,10.30815944,10.37771518,36216662.07743998
2008-02-13,10.15513711,10.28590217,10.01880731,10.12175063,16316871.96671999
2008-02-14,10.25251458,10.39162605,10.2413865,10.2914669,15627079.80288
2008-02-15,10.2302573,10.2302573,9.82683405,10.0327193,25125257.96352
2008-02-18,10.1968711,10.25251458,10.0215901,10.15235544,30145501.90080001
2008-02-19,10.22469284,10.39997357,10.06610577,10.37215072,39800698.03008
2008-02-20,10.29424858,10.3443287,9.62094963,9.67937617,144712570.42944002
2008-02-21,9.70998097,9.72389184,9.25925898,9.4567981,93032758.24127997
2008-02-22,9.35107311,9.37054843,8.8196673,8.96990796,81789418.41408
2008-02-25,8.91148031,9.06728543,8.50805734,8.54700827,75876429.95712002
2008-02-26,8.90035167,8.97268964,8.54700827,8.75011157,78191785.45152003
2008-02-27,8.79462724,9.23421892,8.79462724,9.12571197,66818452.74623998
2008-02-28,9.18135684,9.26482344,9.04224537,9.12571197,34621789.96224
2008-02-29,9.09789024,9.3009927,9.04224537,9.22309083,24658035.51743999
2008-03-03,9.1535351,9.33716196,8.86974687,9.18135684,123587967.55967999
2008-03-04,9.19805049,9.19805049,8.26322143,8.2771323,334450178.1504001
2008-03-05,8.33277717,8.43015464,7.87370877,8.1825365,110375739.00287998
2008-03-06,8.2103588,8.70837757,8.16027867,8.43015464,99079639.32672003
2008-03-07,8.2938254,8.61934651,8.17697177,8.26322143,50461691.90399998
2008-03-10,8.17418954,8.17975427,7.59548583,7.6511307,99239658.48575997
2008-03-11,7.52871233,7.72068643,7.38681863,7.509237,93988912.34303997
2008-03-12,7.75685513,7.78745994,7.17536976,7.205974,99786615.55199999
2008-03-13,7.09468483,7.3589969,7.03903996,7.25048939,91489060.91520002
2008-03-14,7.2337963,7.2337963,6.86654202,6.9305333,103077990.51264001
2008-03-17,6.88601763,7.17815143,6.81089744,6.96113782,74152492.27775998
2008-03-18,6.96113782,7.21988543,6.84428419,7.01121823,92743195.48415995
2008-03-19,7.2644011,7.573228,7.205974,7.51758369,117977254.68672004
2008-03-20,7.14476496,8.17697177,6.8470667,8.0684651,172245714.00192004
2008-03-21,7.99890937,8.1046338,7.75685513,7.88205573,100645254.32832
2008-03-24,7.92100667,7.99890937,7.37290776,7.37568999,64247715.71712001
2008-03-25,7.25605413,7.74294427,7.15311137,7.64834847,85549435.54559997
2008-03-26,7.70677556,8.06011813,7.6511307,7.76241987,83674971.09504
2008-03-27,7.6038328,7.8904027,7.51201923,7.65391293,76550540.45184
2008-03-28,7.53427707,8.21592353,7.32560986,8.0795943,166415799.21408004
2008-03-31,7.7763313,8.0795943,7.70955724,7.84588703,77876678.43071996
2008-04-01,7.79024217,8.11019854,7.51201923,7.7652021,108496558.90944
2008-04-02,7.94882924,8.33555884,7.79024217,8.04064281,156705852.02687997
2008-04-03,7.92935363,8.1519317,7.72068643,8.14080306,84018368.37887995
2008-04-07,8.06011813,8.44406606,7.95161147,8.34668803,91929538.62144002
2008-04-08,8.37451033,8.37451033,8.04620726,8.25487447,72495907.06176002
2008-04-09,8.0990699,8.17975427,7.69286414,7.71512197,94578982.31807998
2008-04-10,7.71512197,7.84588703,7.5259301,7.80415303,64954235.47391998
2008-04-11,7.95717593,8.03507807,7.79302439,7.92935363,43951441.39776001
2008-04-14,7.7345973,7.79024217,7.13641827,7.13641827,79942126.41791998
2008-04-15,7.09468483,7.1392005,6.769164,7.12250712,60504465.71519997
2008-04-16,7.05851613,7.1864984,6.91105769,6.91383992,54358207.48800002
2008-04-17,6.85819533,7.12250712,6.33791873,6.44642539,90293494.48704
2008-04-18,6.33791873,6.54380342,6.12368679,6.36017656,56583933.41952
2008-04-21,6.8999285,6.8999285,6.19046029,6.23497596,101361115.51487997
2008-04-22,6.17654942,6.62170556,5.98179309,6.55214983,86107351.44960003
2008-04-23,6.51041667,6.98896039,6.46033626,6.95279113,88159953.62303998
2008-04-24,7.63721983,7.64834847,7.40073006,7.64834847,177751856.05632
2008-04-25,7.67895299,8.051772,7.51758369,7.7763313,140855573.51424003
2008-04-28,7.62609063,7.83197561,7.53984152,7.74850873,72139117.63967998
2008-04-29,7.70677556,7.86814487,7.64556624,7.7763313,54205157.56032002
2008-04-30,7.79024217,8.34112358,7.79024217,8.2409636,110975639.22432001
2008-05-05,8.29104317,8.38842147,8.05455423,8.2409636,85292893.07136002
2008-05-06,8.09628739,8.16584313,7.93213586,7.98778017,68492610.20160004
2008-05-07,7.9543937,8.0851582,7.4786322,7.48141443,108619683.19487998
2008-05-08,7.66504157,7.66504157,7.66504157,7.66504157,64508607.22176002
2008-05-09,7.67617076,7.74850873,7.17258753,7.25883636,116173711.77983999
2008-05-12,7.47028579,7.47028579,7.47028579,7.47028579,78472743.59808002
2008-05-13,7.2337963,7.4313343,7.205974,7.27552974,68848824.54528
2008-05-14,7.25883636,7.78745994,7.25605413,7.75963736,79578561.85343999
2008-05-15,7.8597979,7.92378917,7.56209936,7.56209936,55546678.8864
2008-05-16,7.56209936,7.79024217,7.56209936,7.72068643,59562861.09696001
2008-05-19,7.6511307,7.83754006,7.5676641,7.79024217,46819529.90207998
2008-05-20,7.79024217,7.8959666,7.23657853,7.28387642,54836891.96543999
2008-05-21,7.18093366,7.43968127,7.06686254,7.34508547,50619482.63423998
2008-05-22,7.26161859,7.38681863,7.1085957,7.1392005,53379531.87839999
2008-05-23,7.15032969,7.26161859,6.9778312,7.09468483,41568780.16512002
2008-05-26,6.95557336,7.02234687,6.73021306,6.91105769,47275171.70687999
2008-05-27,6.92218633,7.03903996,6.85819533,6.96113782,21006927.45216
2008-05-28,6.96948423,7.34508547,6.9500089,7.2810942,45359060.79743998
2008-05-29,7.22823184,7.26161859,6.9305333,6.94166249,28260251.13600002
2008-05-30,7.01678213,7.11416043,6.93331553,7.01956464,29233237.06368
2008-06-02,7.01956464,7.2532719,6.91105769,7.19762759,52561802.74176
2008-06-03,7.14476496,7.26161859,7.01956464,7.07520922,28912465.52064
2008-06-04,7.0612978,7.14198273,6.84428419,7.11972489,34758410.61887999
2008-06-05,7.02234687,7.12250712,6.92218633,7.0139999,28399890.95424001
2008-06-06,7.03903996,7.07520922,6.85819533,6.88601763,27438431.75424001
2008-06-10,6.48259409,6.48259409,6.19880726,6.19880726,62996751.26783998
2008-06-11,6.07917112,6.17098469,5.88719729,5.89832649,68273537.67936002
2008-06-13,5.87050392,5.9539708,5.7453036,5.89276175,51364611.71712001
2008-06-16,5.91223736,6.14872685,5.80929459,6.00405093,38197084.72320002
2008-06-17,5.96788222,6.08751753,5.81485933,5.89832649,40178398.74047999
2008-06-18,5.84546385,6.19880726,5.7453036,6.14316239,64020369.25439998
2008-06-19,6.11255759,6.162638,5.57558789,5.62010355,55203001.25183998
2008-06-20,5.55611172,6.162638,5.5366364,5.84268162,71557893.08928
2008-06-23,5.89276175,6.09029976,5.84268162,5.96788222,45912063.37536002
2008-06-24,5.81485933,6.10142895,5.75921502,5.99570396,62379587.91168002
2008-06-25,5.90110816,6.17098469,5.80094818,6.09308226,122198995.07712002
2008-06-26,6.02074402,6.20437116,5.92893046,6.00961538,93043817.71776003
2008-06-27,5.80094818,5.80094818,5.40865412,5.40865412,163897836.41087997
2008-06-30,5.29458272,5.48099209,5.29180021,5.37804932,67388258.39615999
2008-07-01,5.38083155,5.41978276,5.12208422,5.21668002,78976170.82367997
2008-07-02,5.18885773,5.27510656,5.13877732,5.20276915,37713454.57152
2008-07-03,5.14712429,5.41143635,4.94402155,5.27510656,60414807.39839998
2008-07-04,5.34188062,5.37526709,5.28345353,5.29458272,52507806.47423999
2008-07-07,5.3279692,5.67574786,5.31684056,5.66461922,61797921.26975998
2008-07-08,5.69244096,5.72861022,5.56445869,5.61453882,43762830.05952
2008-07-09,5.67574786,6.05413105,5.67296536,5.92336655,83658146.45760003
2008-07-10,5.81485933,6.10977536,5.77590812,5.91223736,58455044.44415997
2008-07-11,5.91223736,5.96788222,5.71469935,5.81485933,33866773.12512
2008-07-14,5.67574786,5.94005965,5.65905449,5.88441506,33234506.77247999
2008-07-15,5.89832649,5.91223736,5.49768519,5.52272525,54168654.45887998
2008-07-16,5.45316952,5.45316952,5.06922159,5.23059089,53997608.17152001
2008-07-17,5.35579149,5.38083155,5.13599509,5.18885773,36267150.36671999
2008-07-18,5.31405805,5.39752493,5.14990652,5.39474242,59032139.2128
2008-07-21,5.31684056,5.56167646,5.28901798,5.53385389,46535825.75616002
2008-07-22,5.5366364,5.63679665,5.50881382,5.54776559,23523042.816
2008-07-23,5.60619213,5.70357016,5.46151593,5.49490296,31023452.52864
2008-07-24,5.56167646,5.80373069,5.31405805,5.78703676,73725521.72543998
2008-07-25,5.67853009,5.95953526,5.63401442,5.86493946,80336019.17952003
2008-07-28,5.93727742,6.15707326,5.91223736,6.06525969,97809161.74847998
2008-07-29,5.92893046,5.99570396,5.84268162,5.91223736,38017811.22048
2008-07-30,6.01796179,6.06525969,5.88997952,5.99014006,38578807.38816002
2008-07-31,5.94284216,5.99570396,5.78703676,5.78703676,37081134.30528001
2008-08-01,5.77869035,6.20437116,5.73139245,6.08751753,50920787.77343999
2008-08-04,6.00405093,6.15150936,5.96788222,5.96788222,48956456.54016
2008-08-05,6.03743796,6.11812233,5.82598853,5.84268162,49462198.45631998
2008-08-06,5.90110816,6.00405093,5.66183672,5.80094818,37263247.25759998
2008-08-07,5.76199669,5.89276175,5.70357016,5.82877076,26925990.17471999
2008-08-08,5.82042379,5.82042379,5.55054782,5.56445869,33438490.67519999
2008-08-11,5.56445869,5.75365028,5.33909839,5.36970236,35723050.72128001
2008-08-12,5.34744452,5.45316952,5.31684056,5.36970236,27786339.80928001
2008-08-13,5.35300926,5.41978276,5.19720442,5.36692068,25305088.57343999
2008-08-14,5.30014662,5.42534722,5.24450231,5.36692068,11512239.29856
2008-08-15,5.37248459,5.53385389,5.25563095,5.45316952,26171785.63583999
2008-08-18,5.45595202,5.50046741,5.28623575,5.29458272,27822860.88192
2008-08-19,5.27232489,5.48099209,5.20276915,5.35579149,15931033.89696
2008-08-20,5.31962279,5.86493946,5.30014662,5.80094818,63110250.17856
2008-08-21,5.83989939,5.83989939,5.56445869,5.62288523,29944799.53919999
2008-08-22,5.60619213,5.67018313,5.43369419,5.5366364,23078550.34368
2008-08-25,5.57280566,5.68965929,5.45038729,5.60340962,28752489.49248
2008-08-26,5.53385389,5.66183672,5.48099209,5.56724092,28952304.07680001
2008-08-27,5.55054782,5.65905449,5.4893385,5.55332949,24412261.38624
2008-08-28,5.56167646,5.69522319,5.51994302,5.58393429,26114716.29311999
2008-08-29,5.61732133,5.72861022,5.52550776,5.62010355,55002647.53151998
2008-09-01,5.59228098,5.59228098,5.27510656,5.27510656,39654696.40704002
2008-09-02,5.25563095,5.30571136,5.14712429,5.20555083,39917931.35616001
2008-09-03,5.19720442,5.21668002,4.99410195,5.05809295,30847514.48064
2008-09-04,5.05531072,5.14155983,4.98575499,5.09147942,18829579.99104
2008-09-05,4.98575499,5.14712429,4.91341702,5.07478632,38190223.31904
2008-09-08,5.17494658,5.17494658,4.86890135,4.91898148,22180899.68639999
2008-09-09,4.95236796,4.97740802,4.83551432,4.84942575,28293839.30880001
2008-09-10,4.82995042,4.91898148,4.69918509,4.78543475,22358512.65024001
2008-09-11,4.78265252,4.78265252,4.45713141,4.47938925,33833756.43648
2008-09-16,4.36810007,4.36810007,4.00362803,4.00362803,100219602.86208001
2008-09-17,3.87564548,3.93407229,3.602987,3.63637375,107140775.63904001
2008-09-18,3.48056891,3.88955662,3.44996439,3.70036503,104302116.77184002
2008-09-19,4.07040153,4.07040153,4.03423255,4.07040153,40028202.63936
2008-09-22,4.47382479,4.47660702,4.19560185,4.47660702,216900663.18336
2008-09-23,4.28463319,4.40983351,4.16777956,4.19838408,73939601.84832002
2008-09-24,4.08987714,4.12882835,3.99806357,4.08987714,70334291.58912003
2008-09-25,4.11213497,4.35975338,4.08431268,4.25959313,88490562.60096003
2008-09-26,4.31523771,4.33749555,4.0008458,4.17056179,90944432.91647997
2008-10-06,4.11213497,4.11213497,3.75322739,3.86729879,106661843.15904
2008-10-07,3.71427618,3.98971688,3.67254274,3.89233885,68609049.20064
2008-10-08,3.70036503,3.7643563,3.54734241,3.67254274,107987204.78208005
2008-10-09,3.78383191,3.7921786,3.57794694,3.61411592,56995215.11423998
2008-10-10,3.44996439,3.4889156,3.33311075,3.35258636,57096802.71360002
2008-10-13,3.3943198,3.68923611,3.36649751,3.68923611,183709797.67295998
2008-10-14,3.85616987,3.91737892,3.65306713,3.66697828,181184229.45792007
2008-10-16,3.49169783,3.5556891,3.38875534,3.44718216,92945802.79296008
2008-10-17,3.48613337,3.58907585,3.44439993,3.58907585,67679510.44608
2008-10-20,3.5556891,3.84225873,3.50560897,3.77826745,54638493.51168001
2008-10-21,3.78383191,3.85616987,3.69480057,3.69480057,54098947.76832
2008-10-22,3.62524484,3.78383191,3.61689815,3.65863159,49233159.10656001
2008-10-23,3.56125356,3.56125356,3.30807069,3.4889156,128560749.55775997
2008-10-24,3.49448006,3.52230235,3.29694177,3.3470219,103424601.04704
2008-10-27,3.2524261,3.25520833,3.01315438,3.01315438,110182505.472
2008-10-28,2.92134081,3.26911948,2.89630075,3.19678152,150540504.79104
2008-10-29,3.24129719,3.24129719,3.06045228,3.06601674,101457908.39808
2008-10-30,3.06045228,3.21625712,3.03262999,3.14670139,122930174.91455999
2008-10-31,3.14670139,3.16840278,3.00202546,3.02734375,67476174.336
2008-11-03,2.98394097,3.1286169,2.95138889,3.03819444,55843776.0
2008-11-04,3.00564236,3.05989583,2.89351852,3.02010995,53989941.65759998
2008-11-05,3.05627894,3.30946181,3.04542824,3.20095486,130670621.79840001
2008-11-06,3.07436343,3.1322338,3.02372685,3.04904514,64590665.93279998
2008-11-07,2.98755787,3.25159144,2.96947338,3.17925347,88181797.47840002
2008-11-10,3.28776042,3.49392361,3.25520833,3.49030671,156445837.51679993
2008-11-11,3.44690394,3.57349537,3.39988426,3.4432874,142387294.00320008
2008-11-12,3.38903356,3.57711227,3.37456597,3.53732639,100835197.74719998
2008-11-13,3.47222222,3.77965856,3.43243634,3.7181713,179390171.75039992
2008-11-14,3.76157407,3.88816551,3.67476852,3.84114583,190385786.88
2008-11-17,3.83391204,3.99667245,3.76880787,3.98220486,180196965.2736
2008-11-18,3.93518519,4.1051794,3.59519676,3.65306713,200891778.04800007
2008-11-19,3.65668403,3.98943866,3.62774884,3.96412037,150864768.0
2008-11-20,3.86284722,3.94965278,3.75795718,3.80497685,169023109.0176
2008-11-21,3.65306713,3.86284722,3.56264468,3.70008681,151115139.9936
2008-11-24,3.7037037,3.7073206,3.5192419,3.53732639,124721969.3568
2008-11-25,3.62413194,3.64945023,3.42881944,3.49392361,102556686.6432
2008-11-26,3.50115741,3.50477431,3.36371528,3.43605324,86721535.18079998
2008-11-27,3.65306713,3.68200231,3.41796875,3.42158565,230599830.52800012
2008-11-28,3.37456597,3.37456597,3.18287037,3.25159144,136896802.09919998
2008-12-01,3.20818866,3.3130787,3.20818866,3.29861111,88089486.336
2008-12-02,3.21542245,3.3203125,3.17925347,3.29861111,94250273.5872
2008-12-03,3.35286495,3.49392361,3.34201389,3.49030671,238850740.22400004
2008-12-04,3.60966435,3.77965856,3.58072917,3.61689815,324634162.176
2008-12-05,3.60243056,3.74710648,3.59881366,3.72902199,185876868.09599996
2008-12-08,3.83391204,3.96773727,3.80135995,3.92433449,241596131.32800013
2008-12-09,3.97858796,3.98220486,3.76157407,3.76880787,191055946.75199997
2008-12-10,3.77604167,4.0979456,3.77604167,4.06539352,281252210.6880001
2008-12-11,3.98582176,4.09071181,3.90625,3.9134838,186651730.944
2008-12-12,3.85199653,3.88454861,3.64945023,3.70008681,135834994.48320007
2008-12-15,3.80135995,3.83029514,3.54456019,3.69646991,154549168.12800002
2008-12-16,3.63859954,3.69285301,3.52647569,3.67115162,111514301.33760002
2008-12-17,3.69285301,3.7181713,3.58072917,3.62413194,143242208.8704
2008-12-18,3.62413194,3.85199653,3.57349537,3.83391204,172342135.29599997
2008-12-19,3.79412616,3.91710069,3.77242477,3.80859375,152364895.94880003
2008-12-22,3.79774306,3.82667824,3.67838542,3.72540509,94158601.1136
2008-12-23,3.72902199,3.83752894,3.60966435,3.68200231,139813773.9264
2008-12-24,3.59881366,3.75072338,3.58796296,3.66030093,95671737.44639996
2008-12-25,3.7145544,3.7145544,3.49754051,3.54456019,67380617.3184
2008-12-26,3.52647569,3.57711227,3.49030671,3.515625,73510886.70720002
2008-12-29,3.47222222,3.47945602,3.3275463,3.42520255,76842257.81759998
2008-12-30,3.42158565,3.48307292,3.37818287,3.43605324,90462323.40480001
2008-12-31,3.45413773,3.47222222,3.36371528,3.42158565,64215866.87999998
2009-01-05,3.46137153,3.5228588,3.43967014,3.5120081,94231898.72639997
2009-01-06,3.54456019,3.77242477,3.5192419,3.72540509,175656135.16800004
2009-01-07,3.68923611,3.76157407,3.61328125,3.61328125,169194797.56800002
2009-01-08,3.52647569,3.53009259,3.43605324,3.47222222,108538433.74080005
2009-01-09,3.47222222,3.59157986,3.47222222,3.56264468,167120346.0096
2009-01-12,3.53732639,3.64583333,3.49754051,3.56626157,114872023.75680001
2009-01-13,3.21180556,3.48307292,3.21180556,3.42520255,478506120.19200003
2009-01-14,3.36371528,3.7073206,3.36371528,3.68923611,211596973.056
2009-01-15,3.62051505,3.83391204,3.60604745,3.72540509,247453553.6640001
2009-01-16,3.73987269,3.95688657,3.73987269,3.84114583,183685114.36800003
2009-01-19,3.85199653,4.1051794,3.85199653,4.01837384,258877845.504
2009-01-20,4.00390625,4.12326389,3.98582176,4.1087963,130768053.35040002
2009-01-21,4.03284144,4.41261574,3.97858796,4.26432292,227945567.23199987
2009-01-22,4.26793981,4.34027778,4.12326389,4.26432292,129782371.7376
2009-01-23,4.18836806,4.31495949,4.18836806,4.21006944,95582603.0592
2009-02-02,4.25347222,4.33666088,4.16304977,4.21730324,91169105.81759998
2009-02-03,4.21730324,4.36197917,4.19560185,4.32219329,101921664.61440003
2009-02-04,4.34751157,4.75622106,4.34751157,4.71643519,149562312.19199997
2009-02-05,4.72728588,4.77430556,4.56814236,4.62962963,103245503.38559997
2009-02-06,4.63686343,4.86111111,4.63686343,4.77068866,89772508.56959997
2009-02-09,4.86472801,5.078125,4.86472801,4.97323495,131129689.1904
2009-02-10,4.92259838,4.99131944,4.76707176,4.94068287,147558935.34719998
2009-02-11,4.8755787,5.16131366,4.72366898,4.99131944,227319948.2880001
2009-02-12,5.01663773,5.01663773,4.66218171,4.80324074,154816889.24159998
2009-02-13,4.75983796,4.95515046,4.69835069,4.92259838,141823205.68320006
2009-02-16,4.94791667,5.20833333,4.94791667,5.19024884,191271545.856
2009-02-17,5.19024884,5.45066551,5.02025463,5.19386574,201098170.3680001
2009-02-18,5.13237847,5.38556134,4.95515046,5.06365741,270252426.24
2009-02-19,5.06365741,5.13599537,4.70196759,4.86472801,175491690.39360002
2009-02-20,4.81047454,4.94791667,4.73813657,4.92983218,112922709.8112
2009-02-23,4.8755787,5.42173032,4.85026042,5.42173032,191701721.08800006
2009-02-25,5.20833333,5.77980324,4.99855324,5.47960069,396645396.48000014
2009-02-26,5.34939236,5.50853588,4.93344907,4.99131944,240852151.296
2009-03-02,4.77430556,5.13599537,4.6947338,5.06365741,163892312.064
2009-03-03,4.85026042,5.04918981,4.82855903,4.8864294,81739194.16319998
2009-03-04,4.91174769,5.37471065,4.91174769,5.36385995,187724196.86400005
2009-03-05,5.40002894,5.69661458,5.31322338,5.47960069,252465804.2880001
2009-03-06,5.33492477,5.55193866,5.32407407,5.42173032,125631389.4912
2009-03-09,5.53023727,5.6712963,5.24811921,5.30960648,155210864.9472001
2009-03-10,5.22641782,5.37109375,5.17939815,5.37109375,69500389.4784
2009-03-11,5.57002315,5.60257523,5.29875579,5.30237269,124747847.88480008
2009-03-12,5.30237269,5.49045139,5.21556713,5.46875,96196667.90400003
2009-03-13,5.49045139,5.51938657,5.34939236,5.36024306,74252104.70400003
2009-03-16,5.31684028,5.56640625,5.23726852,5.51576968,114919307.3664
2009-03-17,5.47960069,5.80512117,5.43981481,5.74725116,182504710.656
2009-03-18,5.78703704,5.81597222,5.6640625,5.68214699,148686716.62080002
2009-03-19,5.68938079,5.77256944,5.52662037,5.71108218,157733332.99199998
2009-03-20,5.60619213,5.6676794,5.42534722,5.54470486,176221882.36800003
2009-03-23,5.4651331,5.6568287,5.4651331,5.64236111,196640151.552
2009-03-24,5.73278356,5.85937536,5.6604456,5.6676794,233062907.90399998
2009-03-25,5.62427662,5.80512117,5.60980903,5.71469907,134963244.74880004
2009-03-26,5.73278356,6.00405093,5.67853009,5.97511574,198243818.496
2009-03-27,5.96788194,6.02213542,5.87022569,5.92086263,107150180.65919994
2009-03-30,5.93171296,5.96064815,5.72554977,5.80150499,112186623.2832
2009-03-31,5.67853009,5.81958912,5.62065972,5.76533565,89427038.5152
2009-04-01,5.78703704,5.96788194,5.77980324,5.85937536,111487521.48480003
2009-04-02,5.87022569,6.09447338,5.87022569,6.04383644,156447197.79839998
2009-04-03,6.08000543,6.23553241,6.00405093,6.0583044,168018223.10400003
2009-04-07,6.0583044,6.22106518,5.95703089,6.02213542,90352168.24319997
2009-04-08,5.98596607,6.11255787,5.79065394,5.80873806,123918233.70240006
2009-04-09,5.80873806,5.93171296,5.79788809,5.91362847,85149121.53599998
2009-04-10,5.96788194,6.01490126,5.87745949,6.00766819,91138983.32159998
2009-04-13,6.03298611,6.09447338,5.96788194,6.0546875,92307606.2208
2009-04-14,6.01128508,6.0619213,5.96064815,6.02575231,73260771.84000003
2009-04-15,5.99681713,6.01490126,5.78703704,5.89554362,117331971.37919998
2009-04-16,5.88831055,5.94979782,5.76533565,5.91362847,111786020.352
2009-04-17,5.86660843,5.86660843,5.73278356,5.74363426,115209979.08480003
2009-04-20,5.73278356,5.8521412,5.68938079,5.83767325,88646964.01919998
2009-04-21,5.76895255,5.78342014,5.58810764,5.71108218,97685053.74719998
2009-04-22,5.72554977,5.81235532,5.49768519,5.52300347,97223970.81599995
2009-04-23,5.51576968,5.57725694,5.42534722,5.50130208,60926274.66240002
2009-04-24,5.58087384,5.77256944,5.52300347,5.54470486,94031577.9072
2009-04-27,5.47960069,5.58810764,5.42896412,5.47960069,57138744.72959998
2009-04-28,5.49045139,5.68576389,5.49045139,5.64236111,103933526.63040002
2009-04-29,5.64597801,6.12340856,5.63874421,5.97149884,162319212.74880004
2009-04-30,5.93171296,6.01128508,5.82682328,5.90277778,94626416.3328
2009-05-04,5.94256366,6.11617477,5.88107639,6.0619213,106106911.02719997
2009-05-05,6.09809064,6.22106518,6.04022027,6.06915545,86823473.3568
2009-05-06,6.04383644,6.27531829,6.01128508,6.23914931,130302115.43040001
2009-05-07,6.23553241,6.53211769,6.22829825,6.49233254,168684354.6624
2009-05-08,6.39467593,6.61169018,6.35850694,6.57552083,160343470.07999995
2009-05-11,6.58275499,6.94444481,6.369358,6.38382523,186150776.83199996
2009-05-12,6.35850694,6.51041667,6.30787073,6.47424769,57238653.54240002
2009-05-13,6.50679977,6.58275499,6.38744213,6.4525463,64671898.52159999
2009-05-14,6.43446217,6.43807834,6.23914931,6.30063657,87096151.75680003
2009-05-15,6.35850694,6.38382523,6.26085033,6.32957176,40463298.66240002
2009-05-19,6.4453125,6.57552083,6.4453125,6.47063043,80764074.0864
2009-05-20,6.48148148,6.49956561,6.35127279,6.36574074,38823584.25600002
2009-05-21,6.34765589,6.3729749,6.10532371,6.13064272,70292399.616
2009-05-22,6.10532371,6.25000036,6.03298611,6.18489583,64707589.32479999
2009-05-25,6.09447338,6.3151038,6.00405093,6.21021412,81715126.5792
2009-05-26,6.22468135,6.27531829,6.11979167,6.18127894,48302161.92
2009-05-27,6.2427662,6.45616319,6.2427662,6.4525463,96247031.5008
2009-06-01,6.54296875,6.69126157,6.49594871,6.61892325,83009119.33440001
2009-06-02,6.67317745,6.75274884,6.62615741,6.68402778,119703915.41759999
2009-06-03,6.68402778,7.25188043,6.68402778,7.21932834,178854140.62080008
2009-06-04,7.16145797,7.55208297,7.12528971,7.37123806,170991665.97119996
2009-06-05,7.32421875,7.45081019,7.17954282,7.2337963,96361184.5632
2009-06-15,7.95717593,7.95717593,7.59548611,7.95717593,524311676.0063999
2009-06-16,7.77633102,8.26099537,7.74016204,8.17057292,414656246.4767999
2009-06-17,8.10546875,8.13802083,7.84866934,8.02951425,180327010.4064
2009-06-18,7.97526005,8.17418981,7.86675347,7.92824074,185508922.9824
2009-06-19,7.90292245,8.10185185,7.82335033,7.98249421,160323596.6976
2009-06-22,7.99334491,8.10908565,7.8125,7.98972801,183330094.69439995
2009-06-23,7.84866934,8.18865705,7.78356481,7.99334491,172716409.03679994
2009-06-24,7.91377279,7.91738968,7.62803819,7.74739583,181690886.2464
2009-06-25,7.74016204,7.87398727,7.68590856,7.73292788,106034404.14719997
2009-06-26,7.77271412,7.84866934,7.72569481,7.8125,94327649.27999996
2009-06-30,7.95717593,8.02951425,7.81611726,7.89207176,113913340.41599993
2009-07-01,7.8848376,8.45992441,7.79803205,8.40928819,220791235.2768
2009-07-02,8.39120407,8.55396412,8.31886574,8.42375615,135317324.39039996
2009-07-03,8.30439779,8.57566515,8.28631366,8.53587963,104070812.77440003
2009-07-06,8.53949689,8.87225152,8.46715856,8.63715242,97313829.5808
2009-07-07,8.60098416,8.60098416,8.17418981,8.24291124,143016623.30880004
2009-07-08,8.10185185,8.25737847,7.97887695,8.16695602,103837964.08320001
2009-07-09,8.16333912,8.23567708,8.0150463,8.1958912,88361136.23040003
2009-07-10,8.203125,8.34418403,8.13802083,8.23929434,81499156.99200001
2009-07-13,8.19227431,8.19227431,8.00419524,8.00419524,77214234.0096
2009-07-14,8.04759838,8.28993056,8.04759838,8.26461227,80031529.2672
2009-07-15,8.28631366,8.43460648,8.23567708,8.31163194,77658341.0688
2009-07-16,8.41290509,8.62991934,8.29354745,8.52141168,150922809.4464
2009-07-17,8.52141168,8.5901331,8.31886574,8.48885959,78573882.47039998
2009-07-20,8.48885959,8.56481481,8.30078161,8.56481481,104376563.71200001
2009-07-21,8.50694444,8.67693866,8.29716471,8.30078161,129834999.70559998
2009-07-22,8.26822953,8.40928819,8.21035916,8.34780093,115295676.82559998
2009-07-23,8.33694987,8.5141786,8.15610496,8.37673611,150442074.31679994
2009-07-24,8.43822338,8.45992441,8.13802083,8.21035916,123940175.15519993
2009-07-27,8.25376157,8.5141786,8.24652742,8.35503472,105577371.64799996
2009-07-28,8.38396991,8.63715242,8.24652742,8.35503472,166794904.1664
2009-07-29,8.42737232,9.1145837,8.23567708,8.60821723,377411418.3168
2009-07-30,8.81076425,9.46903935,8.81076425,9.46903935,517492482.048
2009-08-03,9.34968171,9.35691587,9.00969329,9.34968171,275093179.0848
2009-08-04,9.26649342,9.28819444,8.87948459,9.05671332,190092303.35999992
2009-08-05,8.99160916,9.31351273,8.93373879,9.10011574,128952096.768
2009-08-06,8.94458912,8.95182292,8.51779478,8.67693866,134198545.30559997
2009-08-07,8.68417245,8.87948459,8.48162652,8.5105617,89568731.75040004
2009-08-10,8.63715242,8.71310764,8.14163773,8.30439779,127234050.04800001
2009-08-11,8.33694987,8.43098922,8.13802083,8.34780093,67787457.6384
2009-08-12,8.30801468,8.48524269,8.0150463,8.09100152,100829245.13280001
2009-08-13,8.07653356,8.43460648,7.98972801,8.41652199,106729192.85759999
2009-08-14,8.35503472,8.47439236,8.06568251,8.21035916,84802175.07840002
2009-08-17,8.06206633,8.35503472,7.66059028,7.67144061,123275378.99519996
2009-08-18,7.68590856,7.83058449,7.56293403,7.75462999,77821267.968
2009-08-19,7.8052662,7.9354749,7.39655707,7.51591471,77832816.53759997
2009-08-20,7.52676468,7.80164931,7.4182581,7.79803205,95218000.58880001
2009-08-21,7.81973416,8.13802083,7.79441515,7.98249421,130952202.85440001
2009-08-24,8.03313043,8.10185185,7.86675347,7.92824074,80200240.12799998
2009-08-25,7.91738968,7.91738968,7.13614005,7.35677083,152157099.11040002
2009-08-26,7.2337963,7.55208297,7.05295139,7.45804434,100609208.52480003
2009-08-27,7.34230288,7.5484668,7.26634838,7.28443251,80386991.30880003
2009-08-28,7.27358254,7.34591978,6.90104167,6.92997685,103845641.93280002
2009-08-31,6.85040545,6.86487269,6.52488462,6.57913809,99630380.85119998
2009-09-01,6.57913809,6.96976273,6.57913809,6.87210648,99972049.30559997
2009-09-02,6.75636574,7.2337963,6.69126157,7.17592593,115501408.35840002
2009-09-03,7.19039316,7.5484668,7.10720486,7.46889468,109037220.24959998
2009-09-04,7.51953161,7.65335648,7.44357639,7.49782986,79812880.5888
2009-09-07,7.54123264,7.66059028,7.45081019,7.52676468,74707356.67200002
2009-09-08,7.46889468,7.59548611,7.40740741,7.58101816,92769579.41759998
2009-09-09,7.60995407,7.66782444,7.4146412,7.58101816,57725208.576
2009-09-10,7.53399884,7.59186921,7.43272533,7.48697953,64571229.3888
2009-09-11,7.42549226,7.94994213,7.42549226,7.8848376,124918173.3888
2009-09-14,7.8848376,8.01866319,7.79079897,7.94994213,81079678.7712
2009-09-15,7.95717593,8.02951425,7.8125,7.91738968,57338075.75040001
2009-09-16,7.81973416,7.87398727,7.58101816,7.69675962,78170000.48640002
2009-09-17,7.72207755,7.83781829,7.72207755,7.77271412,60835652.81279999
2009-09-18,7.81611726,7.82335033,7.26996528,7.4146412,150544952.52480006
2009-09-21,7.32060185,7.4146412,7.04571759,7.38932292,114302557.90080002
2009-09-22,7.26996528,7.38932292,7.11082176,7.13252279,97869333.19680002
2009-09-23,7.13614005,7.2301794,6.99146412,7.05656829,68815495.9872
2009-09-24,7.05656829,7.50506366,6.99146412,7.34953704,133169528.21760002
2009-09-25,7.2337963,7.33506981,7.11805556,7.28804977,58577889.4848
2009-09-28,7.28804977,7.34953704,6.99146412,7.03125036,40327259.44320001
2009-09-29,7.05295139,7.20847801,6.98061306,7.13975694,51967581.69600002
2009-09-30,7.19039316,7.31336769,7.17592593,7.23741319,50463812.50559999
2009-10-09,7.4146412,7.66782444,7.31336769,7.61357024,71183461.4784
2009-10-12,7.66782444,7.77271412,7.55931713,7.59186921,66626966.01599998
2009-10-13,7.54123264,7.66782444,7.50506366,7.63888925,35102423.34720001
2009-10-14,7.64973958,7.85228552,7.60633717,7.67867477,80373159.01440002
2009-10-15,7.75824689,7.91015661,7.68229167,7.74739583,67781035.00799999
2009-10-16,7.75462999,7.83781829,7.54123264,7.70760959,54056280.26880002
2009-10-19,7.71846065,7.98249421,7.59548611,7.97526005,96329245.59360005
2009-10-20,8.02951425,8.13802083,7.96079282,8.09823459,82665626.11200002
2009-10-21,8.09823459,8.34056677,8.04398148,8.18142397,80178796.33919998
2009-10-22,8.13802083,8.21397533,8.03313043,8.04036458,61796940.5952
2009-10-23,8.09823459,8.34056677,8.06929941,8.25014431,68956503.55200002
2009-10-26,8.31163194,8.35865198,8.16333912,8.25014431,44896564.22399999
2009-10-27,8.203125,8.203125,7.91377279,7.95717593,61967185.92
2009-10-28,7.92824074,7.99334491,7.75101273,7.91377279,45645277.59360002
2009-10-29,7.8125,8.17780707,7.77633102,8.03313043,103162147.43040001
2009-10-30,8.24652742,8.30439779,8.04036458,8.13078704,71996882.2272
2009-11-02,7.92100694,8.94458912,7.8848376,8.94458912,210916124.4672001
2009-11-03,8.86140046,9.12905093,8.83969944,9.02054434,149030082.6624
2009-11-04,8.93373879,9.45818866,8.93373879,9.1869213,137999702.9376
2009-11-05,9.17968714,9.20862232,8.9879919,9.0603295,79988959.64160004
2009-11-06,9.18330404,9.2918117,8.97352394,9.07841435,83766530.76480003
2009-11-09,9.00969329,9.1145837,8.78182907,8.99160916,90676180.68480003
2009-11-10,9.04947917,9.40755208,9.04224537,9.33159686,138816966.75840002
2009-11-11,9.22670718,9.30627894,9.15075195,9.25564236,53109626.57279999
2009-11-12,9.26287652,9.3677662,9.0639464,9.10011574,58900953.6
2009-11-13,9.09649884,9.1869213,8.96990705,9.1869213,62617317.5808
2009-11-16,9.2447913,9.52329282,9.19777199,9.48350658,93885795.5328
2009-11-17,9.49797454,9.66796875,9.26287652,9.41478624,93935998.77119999
2009-11-18,9.42563621,9.47627351,9.27372649,9.33521376,50302632.96000002
2009-11-19,9.38585106,9.47627351,9.25925926,9.38585106,54668724.9408
2009-11-20,9.31351273,9.38946723,9.21585648,9.26287652,73622189.26079997
2009-11-23,9.26649342,9.30627894,9.15075195,9.24117441,69854610.1248
2009-11-24,9.31351273,9.46542245,9.04586227,9.09649884,102915798.2208
2009-11-25,9.10373264,9.21585648,8.80714699,9.10734954,85643912.9088
2009-11-26,9.10734954,9.1109668,8.49971065,8.58289931,117140567.04
2009-11-27,8.48162652,8.64438657,8.35141782,8.43822338,107259992.98559996
2009-11-30,8.54311379,8.79991319,8.5105617,8.77459491,77929316.35200003
2009-12-01,8.73480903,8.75289388,8.42737232,8.74927698,147599804.62080002
2009-12-02,8.77821181,8.94820602,8.77459491,8.81799732,94307380.53119998
2009-12-03,8.75289388,8.81438115,8.57204897,8.66247143,93784603.85280003
2009-12-04,8.66247143,9.16883681,8.52502894,9.15075195,218684750.74560004
2009-12-07,9.06756366,9.32798069,9.00607639,9.17245407,116594507.9808
2009-12-08,9.19777199,9.19777199,8.9048036,8.95905671,86392808.75519998
2009-12-09,8.93373879,8.9771412,8.82523148,8.91565394,56082358.88640001
2009-12-10,8.96990705,9.1145837,8.89756944,9.00245913,52885918.31040001
2009-12-11,9.00245913,9.13266782,8.93735496,9.03862847,48228286.464
2009-12-14,8.95543981,9.33159686,8.67693866,9.22309028,110673000.34559998
2009-12-15,9.13266782,9.2954286,9.04586227,9.07118056,68714555.90400001
2009-12-16,9.00607639,9.20500615,8.95905671,8.9879919,44261835.264
2009-12-17,9.00607639,9.1145837,8.82523148,8.86501736,50152554.0864
2009-12-18,8.78544596,8.88310149,8.65162037,8.65523727,54705082.0608
2009-12-21,8.62630208,8.73119177,8.31886574,8.52141168,47734012.10879998
2009-12-22,8.54672996,8.56481481,8.19227431,8.21759223,40730806.8864
2009-12-23,8.23206019,8.34056677,8.05844944,8.15610496,59001382.1952
2009-12-24,8.19227431,8.43098922,8.12355288,8.42013925,81293027.328
2009-12-29,8.46354167,8.61183413,8.31886574,8.53226273,67306023.01440004
2009-12-30,8.53226273,8.87225152,8.47077546,8.82161422,100453594.5216
2009-12-31,8.81799732,8.93012189,8.71310764,8.81438115,59377353.5232
2010-01-04,8.86863426,8.89033565,8.56481481,8.57566515,66886804.68479999
2010-01-05,8.5901331,8.64438657,8.22844329,8.42737232,153861070.2336
2010-01-06,8.40928819,8.40928819,8.21759223,8.28269676,113949332.58240001
2010-01-07,8.28269676,8.33694987,8.10185185,8.19227431,98243532.28799997
2010-01-08,8.13802083,8.22844329,8.08376736,8.17418981,79776385.2288
2010-01-11,8.49971065,8.56481481,8.05844944,8.17418981,122438067.6096
2010-01-12,8.16333912,8.19227431,7.8848376,8.1199367,163619733.19680005
2010-01-13,7.91015661,7.92100694,7.52314779,7.58101816,258519712.6656
2010-01-14,7.59548611,7.65335648,7.45081019,7.58463505,144099921.71519998
2010-01-15,7.60271991,7.83058449,7.46889468,7.75101273,149163299.02080002
2010-01-18,7.75101273,7.87037037,7.67144061,7.76547996,96526500.2496
2010-01-19,7.8052662,8.08015046,7.79803205,8.04036458,179909721.9072001
2010-01-20,8.03674732,8.17418981,7.70399269,7.73292788,135706246.0416
2010-01-21,7.8052662,8.24652742,7.73292788,8.203125,174818663.42400002
2010-01-22,8.11631981,8.48162652,7.91377279,8.34780093,244004371.66080004
2010-01-25,8.17418981,8.35503472,7.99334491,8.02589735,98443092.7872
2010-01-26,8.02589735,8.17057292,7.8125,7.97526005,95475610.8288
2010-01-27,8.09823459,8.17418981,7.84866934,7.92462384,110878090.44480005
2010-01-28,7.8848376,7.97526005,7.63527235,7.86675347,72474390.8352
2010-01-29,7.8088831,8.08376736,7.71122685,7.84866934,66545476.30079999
2010-02-01,7.85228552,7.87398727,7.59548611,7.68229167,78293581.51680002
2010-02-02,7.68952546,7.94270797,7.68952546,7.7293117,79276105.728
2010-02-03,7.78718207,8.16695602,7.68229167,8.16695602,151789106.99519998
2010-02-04,8.07653356,8.1199367,7.96079282,8.02951425,83869110.37440002
2010-02-05,7.81973416,8.07291667,7.74377894,7.95717593,76356587.52000003
2010-02-08,7.91377279,7.98611111,7.75824689,7.79803205,57071850.39359998
2010-02-09,7.8125,8.0114294,7.78718207,7.95717593,68614113.4848
2010-02-10,8.02951425,8.09461769,7.96440972,8.05844944,70181583.66720001
2010-02-11,8.03313043,8.08376736,7.98611111,7.99696217,38459001.1392
2010-02-12,8.01866319,8.17418981,8.01866319,8.1199367,52084858.98240002
2010-02-22,8.06929941,8.1199367,7.98611111,7.99334491,45834188.08319998
2010-02-23,7.96802698,7.97526005,7.74016204,7.79441515,65741768.29440002
2010-02-24,7.74377894,7.88122143,7.67505751,7.85228552,64001373.69600002
2010-02-25,7.83781829,8.10546875,7.81611726,8.0114294,96181580.39039996
2010-02-26,7.96079282,8.18142397,7.94994213,8.1199367,124476079.10400005
2010-03-02,8.2790795,8.6660876,8.2790795,8.35865198,189291277.20960003
2010-03-03,8.35865198,8.44545718,8.24652742,8.42737232,78551117.10720003
2010-03-04,8.43460648,8.54672996,8.31886574,8.35503472,104045185.8432
2010-03-05,8.35503472,8.49609375,8.33694987,8.41652199,80688503.80799998
2010-03-08,8.43460648,8.69863968,8.34056677,8.62630208,121942587.80160001
2010-03-09,8.63715242,8.77821181,8.49971065,8.61545139,109032691.50719997
2010-03-10,8.57566515,8.70949074,8.44545718,8.46354167,58353548.0832
2010-03-11,8.51779478,8.6697045,8.45992441,8.55758102,66692049.40799998
2010-03-12,8.51779478,8.51779478,8.2754626,8.28993056,78264119.808
2010-03-15,8.2754626,8.2754626,8.02951425,8.09823459,52279589.376
2010-03-16,8.09823459,8.18504015,8.04398148,8.15610496,54424742.4
2010-03-17,8.18142397,8.39120407,8.12355288,8.38758717,53321852.62080002
2010-03-18,8.40928819,8.49971065,8.31163194,8.33694987,60314720.25600002
2010-03-19,8.33694987,8.39120407,8.21035916,8.3333337,48830437.78559999
2010-03-22,8.29354745,8.47077546,8.29354745,8.37311921,53984594.53440002
2010-03-23,8.39120407,8.41290509,8.21397533,8.25737847,44056935.93600001
2010-03-24,8.26461227,8.39120407,8.22482639,8.24652742,58332557.7216
2010-03-25,8.23206019,8.23567708,8.05844944,8.06568251,45916225.22879999
2010-03-26,8.06568251,8.35141782,8.01866319,8.25014431,61782439.2192
2010-03-29,8.30439779,8.62991934,8.24291124,8.52141168,122802263.65440002
2010-03-30,8.54672996,8.60098416,8.44184028,8.55396412,69961441.9968
2010-03-31,8.55396412,8.56119792,8.34780093,8.39120407,84478325.76
2010-04-01,8.41652199,8.53587963,8.34418403,8.46354167,84370338.20159999
2010-04-02,8.48524269,8.49971065,8.39482024,8.47439236,54162437.52959998
2010-04-06,8.52141168,8.62991934,8.41290509,8.45269133,65390096.7936
2010-04-07,8.44545718,8.47439236,8.203125,8.26461227,88037386.44480002
2010-04-08,8.25376157,8.25737847,8.07291667,8.16333912,123970101.35040002
2010-04-09,8.16333912,8.22482639,8.13802083,8.1958912,60938846.20799997
2010-04-12,8.21759223,8.23206019,7.9354749,7.98972801,136794186.5472
2010-04-13,8.01866319,8.17780707,7.97526005,8.10185185,124191213.46559994
2010-04-14,8.10185185,8.1199367,7.96802698,8.04036458,91750554.3168
2010-04-15,8.05844944,8.10185185,7.94994213,8.10185185,98708198.4
2010-04-16,8.05844944,8.05844944,7.94994213,7.96079282,79202664.34559998
2010-04-19,7.79441515,7.8052662,7.2301794,7.26273148,228614192.64000005
2010-04-20,7.27719944,7.35315394,7.05295139,7.15060764,120305939.5584
2010-04-21,7.16507487,7.29166667,7.08912037,7.28081561,103289737.42080002
2010-04-22,7.2337963,7.2337963,6.98422996,7.08550347,125027042.9184
2010-04-23,7.1035876,7.43634223,7.01316515,7.29166667,153735517.90080002
2010-04-26,7.2337963,7.36038773,7.12528971,7.21209527,89113631.84639995
2010-04-27,7.1542249,7.3097508,7.07103552,7.17954282,96464944.74240002
2010-04-28,7.13975694,7.29890046,7.08912037,7.28443251,92603887.71839997
2010-04-29,7.34953704,7.46166052,7.28081561,7.29528356,101811664.2816
2010-04-30,7.32421875,7.44719329,7.28443251,7.43634223,89674800.53759998
2010-05-04,7.26996528,7.34230288,7.15060764,7.2337963,79279838.20799997
2010-05-05,7.26634838,7.31336769,7.00231518,7.19762731,179828796.21119994
2010-05-06,7.12167282,7.12167282,6.62254015,6.65509259,189609043.96800002
2010-05-07,6.52126772,6.7093457,6.49233254,6.60445602,114070115.63519998
2010-05-10,6.6370081,6.75636574,6.57913809,6.66594329,106836538.98240001
2010-05-11,6.82147027,6.83232024,6.3151038,6.3187207,155303391.74400002
2010-05-12,6.25723343,6.61892325,6.20659722,6.55020291,144057365.91360003
2010-05-13,6.51403356,6.8431713,6.51041667,6.75636574,156909864.95999998
2010-05-14,6.75636574,6.759983,6.58275499,6.6370081,73440895.7952
2010-05-17,6.51041667,6.51765046,6.27170139,6.30425347,90300521.7792
2010-05-18,6.32957176,6.55020291,6.25723343,6.49956561,100058363.59679997
2010-05-19,6.41637731,6.57190394,6.29701968,6.42361111,70877376.0
2010-05-20,6.35489005,6.5285008,6.32233796,6.34765589,60352678.1952
2010-05-21,6.18489583,6.46339735,6.15596065,6.4453125,61045537.07520001
2010-05-24,6.48148148,6.72743056,6.48148148,6.65147533,87897321.6768
2010-05-25,6.58275499,6.60083912,6.41999421,6.43446217,67999194.3168
2010-05-26,6.46701353,6.57190394,6.44169524,6.47424769,47447050.75200002
2010-05-27,6.46339735,6.55381981,6.3151038,6.53573495,76907515.39200002
2010-05-28,6.60083912,6.65147533,6.51765046,6.53935185,70218842.11200002
2010-05-31,6.47424769,6.58275499,6.32957176,6.33318866,74776111.7184
2010-06-01,6.30425347,6.39829319,6.21744828,6.25723343,60297805.20959998
2010-06-02,6.23914931,6.29701968,6.11979167,6.23191551,69467272.70400001
2010-06-03,6.26085033,6.40552626,6.22829825,6.22829825,79505080.9344
2010-06-04,6.22468135,6.32957176,6.20659722,6.25723343,37251568.7424
2010-06-07,6.18489583,6.25723343,6.08000543,6.11617477,66768059.28959999
2010-06-08,6.11979167,6.15596065,5.96788194,6.04022027,47092885.40159999
2010-06-09,6.07277235,6.43446217,5.99681713,6.39105903,137063229.2352
2010-06-10,6.2463831,6.3187207,6.17766204,6.18851309,78697471.79519998
2010-06-11,6.22468135,6.3151038,6.14872685,6.20298032,58056207.66720002
2010-06-18,6.21744828,6.41999421,6.20298032,6.26446759,123999222.9888
2010-06-21,6.26085033,6.69849537,6.26085033,6.61892325,163069872.53759998
2010-06-22,6.60083912,6.80700231,6.55020291,6.70211263,115330234.06080003
2010-06-23,6.61892325,6.73466471,6.55743598,6.6370081,89767388.16
2010-06-24,6.61892325,6.80338505,6.59360532,6.70211263,64562279.7312
2010-06-25,6.65147533,6.69126157,6.52126772,6.55020291,62899987.96799998
2010-06-28,6.5285008,6.72743056,6.5285008,6.68764468,67502063.9232
2010-06-29,6.70211263,6.70211263,6.32957176,6.33318866,84791784.96000002
2010-09-02,6.87210648,6.87210648,6.47063043,6.57913809,451918172.16
2010-09-03,6.57190394,6.57190394,6.39105903,6.42361111,172559241.216
2010-09-06,6.45978045,6.65147533,6.42722801,6.58275499,168395563.00800002
2010-09-07,6.6333912,6.6333912,6.48871564,6.52488462,108615886.848
2010-09-08,6.47786458,6.47786458,6.33318866,6.38382523,135485097.98400003
2010-09-09,6.38382523,6.38382523,6.21021412,6.22829825,129917288.448
2010-09-10,6.20659722,6.29701968,6.14872685,6.22106518,69630879.744
2010-09-13,6.22468135,6.29340278,6.06915545,6.18127894,138856080.38400003
2010-09-14,6.20298032,6.27893555,6.18127894,6.21383102,82804294.65599997
2010-09-15,6.22106518,6.25361726,6.11979167,6.11979167,71673458.688
2010-09-16,6.14872685,6.19936306,5.98596607,6.01490126,79094403.072
2010-09-17,6.02936921,6.11255787,6.00766819,6.02213542,61044848.63999998
2010-09-20,6.02936921,6.12702582,5.97149884,6.04022027,54656474.11200002
2010-09-21,6.06915545,6.08723958,5.98596607,6.00766819,37046191.10399998
2010-09-27,6.01851816,6.0583044,5.94256366,6.03660337,52069948.416
2010-09-28,6.02936921,6.02936921,5.88107639,5.88107639,68159646.72
2010-09-29,5.86660843,5.94256366,5.82682328,5.86660843,59021789.18399998
2010-10-08,6.04022027,6.27170139,5.96788194,6.22829825,148391212.03200004
2010-10-11,6.26446759,6.64062536,6.26446759,6.52488462,241651869.696
2010-10-12,6.53211769,6.56467014,6.43807834,6.49956561,132045327.35999998
2010-10-13,6.50679977,6.7093457,6.49956561,6.70572953,228361918.46400008
2010-10-14,6.74551505,6.97699689,6.62254015,6.6333912,277516523.52
2010-10-15,6.58275499,7.00954825,6.57552083,6.92635995,323187978.24
2010-10-18,7.01678241,7.25549732,6.90827546,6.93359375,296962191.36000013
2010-10-19,6.91550962,7.0999707,6.81061921,7.07103552,160557272.064
2010-10-20,6.92635995,7.2265625,6.92635995,7.04210033,204519776.25599998
2010-10-21,7.04210033,7.05295139,6.78891782,6.81785301,153446317.05599996
2010-10-22,6.7093457,6.80338505,6.62977431,6.69849537,148807646.20799994
2010-10-25,6.7093457,6.86125543,6.60445602,6.8395544,129477187.58400004
2010-10-26,6.87210648,6.96252894,6.7093457,6.74913194,116757614.59200005
2010-10-27,6.72381366,6.90104167,6.6370081,6.7129626,109218336.76799996
2010-10-28,6.72743056,6.8359375,6.66594329,6.78891782,106342889.472
2010-10-29,6.79615198,6.80338505,6.6333912,6.65870949,99139424.25599997
2010-11-01,6.68764468,6.78168403,6.66594329,6.71657986,163475103.74400002
2010-11-02,6.71657986,6.81785301,6.6370081,6.74913194,176896714.75199997
2010-11-03,6.73828089,6.98422996,6.65870949,6.89019061,251816988.67199987
2010-11-04,6.84678819,6.92635995,6.78168403,6.8431713,169608950.78400004
2010-11-05,6.90827546,6.94082791,6.79615198,6.84678819,139334694.912
2010-11-08,6.86125543,7.01316515,6.86125543,6.92274269,172853775.35999992
2010-11-09,6.92997685,6.93721065,6.72743056,6.74551505,156743755.77599996
2010-11-10,6.70572953,6.7093457,6.54658565,6.55743598,157926620.16
2010-11-11,6.58275499,6.74913194,6.53935185,6.66956055,187919751.16800004
2010-11-12,6.58637117,6.61530707,6.19574617,6.21744828,170382707.71199998
2010-11-15,6.23914931,6.26446759,6.14510995,6.26085033,121628666.87999997
2010-11-16,6.25723343,6.25723343,6.02575231,6.04022027,122388599.80799994
2010-11-17,5.99320023,6.17404514,5.97149884,6.07638853,93802613.76
2010-11-18,6.12340856,6.2463831,6.09447338,6.21383102,120915652.60799995
2010-11-19,6.22106518,6.22829825,6.00043403,6.15234375,119719876.60799995
2010-11-22,6.07638853,6.09447338,6.00405093,6.03298611,97735320.57599998
2010-11-23,5.99681713,6.04022027,5.87745949,5.98596607,91068309.50400002
2010-11-24,5.94979782,6.11255787,5.93532986,6.0619213,88021969.92000005
2010-11-25,6.08000543,6.19212999,6.00405093,6.13064272,105875251.2
2010-11-26,6.12340856,6.12340856,6.02213542,6.03660337,65534220.28799998
2010-11-29,6.00043403,6.10532371,5.96064815,6.04745334,55472947.2
2010-11-30,6.02213542,6.07277235,5.8521412,5.9280957,78139164.672
2010-12-01,5.9280957,5.98958297,5.89554362,5.96426505,42653260.8
2010-12-02,6.04383644,6.07277235,5.96064815,5.97149884,56042440.70399998
2010-12-03,5.98958297,6.02213542,5.94979782,5.99320023,43409074.17600001
2010-12-06,6.00405093,6.10532371,5.96788194,6.0546875,60251627.52
2010-12-07,6.03660337,6.08723958,5.93894676,6.0510706,55170256.89600002
2010-12-08,6.04022027,6.0546875,5.94979782,5.96426505,47799548.92799999
2010-12-09,5.95703089,5.96426505,5.85937536,5.86299154,66436402.176
2010-12-10,5.85937536,5.9244788,5.82320602,5.91001157,54837347.32799997
2010-12-13,5.91362847,6.01851816,5.88107639,6.01128508,77636579.328
2010-12-14,6.01128508,6.02213542,5.96064815,5.9823499,65668617.216
2010-12-15,6.00405093,6.07638853,5.97149884,6.00043403,77767354.36800003
2010-12-16,6.01128508,6.04745334,5.94256366,5.94979782,60979350.52799998
2010-12-17,5.94979782,5.96788194,5.89192745,5.91362847,47836818.43200002
2010-12-20,5.9280957,5.94618092,5.78342014,5.83405635,70835696.64
2010-12-21,5.84852431,6.02213542,5.81235532,5.99320023,84838883.328
2010-12-22,6.00766819,6.01490126,5.85937536,5.87022569,62770885.63200003
2010-12-24,5.85937536,6.00405093,5.84129051,5.94618092,79108448.256
2010-12-27,6.01128508,6.0510706,5.79427083,5.81235532,85337763.84
2010-12-28,5.81597222,5.86660843,5.76895255,5.76895255,73423825.92
2010-12-29,5.76895255,5.77980324,5.64236111,5.70384838,65479477.24799998
2010-12-30,5.70384838,5.71469907,5.60980903,5.6676794,49287177.21600002
2010-12-31,5.6712963,5.74001736,5.63874421,5.71108218,66601654.27200002
2011-01-04,5.72193287,5.8521412,5.6604456,5.79427083,99212249.08799998
2011-01-05,5.78342014,5.83405635,5.75448495,5.76171875,65653659.64799998
2011-01-06,5.76171875,5.81597222,5.67853009,5.71831597,57101773.824
2011-01-07,5.71469907,6.06915545,5.67853009,5.93532986,213022918.656
2011-01-10,5.87022569,5.93171296,5.75086806,5.77980324,100050398.20799997
2011-01-11,5.75086806,5.89192745,5.74363426,5.85575846,57563301.88799998
2011-01-12,5.87022569,5.93894676,5.82682328,5.93171296,76621842.43200003
2011-01-13,5.96064815,5.98596607,5.89916052,5.91001157,53861400.576
2011-01-14,5.89192745,5.89192745,5.77980324,5.78342014,57207748.60799998
2011-01-17,5.71831597,5.76171875,5.55555556,5.56278935,73589188.60799998
2011-01-18,5.57002315,5.58810764,5.51938657,5.54832176,43007763.45600001
2011-01-19,5.55193866,5.61342593,5.50853588,5.60257523,46433405.95200002
2011-01-20,5.59895833,5.59895833,5.39641204,5.39641204,79509841.92
2011-01-21,5.37832755,5.64236111,5.37471065,5.47960069,63584096.25600002
2011-01-24,5.47960069,5.49768519,5.40726273,5.44343171,42530088.96000002
2011-01-25,5.4651331,5.51215278,5.42534722,5.48683449,37104003.07200001
2011-01-26,5.47960069,5.53385417,5.4723669,5.51938657,29047071.74399999
2011-01-27,5.47960069,5.57002315,5.42534722,5.54470486,70643764.224
2011-01-28,5.54108796,5.55555556,5.44704861,5.49768519,51264783.36000002
2011-01-31,5.49768519,5.54470486,5.45789931,5.53747106,38774854.656
2011-02-01,5.54108796,5.60257523,5.51938657,5.58449074,41941352.448
2011-02-09,5.55193866,5.62427662,5.50853588,5.51576968,46036214.78399998
2011-02-10,5.51576968,5.59534144,5.49768519,5.58810764,37828629.50399999
2011-02-11,5.56278935,5.63874421,5.53385417,5.60619213,62436953.08799998
2011-02-14,5.60257523,5.81958912,5.59895833,5.78703704,115473724.41599993
2011-02-15,5.79065394,5.81597222,5.71831597,5.72193287,88777313.27999996
2011-02-16,5.71831597,5.76895255,5.68576389,5.74363426,50652711.93600001
2011-02-17,5.77256944,5.84852431,5.72916667,5.77980324,70173416.44799998
2011-02-18,5.75086806,5.82320602,5.71469907,5.77980324,63259287.55200002
2011-02-21,5.71469907,5.78703704,5.69661458,5.77618634,87517919.23200002
2011-02-22,5.77980324,5.78342014,5.59172454,5.59534144,95097646.07999995
2011-02-23,5.60257523,5.68576389,5.59534144,5.63512731,98823435.26400003
2011-02-24,5.63512731,5.63874421,5.57002315,5.62789352,55934060.54399999
2011-02-25,5.64597801,5.84852431,5.59172454,5.74725116,140801283.07199997
2011-02-28,5.71831597,5.77980324,5.65321181,5.76171875,85055588.35200003
2011-03-01,5.76895255,5.85575846,5.74001736,5.80150499,133477770.24000001
2011-03-02,5.76895255,5.89554362,5.75448495,5.8521412,134951851.00800002
2011-03-03,5.85937536,6.06553819,5.8521412,5.93171296,271085709.3119999
2011-03-04,5.94979782,6.0583044,5.89916052,6.03298611,139731969.02400002
2011-03-07,6.06915545,6.1378758,5.98596607,6.0546875,137583221.76
2011-03-08,6.0546875,6.09809064,5.99320023,6.02213542,88974747.64799999
2011-03-09,6.04022027,6.10170754,6.03298611,6.03660337,89482116.09599999
2011-03-10,6.00405093,6.00405093,5.86660843,5.87745949,85292365.824
2011-03-11,5.8521412,5.89192745,5.79788809,5.80512117,63636544.51200002
2011-03-14,5.78703704,5.85575846,5.78342014,5.84852431,60272557.05600001
2011-03-15,5.79427083,5.82320602,5.67853009,5.72916667,78625769.472
2011-03-16,5.73640046,5.78703704,5.69299769,5.76895255,66929089.53599999
2011-03-17,5.72193287,5.75086806,5.6712963,5.68214699,57303908.35200002
2011-03-18,5.74725116,5.74725116,5.69661458,5.72554977,40156867.584
2011-03-21,5.71469907,5.74725116,5.68576389,5.70384838,44280373.24799999
2011-03-22,5.72554977,5.80512117,5.6604456,5.79065394,69657394.176
2011-03-23,5.77256944,5.84129051,5.75810185,5.82320602,62705359.87200002
2011-03-24,5.81958912,5.82320602,5.76895255,5.77980324,44271360.0
2011-03-25,5.77980324,5.91001157,5.77256944,5.88107639,99771291.64799997
2011-03-28,5.92086263,6.01128508,5.90277778,5.90639468,101725949.95200002
2011-03-29,5.91724573,6.0583044,5.89916052,5.96788194,133425764.352
2011-03-30,5.96064815,6.04022027,5.91362847,5.9244788,76053233.664
2011-03-31,5.9244788,5.95341399,5.79065394,5.81597222,58992067.58399998
2011-04-01,5.81597222,5.99681713,5.81235532,5.99320023,89369533.44
2011-04-06,6.00405093,6.17766204,6.00405093,6.14872685,206045033.47199994
2011-04-07,6.14872685,6.28255245,6.09447338,6.22106518,179383237.63199997
2011-04-08,6.20659722,6.23553241,6.1342589,6.21021412,74129154.04799998
2011-04-11,6.21383102,6.34765589,6.14872685,6.15957791,155884455.936
2011-04-12,6.18489583,6.27531829,6.1378758,6.17042788,106771516.41599995
2011-04-13,6.14872685,6.5285008,6.10894061,6.5285008,200130379.77599996
2011-04-14,6.68041052,6.72743056,6.54658565,6.57913809,290096916.48
2011-04-15,6.58637117,6.78891782,6.56467014,6.77445023,185461180.41599998
2011-04-18,6.75274884,6.82870334,6.67317745,6.82508717,160399595.52
2011-04-19,6.73828089,6.78168403,6.62977431,6.66594329,145366852.608
2011-04-20,6.66594329,6.7093457,6.47786458,6.53573495,135269692.41599995
2011-04-21,6.58275499,6.66594329,6.5285008,6.55381981,87937837.05599998
2011-04-22,6.51041667,6.55743598,6.41276042,6.45978045,84787706.87999997
2011-04-25,6.46701353,6.60807292,6.40191008,6.53935185,99158639.61599997
2011-04-26,6.52488462,6.66956055,6.50318287,6.66232639,107669772.28799999
2011-04-27,6.66594329,6.79253508,6.54296875,6.61169018,147282278.4
2011-04-28,6.66232639,6.87210648,6.64062536,6.73466471,179423935.48800004
2011-04-29,6.72743056,6.72743056,6.47786458,6.58275499,138377106.43199998
2011-05-03,6.56467014,6.64062536,6.53573495,6.58998806,61118226.43200002
2011-05-04,6.51041667,6.6333912,6.39467593,6.45978045,108883298.30400005
2011-05-05,6.37659107,6.48148148,6.3729749,6.41276042,68024558.59200002
2011-05-06,6.34765589,6.4525463,6.3151038,6.34403971,66664608.76799998
2011-05-13,6.32957176,6.40914316,6.14872685,6.39105903,101740271.61599997
2011-05-16,6.3151038,6.38020797,6.19936306,6.20298032,54495562.75200002
2011-05-17,6.20298032,6.49956561,6.20298032,6.45978045,88393116.672
2011-05-18,6.41637731,6.65870949,6.39105903,6.55020291,81327476.73599999
2011-05-19,6.57190394,6.64062536,6.46701353,6.48509838,45508608.0
2011-05-20,6.48148148,6.72381366,6.47063043,6.6333912,86234194.94400002
2011-05-23,6.60807292,6.61892325,6.38020797,6.47424769,90995263.48799998
2011-05-24,6.43807834,6.6333912,6.43807834,6.56828704,80618084.35200003
2011-05-26,6.48509838,6.54658565,6.369358,6.43446217,81489742.84799998
2011-05-27,6.40191008,6.50318287,6.36574074,6.36574074,65893727.23200002
2011-05-30,6.3187207,6.40191008,6.2463831,6.35489005,41721246.72
2011-05-31,6.35489005,6.41637731,6.21021412,6.38744213,53528656.89600002
2011-06-01,6.38382523,6.38382523,6.26808449,6.30425347,50052639.74399998
2011-06-02,6.22106518,6.26808449,5.96426505,6.04022027,121540801.53599994
2011-06-03,6.00766819,6.07277235,5.96426505,6.04383644,42726334.464
2011-06-07,5.98596607,6.11979167,5.94979782,6.09447338,40390714.36799999
2011-06-08,6.08362269,6.08362269,5.96064815,6.03660337,44446786.56000002
2011-06-09,6.00405093,6.08000543,5.978733,5.98596607,33239089.152
2011-06-10,5.97149884,6.0583044,5.93171296,5.978733,40247497.728
2011-06-13,5.9280957,5.94979782,5.82682328,5.89916052,45017220.096
2011-06-14,5.89554362,6.08362269,5.87745949,5.97149884,77133468.67200002
2011-06-15,5.95341399,6.01128508,5.88107639,5.88107639,46635844.60799998
2011-06-16,5.83767325,5.87022569,5.76171875,5.77618634,48066269.184
2011-06-17,5.80150499,5.83044018,5.73278356,5.74725116,52898780.16000002
2011-06-20,5.75086806,5.80150499,5.69661458,5.79427083,33921690.62399999
2011-06-21,5.80873806,5.90639468,5.78342014,5.88831055,53612789.76000002
2011-06-22,5.89554362,5.93532986,5.8521412,5.88107639,42008454.14399998
2011-06-23,5.85937536,6.02936921,5.84129051,6.00405093,45864935.42399998
2011-06-24,5.97511574,6.21744828,5.96788194,6.14510995,89254877.18400002
2011-06-27,6.14149306,6.34042282,6.12340856,6.18127894,77672411.136
2011-06-28,6.29340278,6.29340278,6.07277235,6.16319481,57101193.21600002
2011-06-29,6.19574617,6.21021412,5.99681713,6.01490126,71603205.12
2011-06-30,6.03660337,6.22468135,6.02936921,6.17404514,76264243.2
2011-07-01,6.20298032,6.20298032,6.08723958,6.12340856,68785320.96000002
2011-07-04,6.14510995,6.35127279,6.1378758,6.34765589,104578311.168
2011-07-05,6.32957176,6.34042282,6.25000036,6.29340278,52686084.09600002
2011-07-06,6.26085033,6.28255245,6.16681098,6.23553241,57086456.83200003
2011-07-07,6.32957176,6.37659107,6.19936306,6.25361726,93410178.04799998
2011-07-08,6.25361726,6.43807834,6.22829825,6.33680556,74540030.976
2011-07-11,6.28978552,6.37659107,6.27531829,6.29340278,44716465.15200001
2011-07-12,6.2463831,6.25000036,6.12702582,6.14872685,67777136.64
2011-07-13,6.23914931,6.40914316,6.19574617,6.34403971,89660888.06400003
2011-07-14,6.35489005,6.38382523,6.28616862,6.35850694,67593305.08799998
2011-07-15,6.34765589,6.58275499,6.28978552,6.50679977,103884042.24
2011-07-18,6.51041667,6.55743598,6.43446217,6.48871564,54691780.60799998
2011-07-19,6.41999421,6.42361111,6.32233796,6.34403971,60647353.344
2011-07-20,6.39829319,6.41637731,6.28616862,6.34403971,40348108.8
2011-07-21,6.33680556,6.35127279,6.21021412,6.21383102,52246757.376
2011-07-22,6.23914931,6.31148763,6.20298032,6.22468135,33933275.13600001
2011-07-25,6.18489583,6.2427662,6.0583044,6.10170754,54485941.24799998
2011-07-26,6.10532371,6.25723343,6.07638853,6.23191551,47898086.4
2011-07-27,6.16681098,6.27170139,6.15596065,6.21383102,41493952.512
2011-07-28,6.15234375,6.15596065,6.04745334,6.09447338,51924630.52799998
2011-07-29,6.11979167,6.41999421,6.04022027,6.27170139,86678581.24800003
2011-08-01,6.22106518,6.33680556,6.14149306,6.22106518,57485749.24799998
2011-08-02,6.16681098,6.19212999,6.0510706,6.14872685,53604771.83999998
2011-08-03,6.06915545,6.17766204,6.04745334,6.09809064,39244870.656
2011-08-04,6.10894061,6.22106518,6.10170754,6.10894061,31801503.74399999
2011-08-05,5.9823499,6.01128508,5.89192745,5.89554362,68641551.36
2011-08-08,5.86660843,5.97149884,5.69661458,5.78703704,69216215.03999998
2011-08-09,5.69299769,5.87022569,5.62427662,5.79788809,74894478.336
2011-08-10,5.87745949,5.93171296,5.81597222,5.81958912,50591388.67200002
2011-08-11,5.72554977,5.96064815,5.71469907,5.94256366,52496280.57600002
2011-08-12,5.96426505,6.04022027,5.93171296,6.01851816,49914095.61600001
2011-08-15,6.02213542,6.23914931,5.92086263,6.19574617,85301766.14400002
2011-08-16,6.18127894,6.25361726,6.14149306,6.16681098,54692720.63999998
2011-08-18,6.17766204,6.26808449,6.02936921,6.0510706,69800085.50400001
2011-08-19,5.93171296,6.01490126,5.89192745,6.00405093,42979230.72
2011-08-22,5.9823499,6.01851816,5.88469329,5.93894676,35409761.28
2011-08-23,5.94618092,6.03660337,5.92086263,6.01851816,28934903.80800001
2011-08-24,6.03298611,6.0510706,5.91362847,5.9280957,34617784.32
2011-08-25,5.96788194,6.28255245,5.9280957,6.27170139,128661101.56799996
2011-08-26,6.22106518,6.28978552,6.19574617,6.28616862,71486171.13599999
2011-08-29,6.14872685,6.14872685,5.98958297,6.04745334,124933404.672
2011-08-30,6.08362269,6.19212999,6.02936921,6.03298611,60827120.63999998
2011-08-31,6.04022027,6.15596065,5.98596607,6.09447338,36062419.96799998
2011-09-01,6.09447338,6.16681098,6.07277235,6.12340856,31699427.328
2011-09-05,6.00405093,6.03298611,5.91724573,5.94979782,38233396.22399999
2011-09-06,5.91362847,5.97149884,5.89554362,5.91724573,31382028.288
2011-09-07,5.96426505,6.0619213,5.91001157,6.02575231,35962334.208
2011-09-08,6.02575231,6.0546875,5.97511574,5.99320023,27859949.568
2011-09-09,6.02213542,6.10170754,5.92086263,5.96064815,29480758.272
2011-09-13,5.85937536,5.978733,5.84490741,5.97511574,28534146.04800002
2011-09-14,5.9823499,6.00043403,5.84490741,5.93894676,40705320.96000002
2011-09-15,5.94979782,6.03298611,5.93532986,5.98958297,47179210.75200002
2011-09-16,6.02213542,6.18489583,6.01128508,6.14872685,102169147.39200003
2011-09-19,6.08000543,6.08362269,5.98958297,6.00405093,29306437.632
2011-09-20,5.98596607,6.11979167,5.96788194,6.0546875,21324072.96
2011-09-21,6.0546875,6.22106518,6.00766819,6.17042788,50785643.51999998
2011-09-22,6.10532371,6.12702582,6.03298611,6.04022027,43254604.8
2011-09-23,5.93532986,6.08723958,5.90639468,6.01128508,41972677.63200001
2011-09-26,5.94256366,6.0619213,5.77980324,5.80150499,54781221.88799998
2011-09-27,5.85937536,5.89554362,5.75448495,5.84852431,38048569.344
2011-09-28,5.88831055,5.88831055,5.75086806,5.78703704,26736564.32639999
2011-09-29,5.75086806,5.83405635,5.72916667,5.80150499,31285813.24800002
2011-09-30,5.81597222,5.86660843,5.78703704,5.80150499,39271357.44
2011-10-10,5.76895255,5.80150499,5.58810764,5.60619213,57965663.23200003
2011-10-11,5.78703704,5.81958912,5.62065972,5.6604456,59346183.16799997
2011-10-12,5.62427662,5.93171296,5.60257523,5.91724573,75886129.15200002
2011-10-13,5.87745949,5.94256366,5.86660843,5.91362847,40107571.2
2011-10-14,5.89192745,5.93894676,5.83044018,5.91724573,24040649.3184
2011-10-17,5.96064815,6.04383644,5.93894676,5.9823499,32380010.49600001
2011-10-18,5.93532986,5.94618092,5.78342014,5.79427083,38157778.94399999
2011-10-19,5.82682328,5.88831055,5.79065394,5.80873806,22774829.8752
2011-10-20,5.78703704,5.79788809,5.67853009,5.71469907,25563078.14399999
2011-10-21,5.75086806,5.8521412,5.70384838,5.79788809,38935710.72
2011-10-24,5.82320602,6.02936921,5.76171875,5.978733,66518433.79200002
2011-10-25,5.97511574,6.06553819,5.93171296,6.01851816,55178136.576
2011-10-26,6.02213542,6.12340856,6.00405093,6.0583044,67505826.816
2011-10-27,6.06553819,6.12340856,6.00766819,6.04745334,40504596.48000001
2011-10-28,6.14872685,6.22106518,6.10532371,6.15957791,78785049.6
2011-10-31,6.15957791,6.17766204,6.01490126,6.10532371,39195740.16
2011-11-01,6.0619213,6.18851309,6.03298611,6.09447338,49575573.50399998
2011-11-02,6.01851816,6.19212999,6.01128508,6.19212999,52723187.71200002
2011-11-03,6.18851309,6.21744828,6.06915545,6.10532371,72528694.27200001
2011-11-04,6.14872685,6.16681098,6.08723958,6.14149306,36881436.67200002
2011-11-07,6.09447338,6.11979167,6.01128508,6.04745334,35825504.256
2011-11-08,6.0546875,6.10170754,6.02575231,6.0546875,26737081.34399999
2011-11-09,6.07277235,6.1342589,6.03298611,6.12702582,31394995.2
2011-11-10,6.06915545,6.1378758,6.04022027,6.06915545,43804551.168
2011-11-11,6.06553819,6.09085648,5.97149884,5.99320023,45693103.10399998
2011-11-14,6.03298611,6.09447338,5.99320023,6.0510706,49559178.23999998
2011-11-15,6.03298611,6.04745334,5.9244788,5.95703089,60020739.07200002
2011-11-16,5.95703089,5.96064815,5.77618634,5.79788809,55094722.56000002
2011-11-17,5.81597222,5.83405635,5.76533565,5.77980324,30307350.528
2011-11-18,5.74725116,5.81597222,5.73640046,5.76895255,39776818.17600002
2011-11-21,5.77618634,5.77618634,5.71469907,5.76895255,37804935.168
2011-11-22,5.75086806,5.83044018,5.72193287,5.80512117,36721603.58399999
2011-11-23,5.82320602,5.83767325,5.68576389,5.70023148,52239292.416
2011-11-24,5.68214699,5.75810185,5.63874421,5.72916667,33582339.072
2011-11-25,5.68938079,5.73640046,5.67491319,5.71108218,23352319.1808
2011-11-28,5.72193287,5.75810185,5.68214699,5.70746528,27131604.48000001
2011-11-29,5.76533565,5.79065394,5.71469907,5.77256944,43267709.95200001
2011-11-30,5.76895255,5.77256944,5.59895833,5.60980903,52989382.656
2011-12-01,5.76171875,5.88469329,5.73278356,5.74363426,113863421.95199999
2011-12-02,5.71831597,5.79427083,5.69299769,5.76895255,50280680.44799998
2011-12-05,5.76533565,5.80150499,5.67853009,5.76895255,31378102.272
2011-12-07,5.75086806,5.84129051,5.73640046,5.80512117,41091646.464
2011-12-08,5.80512117,5.83405635,5.71831597,5.76533565,51716164.60799998
2011-12-09,5.74363426,5.77256944,5.71108218,5.73278356,24015757.82399999
2011-12-12,5.73640046,5.77256944,5.68576389,5.72916667,23868888.8832
2011-12-13,5.71469907,5.76171875,5.6568287,5.6712963,52532416.51200002
2011-12-14,5.6712963,5.70023148,5.60619213,5.64236111,23481739.46879999
2011-12-15,5.60980903,5.63512731,5.43258102,5.44343171,53287787.51999998
2011-12-16,5.45428241,5.56640625,5.40002894,5.52662037,43511786.49600001
2011-12-19,5.48683449,5.59172454,5.43258102,5.55193866,35417281.536
2011-12-20,5.53385417,5.63151042,5.52300347,5.54470486,26165378.76479999
2011-12-21,5.59534144,5.64959491,5.53747106,5.54832176,40534318.08
2011-12-22,5.53747106,5.62789352,5.49768519,5.58810764,30371134.46399999
2011-12-23,5.58087384,5.64597801,5.55555556,5.57725694,27500152.31999999
2011-12-26,5.57002315,5.61704282,5.54832176,5.57725694,20397707.3664
2011-12-27,5.57364005,5.64597801,5.57002315,5.59895833,38374760.44800002
2011-12-28,5.57725694,5.62789352,5.4615162,5.53385417,31291812.86399998
2011-12-29,5.51576968,5.57725694,5.50130208,5.53747106,35553337.344
2011-12-30,5.55193866,5.63874421,5.53385417,5.63874421,72296036.35200003
2012-01-04,5.63874421,5.63874421,5.47960069,5.48321759,40894433.28
2012-01-05,5.48321759,5.62427662,5.4723669,5.56640625,67483266.04799998
2012-01-06,5.55193866,5.60980903,5.47960069,5.55193866,36813643.77600001
2012-01-09,5.55555556,5.71831597,5.51576968,5.70746528,61140427.776
2012-01-20,6.0510706,6.12702582,5.90277778,6.06915545,162204097.53599998
2012-01-30,6.08000543,6.12702582,6.01490126,6.04383644,92064660.47999994
2012-01-31,6.04745334,6.07638853,5.96788194,6.01851816,47904445.43999998
2012-02-01,5.99681713,6.07638853,5.94256366,5.94979782,51192760.32
2012-02-02,5.96788194,6.1342589,5.94979782,6.11979167,67633505.28
2012-02-03,6.09809064,6.16319481,6.04022027,6.14510995,63580584.96000002
2012-02-06,6.14872685,6.15596065,6.06553819,6.08723958,43630811.136
2012-02-07,6.0546875,6.06915545,5.9823499,6.00043403,33754447.872
2012-02-08,5.99681713,6.15234375,5.99681713,6.11255787,47629928.44799998
2012-02-10,6.07638853,6.14149306,6.07638853,6.11617477,50352122.88
2012-02-13,6.07277235,6.08000543,5.99681713,6.03298611,59461696.51200002
2012-02-14,6.02213542,6.04745334,5.96426505,6.00405093,30010908.672
2012-02-15,6.00043403,6.0619213,5.94979782,6.01128508,55657027.58399998
2012-02-16,6.01128508,6.03660337,5.91724573,5.94979782,75670419.456
2012-02-17,5.9823499,5.99320023,5.93171296,5.94979782,41662909.43999998
2012-02-20,6.0546875,6.0583044,5.94618092,5.94979782,61988419.58399998
2012-02-21,5.96064815,5.9823499,5.91001157,5.96426505,41545239.552
2012-02-22,5.96426505,6.02213542,5.94618092,6.01128508,87754143.74400002
2012-02-23,6.01128508,6.0619213,6.00043403,6.01490126,62558466.04799998
2012-02-24,6.03660337,6.10170754,5.978733,6.10170754,100667667.45599997
2012-02-27,6.11255787,6.21744828,6.0619213,6.11979167,123757175.80799994
2012-02-28,6.12340856,6.32233796,6.11255787,6.23914931,127220004.86400005
2012-02-29,6.2463831,6.2463831,6.15596065,6.18489583,72721041.40799998
2012-03-01,6.17766204,6.30787073,6.17042788,6.23191551,80627457.024
2012-03-02,6.23191551,6.32957176,6.22829825,6.32233796,80448270.336
2012-03-05,6.34042282,6.43084527,6.22829825,6.2463831,96883375.10400003
2012-03-06,6.22468135,6.25723343,6.11255787,6.13064272,91618311.168
2012-03-07,6.07638853,6.15957791,6.0583044,6.07638853,55675137.024
2012-03-08,6.11979167,6.20659722,6.09447338,6.15957791,79842640.896
2012-03-09,6.11255787,6.12702582,6.02575231,6.10170754,146682703.87199998
2012-03-12,6.10532371,6.10532371,6.01851816,6.04022027,74828731.39200002
2012-03-13,6.0583044,6.10532371,6.03298611,6.09447338,65672460.28799998
2012-03-14,6.11979167,6.16319481,5.94618092,5.96064815,121641274.36799996
2012-03-15,5.96426505,5.99681713,5.87745949,5.87745949,71345304.576
2012-03-16,5.88469329,5.93532986,5.84490741,5.93171296,46411453.43999998
2012-03-19,5.91001157,5.93171296,5.85937536,5.91362847,46300640.25600002
2012-03-20,5.90277778,5.90639468,5.80512117,5.81235532,56136637.43999998
2012-03-21,5.85937536,5.86660843,5.79427083,5.82320602,41583697.92
2012-03-22,5.82682328,5.88831055,5.77618634,5.85575846,49597332.48000002
2012-03-23,5.82682328,5.83405635,5.77256944,5.79065394,32905571.328
2012-03-26,5.79427083,5.81597222,5.77980324,5.80150499,22798875.3408
2012-03-27,5.82682328,5.84490741,5.80512117,5.81235532,30747119.61600002
2012-03-28,5.80873806,5.82320602,5.70023148,5.70746528,56535459.83999999
2012-03-29,5.70746528,5.70746528,5.59172454,5.63151042,52217616.38399999
2012-03-30,5.65321181,5.68938079,5.63874421,5.68214699,29393280.0
2012-04-05,5.68214699,5.71108218,5.58810764,5.69299769,50814950.4
2012-04-06,5.67853009,5.79065394,5.65321181,5.78342014,53602698.23999998
2012-04-09,5.75086806,5.75086806,5.67853009,5.69661458,25767145.2672
2012-04-10,5.68576389,5.74725116,5.63512731,5.74363426,54466145.27999998
2012-04-11,5.6712963,5.76533565,5.6640625,5.72554977,29070130.17600001
2012-04-12,5.72916667,5.91001157,5.69661458,5.90639468,76247516.15999997
2012-04-13,5.91362847,6.00766819,5.85937536,5.89554362,93379654.65599997
2012-04-16,5.85575846,5.91362847,5.81597222,5.8521412,36957966.33600001
2012-04-17,5.83767325,5.87022569,5.77980324,5.78342014,32887627.77600001
2012-04-18,5.79427083,5.90639468,5.79427083,5.88107639,44126456.832
2012-04-19,5.89554362,5.92086263,5.85937536,5.91724573,37986112.512
2012-04-20,5.89554362,6.00405093,5.87745949,5.99681713,71352548.35200001
2012-04-23,5.9823499,6.01128508,5.91362847,5.93894676,54571926.52799998
2012-04-24,5.93171296,6.19212999,5.9244788,6.0619213,132168554.49599996
2012-04-25,6.01128508,6.09809064,5.99681713,6.09809064,57763224.576
2012-04-26,6.10532371,6.11617477,5.95341399,5.99681713,78358413.312
2012-04-27,6.01490126,6.0583044,5.95703089,5.98958297,46066295.80799999
2012-05-02,6.04745334,6.12702582,6.01851816,6.06915545,72208862.20799997
2012-05-03,6.06915545,6.09085648,6.00766819,6.01490126,44647953.40799999
2012-05-04,6.00766819,6.0510706,5.99320023,6.04383644,38788927.488
2012-05-07,6.00766819,6.0546875,5.96064815,6.00405093,70704479.23200002
2012-05-08,5.98958297,5.99681713,5.94979782,5.9823499,48419942.4
2012-05-09,5.94979782,5.95703089,5.83044018,5.84490741,59077361.664
2012-05-10,5.84490741,5.88107639,5.81235532,5.83405635,35784336.38399999
2012-05-11,5.83405635,5.85937536,5.79065394,5.79427083,44933474.304
2012-05-14,5.83767325,5.84490741,5.75086806,5.76533565,57220300.8
2012-05-15,5.75086806,5.80873806,5.71469907,5.79427083,37174063.10399998
2012-05-16,5.78703704,5.78703704,5.69661458,5.70023148,41556354.04799999
2012-05-17,5.71469907,5.77618634,5.70023148,5.76533565,36879667.2
2012-05-18,5.71469907,5.75448495,5.6640625,5.68576389,43646017.536
2012-05-21,5.68576389,5.72916667,5.67853009,5.70384838,23692912.128
2012-05-22,5.72554977,5.78342014,5.72554977,5.77618634,31407851.51999999
2012-05-24,5.74363426,5.75448495,5.6676794,5.68214699,53657496.57600002
2012-05-25,5.68576389,5.70023148,5.64236111,5.64959491,27351950.7456
2012-05-28,5.64959491,5.71831597,5.61342593,5.71831597,37933719.55199998
2012-05-29,5.71469907,5.77256944,5.6604456,5.76171875,79296841.728
2012-05-30,5.73640046,5.74363426,5.64236111,5.67853009,60030968.83200003
2012-05-31,5.6676794,5.70384838,5.62789352,5.67491319,42370919.42399998
2012-06-01,5.67853009,5.74363426,5.6604456,5.70746528,43781437.43999998
2012-06-04,5.64597801,5.6568287,5.56278935,5.57002315,47493153.79200001
2012-06-05,5.58449074,5.59172454,5.51938657,5.51938657,68053920.76799998
2012-06-06,5.53385417,5.55193866,5.51576968,5.54108796,52216040.44799997
2012-06-07,5.58087384,5.59895833,5.48683449,5.50130208,36302515.2
2012-06-08,5.51576968,5.52300347,5.34215856,5.35662616,109916614.65599994
2012-06-11,5.37109375,5.40002894,5.32407407,5.34939236,73407955.96799998
2012-06-12,5.31684028,5.34577546,5.22641782,5.25535301,82434004.99200001
2012-06-13,5.2734375,5.39279514,5.24450231,5.36747685,71917037.56799999
2012-06-14,5.33854167,5.35662616,5.28428819,5.29513889,36074612.73600001
2012-06-15,5.32045718,5.55193866,5.32045718,5.48321759,116937658.36799996
2012-06-18,5.4759838,5.50853588,5.44704861,5.50130208,54945810.43200002
2012-06-19,5.47960069,5.55917245,5.4651331,5.51576968,41451153.408
2012-06-20,5.54470486,5.60619213,5.49768519,5.50853588,39732139.008
2012-06-21,5.50491898,5.50853588,5.37471065,5.38917824,40043427.84
2012-06-25,5.38194444,5.44704861,5.34215856,5.34215856,45441782.78399998
2012-06-26,5.35662616,5.42896412,5.34939236,5.38917824,37303676.92799999
2012-06-27,5.39279514,5.41087963,5.35300926,5.37471065,22609519.7184
2012-06-28,5.37471065,5.41087963,5.32045718,5.32769097,27882233.85600001
2012-06-29,5.34215856,5.50853588,5.31684028,5.48321759,51025655.80799998
2012-07-02,5.50853588,5.50853588,5.42534722,5.47960069,43032757.24799999
2012-07-03,5.4651331,5.52662037,5.43258102,5.4723669,34208317.44
2012-07-04,5.4723669,5.59895833,5.4723669,5.52662037,54651691.00799997
2012-07-05,5.50853588,5.54470486,5.47960069,5.49406829,28448879.61600002
2012-07-06,5.40726273,5.49768519,5.33492477,5.4759838,45744860.16000002
2012-07-09,5.44704861,5.44704861,5.32045718,5.32045718,44500064.25600002
2012-07-10,5.32407407,5.43619792,5.32045718,5.39279514,34203313.152
2012-07-11,5.37471065,5.41449653,5.34577546,5.37471065,20858870.4768
2012-07-12,5.36024306,5.40364583,5.29875579,5.38194444,53839199.23200003
2012-07-13,5.35300926,5.4759838,5.33492477,5.41811343,30606363.64800001
2012-07-16,5.42534722,5.45066551,5.37109375,5.37109375,30026474.49600002
2012-07-17,5.37109375,5.43981481,5.36024306,5.43619792,25325888.7168
2012-07-18,5.41811343,5.43619792,5.37109375,5.42896412,20905310.82239999
2012-07-19,5.42173032,5.4615162,5.38194444,5.43258102,37674187.77600001
2012-07-20,5.37832755,5.41087963,5.36024306,5.37109375,29509816.31999999
2012-07-23,5.33854167,5.35662616,5.30237269,5.35662616,41608525.82399998
2012-07-24,5.33492477,5.41449653,5.33130787,5.35300926,27908803.58399998
2012-07-25,5.35300926,5.37832755,5.28790509,5.29513889,27206997.81120001
2012-07-26,5.29513889,5.35662616,5.28428819,5.29875579,20156246.3232
2012-07-27,5.32407407,5.40364583,5.29875579,5.33492477,30318962.688
2012-07-30,5.33854167,5.45066551,5.33854167,5.37109375,32742503.42399999
2012-07-31,5.38556134,5.4723669,5.37471065,5.4615162,42338681.85600002
2012-08-01,5.45428241,5.50491898,5.42534722,5.48321759,33693871.10399999
2012-08-02,5.48321759,5.49768519,5.44704861,5.48321759,24628094.66879999
2012-08-03,5.47960069,5.49406829,5.43619792,5.47960069,26096153.70240001
2012-08-06,5.4723669,5.50491898,5.4615162,5.4615162,42387757.05600001
2012-08-07,5.45789931,5.47960069,5.40364583,5.41087963,44188637.184
2012-08-08,5.40726273,5.44343171,5.40364583,5.43981481,32497929.21600001
2012-08-09,5.43619792,5.43981481,5.39279514,5.43981481,23708359.0656
2012-08-10,5.45066551,5.48683449,5.45066551,5.45428241,29168142.33600002
2012-08-13,5.4615162,5.48683449,5.43258102,5.43619792,29857241.088
2012-08-14,5.43619792,5.53385417,5.40364583,5.51938657,49868752.89600002
2012-08-15,5.48321759,5.51215278,5.42896412,5.4615162,32110995.45600001
2012-08-16,5.43619792,5.43981481,5.37471065,5.39279514,40591687.68
2012-08-17,5.39279514,5.4615162,5.38194444,5.44704861,28753090.56
2012-08-20,5.42173032,5.42534722,5.32769097,5.37109375,43074201.6
2012-08-21,5.37109375,5.38194444,5.33130787,5.34939236,36003142.656
2012-08-22,5.35300926,5.35662616,5.28428819,5.30598958,34610512.89600001
2012-08-23,5.30960648,5.33130787,5.25896991,5.28790509,36298810.36799999
2012-08-24,5.2770544,5.2806713,5.19386574,5.19748264,52027757.56799998
2012-08-27,5.19386574,5.19748264,5.0817419,5.10344329,46382091.264
2012-08-28,5.11067708,5.23003472,5.0745081,5.19748264,43990456.32
2012-08-29,5.17216435,5.17939815,5.13237847,5.16493056,19210839.55199999
2012-08-30,5.12152778,5.19748264,5.11791088,5.16493056,24848147.8656
2012-08-31,5.15046296,5.21918403,5.13237847,5.13237847,23671993.6512
2012-09-03,5.14322917,5.17216435,5.12876157,5.13961227,27960394.75199998
2012-09-04,5.13961227,5.15407986,4.99855324,5.01663773,57440323.58399998
2012-09-05,5.00940394,5.01663773,4.89728009,4.92621528,47607146.49600002
2012-09-06,4.92983218,4.97323495,4.90451389,4.96600116,28632379.39199999
2012-09-07,4.99131944,5.20833333,4.97685185,5.13961227,77894839.29599997
2012-09-10,5.13599537,5.14684606,5.04557292,5.08897569,65464381.44
2012-09-11,5.06727431,5.0817419,5.03110532,5.0708912,24174543.0528
2012-09-12,5.09259259,5.11791088,5.01302083,5.05642361,33855750.14399999
2012-09-13,5.04918981,5.0745081,5.02387153,5.02387153,22793721.75360001
2012-09-14,5.05642361,5.11429398,5.01302083,5.0817419,42376863.74399998
2012-09-17,5.0708912,5.0708912,4.94791667,4.95876736,31716237.312
2012-09-18,4.94791667,4.94791667,4.8791956,4.8864294,33869325.312
2012-09-19,4.8900463,4.90813079,4.77792245,4.82494213,50968009.72799998
2012-09-20,4.81409144,4.81409144,4.70196759,4.70558449,50138597.376
2012-09-21,4.70196759,4.71281829,4.64048032,4.65856481,43549083.64799998
2012-09-24,4.63686343,4.70196759,4.55367477,4.66941551,49505485.82399998
2012-09-25,4.65856481,4.65856481,4.59346065,4.60792824,27323395.89120001
2012-09-26,4.61154514,4.62601273,4.55729167,4.57175926,19571784.192
2012-09-27,4.57175926,4.79600694,4.56814236,4.71281829,59550225.40799997
2012-09-28,4.6838831,4.75622106,4.66218171,4.74898727,41736784.89600002
2012-10-08,4.75260417,4.78515625,4.66579861,4.6875,29413684.22399999
2012-10-09,4.70196759,4.82132523,4.70196759,4.80685764,45568272.38399999
2012-10-10,4.80685764,4.81047454,4.77430556,4.80685764,27583187.5584
2012-10-11,4.81047454,4.81047454,4.76707176,4.78153935,26472379.39199999
2012-10-12,4.79962384,4.85749421,4.77792245,4.80685764,28049421.312
2012-10-15,4.81047454,4.81409144,4.72005208,4.73813657,24639753.8304
2012-10-16,4.74898727,4.82855903,4.72728588,4.78153935,34932280.32
2012-10-17,4.79962384,4.83940972,4.78515625,4.83217593,33697686.528
2012-10-18,4.83940972,4.90451389,4.82855903,4.8864294,44009754.62400002
2012-10-19,4.85387731,4.86834491,4.83217593,4.85749421,27845157.888
2012-10-22,4.83940972,4.8864294,4.80685764,4.87196181,37073009.66399999
2012-10-23,4.8755787,4.8828125,4.79962384,4.81047454,32295131.13600001
2012-10-24,4.79962384,4.84664352,4.78515625,4.80685764,24870161.2032
2012-10-25,4.81770833,4.82494213,4.77068866,4.77792245,34111411.2
2012-10-26,4.79962384,4.81047454,4.66579861,4.67664931,47383170.04799998
2012-10-29,4.66579861,4.72005208,4.65494792,4.6802662,35843392.512
2012-10-30,4.6802662,4.75260417,4.67303241,4.73451968,39514991.61600001
2012-10-31,4.74537037,4.77792245,4.72366898,4.75983796,20770684.416
2012-11-01,4.75983796,4.8864294,4.75622106,4.83940972,38155207.68
2012-11-02,4.83940972,4.90813079,4.83579282,4.89366319,45159413.76000002
2012-11-05,4.89728009,4.95876736,4.8828125,4.92259838,40574739.45600001
2012-11-06,4.91536458,4.92621528,4.83940972,4.91174769,35992028.16
2012-11-07,4.8864294,4.92983218,4.85749421,4.90089699,24376920.8832
2012-11-08,4.86111111,4.89366319,4.83940972,4.83940972,23425644.44159999
2012-11-09,4.83579282,4.86111111,4.82132523,4.85387731,17188968.96000001
2012-11-12,4.84302662,4.92983218,4.83940972,4.92621528,40186091.51999999
2012-11-13,4.92259838,4.92259838,4.83940972,4.85387731,27630122.80320001
2012-11-14,4.8828125,4.8828125,4.82132523,4.83940972,20808929.89439999
2012-11-15,4.81047454,4.84302662,4.73813657,4.75622106,21156166.656
2012-11-16,4.73813657,4.75622106,4.67303241,4.73813657,40797001.728
2012-11-19,4.70920139,4.74175347,4.67664931,4.73451968,27197155.12320001
2012-11-20,4.73451968,4.74175347,4.67303241,4.73090278,22051508.4288
2012-11-21,4.71643519,4.81047454,4.69835069,4.79600694,29839629.312
2012-11-22,4.78877315,4.79600694,4.74175347,4.75622106,13433903.3088
2012-11-23,4.77068866,4.82132523,4.75260417,4.79600694,22206367.64159999
2012-11-26,4.78877315,4.79239005,4.73813657,4.74898727,15862467.6864
2012-11-27,4.73090278,4.77068866,4.72366898,4.76707176,24538274.6112
2012-11-28,4.74537037,4.77068866,4.73090278,4.73451968,19944197.22239999
2012-11-29,4.73451968,4.73813657,4.60792824,4.60792824,56671266.81600002
2012-11-30,4.59346065,4.65856481,4.59346065,4.62962963,26720730.31679999
2012-12-03,4.63324653,4.64048032,4.52112269,4.54282407,38908422.14399998
2012-12-04,4.54282407,4.61877894,4.51388889,4.59346065,32327175.168
2012-12-05,4.57899306,4.87196181,4.56814236,4.84302662,111245571.072
2012-12-06,4.82855903,4.90451389,4.81409144,4.8864294,99813482.49599998
2012-12-07,4.8864294,5.0745081,4.8755787,5.0708912,126231892.99200006
2012-12-10,5.11791088,5.21556713,5.01663773,5.17939815,133212045.31199999
2012-12-11,5.13599537,5.19748264,5.09620949,5.10344329,72073635.84000003
2012-12-12,5.11067708,5.20471644,5.09620949,5.15046296,62870584.32000001
2012-12-13,5.13237847,5.14322917,5.0817419,5.0853588,52434238.464
2012-12-14,5.078125,5.49768519,5.0708912,5.49045139,214033591.2959999
2012-12-17,5.49768519,5.54108796,5.42534722,5.50491898,134861414.4
2012-12-18,5.47960069,5.59534144,5.43981481,5.51576968,113807324.16
2012-12-19,5.49768519,5.54832176,5.4759838,5.49045139,75085387.776
2012-12-20,5.4615162,5.47960069,5.34577546,5.4651331,81140078.59200002
2012-12-21,5.45428241,5.4759838,5.37109375,5.37832755,67812691.96799998
2012-12-24,5.36747685,5.50130208,5.36024306,5.39641204,60211344.38399998
2012-12-25,5.38556134,5.63512731,5.35300926,5.57364005,124383237.12000003
2012-12-26,5.57002315,5.58810764,5.51576968,5.55917245,85159793.664
2012-12-27,5.58087384,5.62789352,5.52300347,5.59895833,78418105.34400003
2012-12-28,5.58810764,5.70746528,5.55917245,5.64236111,67004679.16799998
2012-12-31,5.68214699,5.84852431,5.6604456,5.79427083,104698607.61599995
2013-01-04,5.90277778,5.94979782,5.75810185,5.78342014,122716035.072
2013-01-07,5.77980324,5.91362847,5.74363426,5.89554362,98750168.06400006
2013-01-08,5.89554362,5.92086263,5.73640046,5.78703704,86394221.56799997
2013-01-09,5.77256944,5.79427083,5.71469907,5.73640046,69487497.21599999
2013-01-10,5.73640046,5.82320602,5.71108218,5.74001736,66363577.34400001
2013-01-11,5.74001736,5.80150499,5.58810764,5.62065972,69470742.52799998
2013-01-14,5.60257523,6.18127894,5.60257523,6.18127894,259862418.43199992
2013-01-15,6.19212999,6.48148148,6.18127894,6.369358,272074125.3119999
2013-01-16,6.369358,6.47786458,6.22829825,6.4453125,188753144.83199996
2013-01-17,6.40191008,6.61169018,6.3151038,6.41637731,186837470.20800006
2013-01-18,6.46339735,6.66232639,6.36574074,6.62977431,183960861.69599998
2013-01-21,6.61892325,7.12528971,6.50679977,7.12528971,216245071.8719999
2013-01-22,7.03848343,7.55931713,6.99146412,7.40740741,295493529.6
2013-01-23,7.23741319,7.38208912,6.98061306,7.25188043,175757921.28
2013-01-24,7.24464735,7.44357639,6.98061306,7.03486726,237008719.8719999
2013-01-25,7.05295139,7.08188657,6.85040545,6.92635995,169845120.0
2013-01-28,6.92997685,7.6208044,6.92997685,7.6208044,321821337.6
2013-01-29,7.70399269,7.79441515,7.46166052,7.73292788,299398809.6
2013-01-30,7.63165509,7.71846065,7.52314779,7.71484375,161360640.0
2013-01-31,7.69314236,7.71846065,7.52314779,7.63165509,114983663.61599994
2013-02-01,7.60271991,8.15610496,7.51953161,8.11270255,227841776.64000005
2013-02-04,8.05121528,8.24291124,7.85228552,7.96079282,237059481.6
2013-02-05,7.86313657,8.0150463,7.66420754,7.87760453,118026823.67999998
2013-02-06,7.84866934,7.94994213,7.75824689,7.90653971,105290938.368
2013-02-07,7.84866934,7.8884545,7.34591978,7.54123264,162052365.31199998
2013-02-08,7.51591471,7.61357024,7.37485496,7.50506366,127740589.05599995
2013-02-18,7.56293403,7.77271412,7.49782986,7.55931713,116622885.88799998
2013-02-19,7.52314779,7.63527235,7.47612847,7.52676468,134509870.07999995
2013-02-20,7.54123264,7.59186921,7.12167282,7.34230288,182243920.89599997
2013-02-21,7.2337963,7.2337963,6.89380751,7.08912037,204662882.30400005
2013-02-22,7.05295139,7.12167282,6.85402235,6.91550962,129557200.89599995
2013-02-25,6.96614583,7.34230288,6.95167788,7.23741319,170394817.53599998
2013-02-26,7.16507487,7.94632487,7.12528971,7.54123264,286105651.2
2013-02-27,7.59910301,7.89207176,7.54123264,7.60271991,193723066.3680001
2013-02-28,7.64612232,8.31886574,7.60633717,8.31886574,309627740.1599999
2013-03-01,8.29354745,8.4056713,8.09100152,8.34056677,286937579.52
2013-03-04,8.1199367,8.31886574,7.78718207,7.86675347,303790694.4
2013-03-05,7.8848376,8.65523727,7.88122143,8.65523727,323201525.76
2013-03-06,8.86140046,8.93735496,8.65162037,8.77097801,314711930.88
2013-03-07,8.66247143,8.7239587,8.22844329,8.5865162,246805650.43199986
2013-03-08,8.60821723,8.67332176,8.12355288,8.26822953,255984067.5840001
2013-03-11,8.21759223,8.31163194,7.90292245,8.18504015,158504159.232
2013-03-12,8.17418981,8.24291124,7.70760959,7.85590242,232455840.76800013
2013-03-13,7.84505245,8.16695602,7.81611726,7.98972801,231386526.71999997
2013-03-14,7.95717593,7.98972801,7.70399269,7.83781829,159764963.328
2013-03-15,7.83420139,8.18504015,7.52314779,8.02951425,260879367.16800007
2013-03-18,7.84866934,7.95717593,7.67144061,7.72207755,206059106.30400005
2013-03-19,7.70399269,7.85951968,7.60995407,7.77633102,146471141.376
2013-03-20,7.75101273,8.41652199,7.74016204,8.35503472,362014617.6
2013-03-21,8.31524884,8.39482024,8.203125,8.30439779,197771037.69599995
2013-03-22,8.30078161,8.36950195,8.23929434,8.3297168,113861458.94400005
2013-03-25,8.36588505,8.42013925,8.1995081,8.23206019,125216050.17599995
2013-03-26,8.17057292,8.17057292,7.98611111,8.00781214,154766039.04000002
2013-03-27,8.01866319,8.1995081,7.92824074,8.0114294,106720422.91200002
2013-03-28,7.59548611,7.59548611,7.21209527,7.24103009,324875888.64
2013-03-29,7.24103009,7.36762189,7.1035876,7.27719944,157551685.632
2013-04-01,7.30613462,7.45081019,7.26996528,7.37485496,106594596.86400005
2013-04-02,7.37123806,7.55931713,7.30251772,7.39294018,128025391.10400005
2013-04-03,7.43634223,7.51953161,7.34591978,7.39655707,62094532.60799998
2013-04-08,7.1578418,7.26996528,7.08188657,7.20847801,112724987.90400004
2013-04-09,7.2301794,7.32783565,7.20124421,7.21209527,105198179.328
2013-04-10,7.19039316,7.19762731,6.9191258,7.01678241,140387447.80800003
2013-04-11,7.08550347,7.12528971,6.97699689,7.02039931,86203422.72000004
2013-04-12,7.03486726,7.04571759,6.79976816,6.8359375,222655647.74400002
2013-04-15,6.85040545,6.89380751,6.65870949,6.7129626,157858191.35999998
2013-04-16,6.62977431,6.78530093,6.54658565,6.78168403,181230566.4
2013-04-17,6.7635999,6.78891782,6.5285008,6.68764468,177694580.736
2013-04-18,6.58998806,6.94082791,6.54296875,6.90827546,249176134.656
2013-04-19,6.87210648,7.45081019,6.85040545,7.32060185,408742502.4
2013-04-22,7.2337963,7.36762189,7.20124421,7.31698495,191576973.31199998
2013-04-23,7.35315394,7.37485496,6.89019061,6.90104167,221919270.91199988
2013-04-24,6.78168403,7.1578418,6.7093457,7.01678241,202765040.64000008
2013-04-25,6.87210648,7.00954825,6.77806713,6.81061921,123546719.23200004
2013-04-26,6.86848958,6.95167788,6.74551505,6.7635999,93101598.72000004
2013-05-02,6.72743056,6.8431713,6.65509259,6.8395544,65684127.744
2013-05-03,6.86487269,7.3097508,6.82147027,7.13614005,199100464.12800008
2013-05-06,7.17592593,7.43634223,7.11805556,7.34591978,232393798.656
2013-05-07,7.29166667,7.37123806,7.19039316,7.32421875,117274742.78400007
2013-05-08,7.36038773,7.5484668,7.20486111,7.37123806,173847057.40800005
2013-05-09,7.33145255,7.33145255,7.16145797,7.28081561,133709349.88800001
2013-05-10,7.2337963,7.38570602,7.19401005,7.30251772,106789929.98400006
2013-05-13,7.27358254,7.30613462,7.16145797,7.20486111,89546287.10400002
2013-05-14,7.20486111,7.20847801,6.91189272,6.97699689,137731497.98400003
2013-05-15,6.97699689,7.0240162,6.92635995,6.98061306,66931052.54400001
2013-05-16,6.94806098,7.40379015,6.89019061,7.34591978,224810284.0319999
2013-05-17,7.33506981,7.42549226,7.20486111,7.37485496,164728719.35999995
2013-05-20,7.40740741,7.77633102,7.37123806,7.58825231,242465937.40800008
2013-05-21,7.52314779,7.67144061,7.50144676,7.63165509,123745397.75999999
2013-05-22,7.63165509,7.70037652,7.56655093,7.65335648,114217620.47999997
2013-05-23,7.59910301,7.66782444,7.4146412,7.421875,140288550.912
2013-05-24,7.43272533,7.57378508,7.34591978,7.48336263,92015308.8
2013-05-27,7.44719329,7.55208297,7.3386867,7.38570602,99130825.728
2013-05-28,7.38570602,7.84866934,7.32060185,7.8125,216654455.8080001
2013-05-29,7.81611726,7.84505245,7.67505751,7.69675962,147252639.74400002
2013-05-30,7.67505751,7.8052662,7.61718714,7.66782444,117626121.21599993
2013-05-31,7.68590856,7.77271412,7.58825231,7.59186921,100047605.76
2013-06-03,7.57016782,7.66420754,7.51953161,7.56293403,95051860.99200003
2013-06-04,7.56293403,7.71484375,7.51591471,7.64250543,122247539.71200001
2013-06-05,7.59910301,7.63527235,7.45804434,7.52676468,84532405.24800003
2013-06-06,7.44719329,7.51229745,7.24826425,7.28081561,120343449.6
2013-06-07,7.28081561,7.32783565,7.02039931,7.06380245,111145236.47999997
2013-06-13,6.98422996,6.99146412,6.7093457,6.79615198,105433602.04799995
2013-06-14,6.87210648,6.94444481,6.79976816,6.89380751,90838444.032
2013-06-17,6.92997685,7.07465242,6.85402235,6.95891204,85490436.09599999
2013-06-18,7.03486726,7.24826425,7.03486726,7.13614005,107716442.11200002
2013-06-19,7.07103552,7.07465242,6.92635995,6.95891204,102291379.2
2013-06-20,6.90393519,6.91550926,6.40625,6.46990741,156049891.2
2013-06-21,6.33680556,6.59143519,6.27893519,6.52777778,106099666.55999999
2013-06-24,6.42939815,6.42939815,5.87384259,5.87384259,201600921.6
2013-06-25,5.6712963,5.84490741,5.28935185,5.77546296,296725766.4
2013-06-26,5.78703704,5.78703704,5.54398148,5.64814815,175763692.8
2013-06-27,5.70023148,5.78703704,5.52083333,5.55555556,144437817.6
2013-06-28,5.49768519,5.86805556,5.38194444,5.76967593,160124065.91999993
2013-07-01,5.67708333,5.75810185,5.46296296,5.64236111,138273989.76
2013-07-02,5.65972222,5.6712963,5.4224537,5.55555556,140616639.35999998
2013-07-03,5.52662037,5.52662037,5.36458391,5.39930556,133256188.8
2013-07-04,5.33564815,5.53819444,5.21412037,5.4224537,139131630.71999994
2013-07-05,5.41087963,5.53819444,5.40509259,5.4224537,110841920.64000002
2013-07-08,5.3125,5.3587963,5.19097222,5.2025463,102817192.32
2013-07-09,5.21412037,5.27199074,5.19097222,5.20833333,88499640.96
2013-07-10,5.21412037,5.43981481,5.2025463,5.43981481,129123348.48000006
2013-07-11,5.49768519,5.9837963,5.49768519,5.9837963,299567980.8
2013-07-12,6.07638889,6.27314815,5.9375,5.9837963,366084403.2
2013-07-15,6.07638889,6.22685185,5.81018519,6.08217593,231838675.2
2013-07-16,5.98958333,6.04166667,5.86805556,6.00694444,175604198.4
2013-07-17,6.00115741,6.05324074,5.84490741,5.86805556,116413372.8
2013-07-18,5.83333333,5.8912037,5.65972222,5.68287037,139395548.16
2013-07-19,5.68287037,5.72916667,5.44560185,5.45717593,142969190.4
2013-07-22,5.34143519,5.49768519,5.27777778,5.45138889,113767597.44000001
2013-07-23,5.48032407,5.92592593,5.44560185,5.76388889,215558150.4
2013-07-24,5.66550926,5.71759259,5.52662037,5.64814815,155471927.04000002
2013-07-25,5.66550926,5.79861111,5.61342593,5.67708333,119210261.75999999
2013-07-26,5.61921296,5.64814815,5.52662037,5.5787037,80360743.68
2013-07-29,5.48032407,5.50925984,5.41666667,5.44560185,86076915.84
2013-07-30,5.49768519,5.74652778,5.47453704,5.60185185,116560684.8
2013-07-31,5.67708333,5.78125,5.52662037,5.54976852,78532208.64000003
2013-08-01,5.63657407,5.74074074,5.56134259,5.74074074,131803234.55999999
2013-08-02,5.79861111,5.84490741,5.66550926,5.68287037,99777726.72000003
2013-08-05,5.68287037,5.75231481,5.65393576,5.75231481,91831224.96
2013-08-06,5.71180556,5.78703704,5.65972222,5.74074074,103019886.72000003
2013-08-07,5.71759259,5.85648148,5.70023148,5.74652778,128522419.2
2013-08-08,5.70601852,5.81597222,5.68865741,5.72337963,94324469.75999998
2013-08-09,5.76967593,5.79861111,5.64236111,5.70023148,85991241.6
2013-08-12,5.71759259,6.0474537,5.70023148,5.97800926,232997126.4
2013-08-13,5.96643519,6.11111111,5.93171296,6.07638889,207964281.6
2013-08-14,6.08217593,6.26736111,6.00694444,6.03587963,201267936.0
2013-08-15,6.03009259,6.08796296,5.8912037,5.90277778,101391540.48
2013-08-16,5.8912037,6.49305556,5.79282407,6.12268519,437431795.2
2013-08-19,5.91435185,6.33680556,5.91435185,6.24421296,273992371.2
2013-08-20,6.19791667,6.51041667,6.12847222,6.36574074,264706617.6
2013-08-21,6.34837963,6.42361111,6.22106481,6.31365741,108311869.44000001
2013-08-22,6.28472222,6.51041667,6.25578704,6.33680556,136651380.48000008
2013-08-23,6.33680556,6.40625,6.04166667,6.14583333,180396460.8
2013-08-26,6.15162037,6.33680556,6.07638889,6.30787037,128437833.6
2013-08-27,6.30208333,6.37731481,6.22685185,6.2962963,101413607.04
2013-08-28,6.21527778,6.27314815,6.09375,6.15162037,117884712.96
2013-08-29,6.25,6.30208333,6.13425926,6.15740741,95256518.4
2013-08-30,6.09953704,6.27893519,6.08796296,6.1400463,89906250.24000002
2013-09-02,6.21527778,6.26736111,6.15162037,6.22106481,86440055.04
2013-09-03,6.24421296,6.48148148,6.2037037,6.48148148,200028441.6
2013-09-04,6.45833333,6.59722222,6.39467593,6.41203704,154244753.28000006
2013-09-05,6.41203704,6.44097222,6.35416667,6.38310185,59310161.27999998
2013-09-09,6.52777778,7.01967593,6.52777778,7.01967593,380936563.2
2013-09-10,7.1875,7.32060185,6.93865741,7.19907407,360338803.2
2013-09-11,7.17592593,7.6099537,7.06018519,7.34375,295182144.0
2013-09-12,7.24537037,8.02083333,7.17592593,7.79513889,316317312.0
2013-09-13,7.65625,7.92824074,7.54050926,7.64467593,205860096.0
2013-09-16,7.65046296,7.89351852,7.33217593,7.63888889,247858444.8
2013-09-17,7.6099537,7.73726852,7.37847222,7.40162037,162436492.8
2013-09-18,7.37847222,7.51736111,7.23958333,7.40162037,106618083.84
2013-09-23,7.40740741,7.50578704,7.30324074,7.4537037,125071810.55999999
2013-09-24,7.44212963,7.44791667,6.92708333,7.10069444,251629459.2
2013-09-25,7.04861111,7.20486111,6.93287037,6.96180556,134772024.95999998
2013-09-26,6.9212963,6.9212963,6.65509259,6.74768519,148730999.04000002
2013-09-27,6.73032407,6.95023148,6.71296296,6.88657407,118803438.71999995
2013-09-30,6.88657407,6.96759259,6.84027778,6.875,64558373.75999997
2013-10-08,6.875,7.1412037,6.66087963,7.06597222,127452908.16
2013-10-09,7.01388889,7.37847222,6.95601852,7.26273148,145857767.04000002
2013-10-10,7.29166667,7.37847222,7.06018519,7.10648148,134139144.96
2013-10-11,7.18171296,7.39583333,7.15277778,7.34375,159492119.04000002
2013-10-14,7.29166667,7.34375,7.21643519,7.22800926,95547859.2
2013-10-15,7.22800926,7.2337963,7.01967593,7.06597222,83715292.8
2013-10-16,7.03125,7.03703704,6.90393519,6.95023148,78174063.35999997
2013-10-17,7.01967593,7.08333333,6.94444444,6.94444444,54192827.52
2013-10-18,6.95023148,7.19907407,6.9212963,7.06018519,89104752.0
2013-10-21,7.06597222,7.16435185,6.95601852,7.13541667,104200577.27999997
2013-10-22,7.10648148,7.10648148,6.95023148,6.97337963,88974737.27999997
2013-10-23,7.04282407,7.61574074,7.03703704,7.28009259,266692089.6
2013-10-24,7.2974537,7.6099537,7.17592593,7.52314815,255361075.2
2013-10-25,7.48263889,7.98611111,7.44212963,7.77199074,249023289.6
2013-10-28,7.75462963,7.7662037,7.50578704,7.59837963,151850246.4
2013-10-29,7.6099537,8.33333333,7.6099537,8.1712963,370058112.0
2013-10-30,8.10185185,8.38541667,7.99189815,8.33333333,229102041.6
2013-10-31,8.24652778,8.28703704,7.95717593,8.04398148,192321043.2
2013-11-01,8.03240741,8.16550926,7.89930556,8.02662037,146002452.48000008
2013-11-04,8.09027778,8.15393519,7.79513889,7.84722222,127814716.8
2013-11-05,7.69675926,7.9224537,7.5,7.90509259,170559717.11999997
2013-11-06,7.76041667,7.80092593,7.55787037,7.6099537,123602008.31999996
2013-11-07,7.64467593,7.78935185,7.58101852,7.67939815,118627873.91999996
2013-11-08,7.58101852,7.83564815,7.56944444,7.71412037,124430152.31999996
2013-11-11,7.71412037,7.83564815,7.58101852,7.75462963,106419035.52
2013-11-12,7.76041667,8.15972222,7.76041667,8.13078704,187889932.8
2013-11-13,8.02662037,8.06134259,7.67939815,7.71412037,142805635.2
2013-11-14,7.66782407,7.73148148,7.50578704,7.60416667,166650497.28000003
2013-11-15,7.62731481,7.96875,7.55787037,7.73148148,167102749.44000006
2013-11-18,7.80092593,8.18287037,7.66782407,8.15393519,221453913.6
2013-11-19,8.125,8.1712963,7.96875,7.99768519,144354337.91999993
2013-11-20,8.10185185,8.21759259,7.95717593,8.09606481,121865212.8
2013-11-21,8.02662037,8.0787037,7.80092593,8.06712963,163239701.76000002
2013-11-22,8.03240741,8.04398148,7.91087963,7.91087963,93101892.48
2013-11-25,7.75462963,7.98032407,7.73148148,7.8125,91986399.35999998
2013-11-26,7.8125,7.88773148,7.75462963,7.79513889,67740986.88
2013-11-27,7.76041667,7.99768519,7.73726852,7.85300926,99646277.75999998
2013-11-28,7.85300926,7.98032407,7.83564815,7.88194444,106970198.4
2013-11-29,7.98611111,8.03819444,7.84722222,7.87037037,107164235.52
2013-12-02,7.89351852,8.13657407,7.84143519,7.95717593,211218969.6
2013-12-03,7.91666667,7.99768519,7.69675926,7.83564815,138660958.08000007
2013-12-04,7.8125,8.0150463,7.73148148,7.87037037,154103886.71999994
2013-12-05,7.8587963,7.88194444,7.73726852,7.77199074,104972561.27999997
2013-12-06,7.79513889,7.80092593,7.66203704,7.69097222,83134632.96
2013-12-09,7.69675926,7.74884259,7.62731481,7.63310185,72238106.88
2013-12-10,7.69675926,7.71990741,7.63888889,7.69097222,55992988.8
2013-12-11,7.63888889,7.66203704,7.33796296,7.43055556,159875268.48000008
2013-12-12,7.35532407,7.44791667,7.32638889,7.36111111,68785130.88
2013-12-13,7.33796296,7.34375,7.20486111,7.26273148,74363425.92
2013-12-16,7.2337963,7.42476852,7.2337963,7.37847222,96019395.84
2013-12-17,7.40162037,7.4537037,7.30324074,7.36111111,63535173.12000002
2013-12-18,7.34953704,7.43634259,7.32060185,7.38425926,40217558.4
2013-12-19,7.39583333,7.43634259,7.2337963,7.2337963,61551619.2
2013-12-20,7.23958333,7.28009259,6.89236111,6.89236111,117734497.91999996
2013-12-23,6.89814815,7.04861111,6.8287037,6.91550926,71220090.24000004
2013-12-24,6.94444444,7.01388889,6.71296296,6.77083333,89746202.88000003
2013-12-25,6.77083333,6.82291667,6.6724537,6.78240741,87419416.32
2013-12-26,6.77083333,6.77083333,6.61458333,6.62615741,69517595.52000001
2013-12-27,6.63194444,6.88078704,6.61458333,6.79976852,108978341.75999999
2013-12-30,6.82291667,6.85763889,6.77083333,6.79398148,75296718.72
2013-12-31,6.78819444,7.17013889,6.74189815,7.08912037,142882133.76
2014-01-02,7.01388889,7.11805556,6.97337963,7.0775463,84656603.52
2014-01-03,7.03125,7.03703704,6.81712963,6.90393519,95232637.44000003
2014-01-06,6.88078704,6.94444444,6.65509259,6.75347222,100590024.96
2014-01-07,6.6724537,6.80555556,6.66087963,6.73032407,58476816.0
2014-01-08,6.73611111,6.91550926,6.6724537,6.80555556,79102344.95999996
2014-01-09,6.7650463,6.93865741,6.74189815,6.84027778,83897579.52
2014-01-10,6.81712963,6.91550926,6.74768519,6.84027778,65870962.55999998
2014-01-13,6.8287037,6.89236111,6.64930556,6.71296296,82749634.55999997
2014-01-14,6.69560185,6.81712963,6.62615741,6.78240741,62627402.87999998
2014-01-15,6.77083333,6.79398148,6.68981481,6.75347222,51492343.67999999
2014-01-16,6.74768519,6.8287037,6.70138889,6.7650463,51769739.52
2014-01-17,6.72453704,6.73611111,6.62615741,6.64351852,73183201.92
2014-01-20,6.64351852,6.64351852,6.51041667,6.53935185,53087598.72000002
2014-01-21,6.55092593,6.68981481,6.55092593,6.57407407,45929376.0
2014-01-22,6.57407407,6.86342593,6.56828704,6.82291667,106977801.6
2014-01-23,6.81134259,6.82291667,6.74189815,6.77083333,64892534.4
2014-01-24,6.73611111,6.83449074,6.69560185,6.74768519,83856954.24000002
2014-01-27,6.68981481,6.73032407,6.56828704,6.59143519,76549933.44000003
2014-01-28,6.62615741,6.70717593,6.57986111,6.65509259,67337222.4
2014-01-29,6.67824074,6.73611111,6.65509259,6.68981481,53931640.32000001
2014-01-30,6.68402778,6.68402778,6.58564815,6.59722222,50356183.67999999
2014-02-07,6.55092593,6.58564815,6.42361111,6.58564815,72361278.72
2014-02-10,6.58564815,6.70717593,6.56828704,6.69560185,100435904.64000002
2014-02-11,6.6724537,7.13541667,6.61458333,6.94444444,226448352.0
2014-02-12,6.86921296,7.06018519,6.85763889,6.90972222,120030681.6
2014-02-13,6.84606481,7.2337963,6.8287037,7.07175926,210503750.4
2014-02-14,7.00810185,7.05439815,6.9212963,6.99074074,100628231.04
2014-02-17,7.00231481,7.04282407,6.86921296,6.92708333,105221704.32
2014-02-18,6.89236111,6.90393519,6.72453704,6.74768519,102999444.48
2014-02-19,6.71875,7.01967593,6.71875,6.94444444,170756622.71999997
2014-02-20,6.90393519,7.08912037,6.79976852,6.80555556,132420804.48000006
2014-02-21,6.84027778,6.85185185,6.70138889,6.71296296,82943412.48
2014-02-24,6.62615741,6.64351852,6.44675926,6.45833333,115399347.84
2014-02-25,6.46412037,6.56828704,6.36574074,6.37731481,94761342.72000003
2014-02-26,6.38310185,6.49305556,6.36574074,6.42939815,70491651.84000003
2014-02-27,6.4525463,6.56828704,6.37152778,6.50462963,95918860.8
2014-02-28,6.46412037,6.50462963,6.2962963,6.44097222,77109840.0
2014-03-03,6.37731481,6.41203704,6.32523148,6.38888889,73860249.6
2014-03-04,6.3599537,6.37731481,6.25,6.35416667,91166739.84
2014-03-05,6.30208333,6.35416667,6.15162037,6.19212963,92105285.75999998
2014-03-06,6.19791667,6.27893519,6.08217593,6.23263889,91131713.27999997
2014-03-07,6.22106481,6.33101852,6.2037037,6.25,84439463.04
2014-03-10,6.19212963,6.2037037,5.93171296,5.96643519,94058616.96
2014-03-11,5.96643519,6.01273148,5.84490741,5.92592593,77896408.32
2014-03-12,5.94328704,6.06481481,5.8912037,5.98958333,89010524.16
2014-03-13,6.06481481,6.24421296,6.00115741,6.11111111,108280834.55999999
2014-03-14,6.03587963,6.09375,5.94328704,5.97222222,77827824.0
2014-03-17,6.02430556,6.07638889,5.9837963,6.05902778,64450840.32000001
2014-03-18,6.05902778,6.08217593,5.97800926,6.00694444,74617614.72
2014-03-19,5.98958333,5.98958333,5.87384259,5.92592593,62731393.92
2014-03-20,5.91435185,5.95486111,5.81597222,5.84490741,78603523.2
2014-03-21,5.8275463,6.33101852,5.80439815,6.24421296,216313113.6
2014-03-24,6.23263889,6.32523148,6.15162037,6.24421296,145590687.35999998
2014-03-25,6.23263889,6.25578704,6.11111111,6.13425926,71842360.32000001
2014-03-26,6.16898148,6.22106481,6.09953704,6.19212963,62243596.8
2014-03-27,6.15740741,6.38310185,6.08796296,6.23263889,138781503.35999998
2014-03-28,6.19212963,6.34259259,6.17476852,6.23842593,92041902.72000003
2014-03-31,6.27893519,6.33101852,6.17476852,6.23263889,55491402.24000001
2014-04-01,6.2037037,6.30208333,6.19212963,6.25,48598773.12000002
2014-04-02,6.24421296,6.37152778,6.20949074,6.31365741,79556653.44000003
2014-04-03,6.34259259,6.37731481,6.22685185,6.23263889,78390875.52000003
2014-04-04,6.19212963,6.26157407,6.12847222,6.24421296,59113203.84000002
2014-04-08,6.23842593,6.64930556,6.23842593,6.52777778,232056748.8
2014-04-09,6.52199074,6.56828704,6.45833333,6.47569444,96309475.2
2014-04-10,6.48726852,6.71296296,6.45833333,6.57407407,133067802.24000001
2014-04-11,6.5625,6.65509259,6.51041667,6.59722222,102514515.84
2014-04-14,6.56828704,6.62615741,6.47569444,6.52777778,72876896.64000003
2014-04-15,6.48726852,6.49884259,6.31365741,6.34837963,92394224.64000002
2014-04-16,6.32523148,6.44097222,6.28472222,6.3599537,65084446.08
2014-04-17,6.37731481,6.41203704,6.26736111,6.30787037,52684179.84
2014-04-18,6.27893519,6.2962963,6.2037037,6.25,55908420.48
2014-04-21,6.22106481,6.30787037,6.17476852,6.18634259,51521356.8
2014-04-22,6.19791667,6.46990741,6.18055556,6.40046296,90423060.48
2014-04-23,6.41203704,6.62615741,6.41203704,6.53935185,205809638.4
2014-04-24,6.6087963,6.62615741,6.43518519,6.49884259,109556046.71999998
2014-04-25,6.49884259,6.66666667,6.42939815,6.51041667,123437122.55999999
2014-04-28,6.51041667,6.52777778,6.34259259,6.38310185,90900576.0
2014-04-29,6.37731481,6.51041667,6.31944444,6.45833333,71473812.47999999
2014-04-30,6.46990741,6.49305556,6.41782407,6.44675926,44858257.92
2014-05-05,6.42361111,6.42939815,6.26736111,6.3599537,69685142.4
2014-05-06,6.31944444,6.41782407,6.30787037,6.33680556,46270811.52
2014-05-07,6.31365741,6.33680556,6.27893519,6.27893519,41802099.84
2014-05-08,6.26736111,6.4525463,6.25578704,6.32523148,65598491.52
2014-05-09,6.32523148,6.44097222,6.30787037,6.39467593,55626894.72000002
2014-05-12,6.4525463,6.59722222,6.37731481,6.5625,104024200.32
2014-05-13,6.55671296,6.57407407,6.47569444,6.49884259,52847994.24
2014-05-14,6.48726852,6.62037037,6.48726852,6.54513889,71905847.04000004
2014-05-15,6.53935185,6.56828704,6.4525463,6.47569444,54022049.27999998
2014-05-16,6.47569444,6.5625,6.46990741,6.52199074,53874391.67999999
2014-05-19,6.52199074,6.52777778,6.44675926,6.52199074,45119047.67999999
2014-05-20,6.51041667,6.5625,6.46412037,6.50462963,35556364.8
2014-05-21,6.48148148,6.58564815,6.41203704,6.55671296,45475482.24
2014-05-22,6.55671296,6.74768519,6.53356481,6.59143519,106987685.75999999
2014-05-23,6.59722222,6.71875,6.57407407,6.70138889,71773603.2
2014-05-26,6.74189815,6.74189815,6.63194444,6.70138889,54602933.75999999
2014-05-27,6.6724537,6.77083333,6.65509259,6.70138889,49145650.55999998
2014-05-28,6.69560185,6.73032407,6.59143519,6.71296296,73792097.28
2014-05-29,6.70717593,6.79398148,6.64930556,6.65509259,62594812.8
2014-05-30,6.64930556,6.72453704,6.63194444,6.65509259,55083991.67999999
2014-06-03,6.65509259,6.7650463,6.65509259,6.66087963,48058081.92
2014-06-04,6.66087963,6.66666667,6.51041667,6.55671296,55968140.15999999
2014-06-05,6.53935185,6.62037037,6.53356481,6.61458333,42559136.63999998
2014-06-06,6.62037037,6.64351852,6.53356481,6.58564815,32216071.67999998
2014-06-09,6.56828704,6.67824074,6.55092593,6.64351852,54176601.6
2014-06-10,6.66666667,6.79976852,6.63773148,6.79976852,107478610.55999999
2014-06-11,6.75925926,6.85185185,6.73032407,6.81712963,74862714.24000002
2014-06-12,6.68055556,6.78472292,6.66666667,6.74305556,52911648.0
2014-06-13,6.73611111,7.20833333,6.72222222,7.02777778,178488720.0
2014-06-16,6.98611111,7.11111111,6.95833333,7.03472222,126458251.2
2014-06-17,6.97916667,7.06944444,6.93055556,6.97222222,78026097.6
2014-06-18,6.97222222,6.98611111,6.8125,6.84722222,77551214.4
2014-06-19,6.84722222,6.90277778,6.72222222,6.79166667,69563664.0
2014-06-20,6.78472292,6.84027778,6.76388889,6.84027778,53578209.6
2014-06-23,6.84027778,6.90972222,6.77777778,6.78472292,62043811.2
2014-06-24,6.79166667,6.84027778,6.77777778,6.80555556,40981420.8
2014-06-25,6.80555556,6.8125,6.69444444,6.78472292,39061814.4
2014-06-26,6.74305556,6.82638889,6.74305556,6.81944444,49375468.8
2014-06-27,6.79861111,6.85416667,6.74305556,6.81944444,52922995.2
2014-06-30,6.80555556,6.92361111,6.79861111,6.88194444,64402257.6
2014-07-01,6.88194444,6.90972222,6.82638889,6.84722222,41031892.8
2014-07-02,6.84722222,6.875,6.8125,6.86805556,41190004.8
2014-07-03,6.86805556,6.9375,6.82638889,6.91666667,64354305.6
2014-07-04,6.92361111,6.95138889,6.84722222,6.88194444,49292827.2
2014-07-07,6.88194444,6.89583333,6.80555556,6.84722222,49400870.4
2014-07-08,6.83333333,6.89583333,6.78472292,6.89583333,49836528.0
2014-07-09,6.88888889,6.88888889,6.65277778,6.70138889,84656318.4
2014-07-10,6.70833333,6.75694444,6.67361111,6.71527778,51877123.2
2014-07-11,6.70833333,6.73611111,6.69444444,6.71527778,45838094.4
2014-07-14,6.72222222,6.75,6.64583333,6.75,66688718.4
2014-07-16,6.73611111,6.74305556,6.61111181,6.67361111,88949203.2
2014-07-17,6.66666667,6.68055556,6.61805556,6.65972222,46090483.2
2014-07-18,6.63194444,6.70138889,6.61805556,6.66666667,54016588.8
2014-07-21,6.66666667,6.66666667,6.61805556,6.63194444,39311294.4
2014-07-22,6.61805556,6.80555556,6.61111181,6.75694444,88372641.6
2014-07-23,6.73611111,6.82638889,6.72222222,6.77777778,80021332.8
2014-07-24,6.78472292,7.15277778,6.77777778,7.05555556,260038656.0
2014-07-25,7.08333333,7.125,7.0,7.09722222,122963601.6
2014-07-28,7.125,7.56944444,7.11111111,7.48611111,268974576.0
2014-07-29,7.51388889,7.70833333,7.45138889,7.51388889,173063088.0
2014-07-30,7.51388889,7.70833333,7.45138889,7.46527778,116643686.4
2014-07-31,7.46527778,7.56944444,7.39583333,7.54861111,91840953.6
2014-08-01,7.52777778,7.69444444,7.43055556,7.43055556,123049396.8
2014-08-04,7.43055556,7.59027778,7.36111111,7.59027778,119609841.6
2014-08-05,7.60416667,7.70138889,7.4375,7.51388889,108313243.2
2014-08-06,7.46527778,7.46527778,7.29861111,7.39583333,120189254.4
2014-08-07,7.39583333,7.41666667,7.27777778,7.29166667,85886596.8
2014-08-08,7.3125,7.375,7.26388889,7.31944444,80013844.8
2014-08-11,7.33333333,7.46527778,7.33333333,7.4375,89471793.6
2014-08-12,7.39583333,7.40277778,7.30555556,7.36111111,69242745.6
2014-08-13,7.34722222,7.4375,7.28472222,7.39583333,76804560.0
2014-08-14,7.41666667,7.46527778,7.29861111,7.31944444,75411820.8
2014-08-15,7.31944444,7.38194444,7.25694444,7.34722222,97212931.2
2014-08-18,7.35416667,7.42361111,7.32638889,7.39583333,84819384.0
2014-08-19,7.39583333,7.40972222,7.29861111,7.34722222,83638310.4
2014-08-20,7.34027778,7.34027778,7.25,7.27083333,82553140.8
2014-08-21,7.25694444,7.27083333,7.11805556,7.18055556,91041192.0
2014-08-22,7.14583333,7.22916667,7.125,7.1875,69344884.8
2014-08-25,7.1875,7.1875,7.06944444,7.09027778,73358553.6
2014-08-26,7.07638889,7.13194444,7.04166667,7.07638889,66407774.4
2014-08-27,7.07638889,7.21527778,7.0625,7.11111111,82533139.2
2014-08-28,7.11111111,7.11805556,7.04166667,7.04861111,63211651.2
2014-08-29,7.04861111,7.11805556,7.04166667,7.11805556,49496601.6
2014-09-01,7.11111111,7.17361111,7.0625,7.15277778,70240636.8
2014-09-02,7.1875,7.28472222,7.11111111,7.25694444,113472720.0
2014-09-03,7.27083333,7.35416667,7.24305556,7.29166667,110437747.2
2014-09-04,7.29166667,7.32638889,7.20833333,7.32638889,90454824.0
2014-09-05,7.32638889,7.38888889,7.29166667,7.34027778,86094446.4
2014-09-09,7.32638889,7.34722222,7.23611111,7.26388889,81604454.4
2014-09-10,7.22222222,7.22916667,7.15972222,7.17361111,76549435.2
2014-09-11,7.17361111,7.32638889,7.15277778,7.20138889,102738412.8
2014-09-12,7.20138889,7.20833333,7.13194444,7.20138889,58846233.6
2014-09-15,7.17361111,7.17361111,7.11805556,7.15972222,74220249.6
2014-09-16,7.16666667,7.26388889,7.11111111,7.11805556,119281032.0
2014-09-17,7.15277778,7.1875,7.08333333,7.125,80171712.0
2014-09-18,7.09027778,7.26388889,7.06944444,7.17361111,110636510.4
2014-09-19,7.15277778,7.22222222,7.125,7.20833333,82188604.8
2014-09-22,7.17361111,7.18055556,6.95833333,6.98611111,113787604.8
2014-09-23,6.98611111,7.04166667,6.97916667,7.01388889,66550752.0
2014-09-24,6.99305556,7.15277778,6.97222222,7.13888889,109519617.6
2014-09-25,7.16666667,7.17361111,7.04861111,7.06944444,97512091.2
2014-09-26,7.05555556,7.0625,6.98611111,7.02777778,65323195.2
2014-09-29,7.04166667,7.07638889,7.00694444,7.02777778,87171652.8
2014-09-30,7.04166667,7.05555556,7.01388889,7.04166667,69693465.6
2014-10-08,7.0625,7.125,7.04166667,7.125,97154956.8
2014-10-09,7.125,7.14583333,7.05555556,7.08333333,95384678.4
2014-10-10,7.05555556,7.08333333,7.03472222,7.05555556,94946256.0
2014-10-13,7.02777778,7.04166667,6.97222222,7.01388889,74862057.6
2014-10-14,7.00694444,7.08333333,6.99305556,7.02777778,82927195.2
2014-10-15,7.02083333,7.06944444,6.95833333,7.05555556,86063011.2
2014-10-16,7.01388889,7.1875,7.0,7.08333333,190617840.0
2014-10-17,7.08333333,7.09722222,6.98611111,7.02777778,100873612.8
2014-10-20,7.04861111,7.07638889,7.00694444,7.0625,88008552.0
2014-10-21,7.04166667,7.05555556,6.99305556,7.00694444,70030540.8
2014-10-22,7.0,7.07638889,6.98611111,7.01388889,80562254.4
2014-10-23,7.02777778,7.18055556,7.02777778,7.11111111,228309120.0
2014-10-24,7.17361111,7.1875,7.04861111,7.06944444,118222444.8
2014-10-27,7.01388889,7.03472222,6.93055556,6.95833333,105057907.2
2014-10-28,6.97916667,7.07638889,6.97916667,7.0625,76413744.0
2014-10-29,7.07638889,7.20833333,7.04166667,7.15277778,153399744.0
2014-10-30,7.15972222,7.32638889,7.09027778,7.24305556,218971152.0
2014-10-31,7.29166667,7.88194444,7.26388889,7.65972222,517404096.0
2014-11-03,7.75,7.81944444,7.625,7.71527778,276024240.0
2014-11-04,7.74305556,7.76388889,7.48611111,7.53472222,189934848.0
2014-11-05,7.53472222,7.60416667,7.40277778,7.51388889,185166288.0
2014-11-06,7.51388889,7.56944444,7.45833333,7.52777778,92897841.6
2014-11-07,7.50694444,7.90277778,7.47916667,7.57638889,321749136.0
2014-11-10,7.67361111,7.8125,7.54166667,7.73611111,233474112.0
2014-11-11,7.71527778,8.08333333,7.6875,7.82638889,429320304.0
2014-11-12,7.77083333,7.78472222,7.63194444,7.77777778,200082672.0
2014-11-13,7.76388889,7.88888889,7.65972222,7.67361111,193015296.0
2014-11-14,7.63888889,7.64583333,7.5,7.59027778,129819830.4
2014-11-17,7.60416667,7.63194444,7.4375,7.47222222,128101608.0
2014-11-18,7.45833333,7.50694444,7.33333333,7.36805556,133962696.0
2014-11-19,7.36111111,7.40277778,7.31944444,7.38194444,85198579.2
2014-11-20,7.34722222,7.42361111,7.29166667,7.38194444,98430422.4
2014-11-21,7.375,7.54166667,7.29166667,7.5,165129408.0
2014-11-24,7.36805556,7.60416667,7.30555556,7.48611111,320741136.0
2014-11-25,7.46527778,7.65277778,7.42361111,7.625,225763632.0
2014-11-26,7.63194444,7.89583333,7.58333333,7.78472222,314628336.0
2014-11-27,7.88194444,7.99305556,7.72222222,7.85416667,302955408.0
2014-11-28,7.82638889,8.63888889,7.76388889,8.63888889,697656816.0
2014-12-01,8.75,9.05555556,8.4375,8.46527778,642990816.0
2014-12-02,8.43055556,9.30555556,8.38888889,9.11111111,502619184.0
2014-12-03,9.11111111,9.64583333,8.82638889,9.09722222,575644320.0
2014-12-04,9.125,9.70138889,8.95833333,9.69444444,496826064.0
2014-12-05,9.75694444,10.57638889,9.38888889,10.09027778,635572368.0
2014-12-08,9.86805556,10.76388889,9.72222222,10.57638889,565681392.0
2014-12-09,10.38888889,10.78472222,9.52083333,9.52083333,582540480.0
2014-12-10,9.44444444,9.97222222,9.04166667,9.85416667,508009536.0
2014-12-11,9.59027778,10.125,9.50694444,9.66666667,322271424.0
2014-12-12,9.65277778,9.86111111,9.5,9.68055556,236722896.0
2014-12-15,9.54861111,9.54861111,9.21527778,9.43055556,259334928.0
2014-12-16,9.375,9.99305556,9.33333333,9.99305556,355546512.0
2014-12-17,10.0,10.88194444,9.86111111,10.66666667,633623904.0
2014-12-18,10.70138889,10.79861111,10.13888889,10.34027778,355716144.0
2014-12-19,10.29166667,10.54861111,10.02777778,10.41666667,278698464.0
2014-12-22,10.34722222,11.22222222,10.28472222,10.65277778,499304304.0
2014-12-23,10.40972222,10.61111111,10.06944444,10.24305556,258890544.0
2014-12-24,10.23611111,10.3125,9.5,9.77083333,289479024.0
2014-12-25,9.96527778,10.24305556,9.75,10.20138889,287607744.0
2014-12-26,10.14583333,10.54166667,10.08333333,10.48611111,350938512.0
2014-12-29,10.84027778,11.14583264,10.24305556,10.36111111,372405312.0
2014-12-30,10.36805556,10.82638889,10.32638889,10.76388889,340715232.0
2014-12-31,10.84027778,11.02777778,10.625,11.0,345609504.0
2015-01-05,11.10416667,11.30555625,10.83333333,11.125,411902784.0
2015-01-06,11.00694444,11.38194375,10.79861111,10.95833333,311964624.0
2015-01-07,10.80555556,10.99305556,10.625,10.75,244817424.0
2015-01-08,10.76388889,10.8125,10.34722222,10.38888889,202710816.0
2015-01-09,10.34722222,11.02083333,10.21527778,10.47222222,361224000.0
2015-01-12,10.32638889,10.45138889,10.06944444,10.25694444,223673904.0
2015-01-13,10.17361111,10.34722222,10.14583333,10.19444444,117629971.2
2015-01-14,10.26388889,10.55555556,10.20833333,10.28472222,181876320.0
2015-01-15,10.3125,10.65972222,10.21527778,10.65972222,178872480.0
2015-01-16,10.69444444,10.84722222,10.54166667,10.67361111,224041824.0
2015-01-19,9.72916667,10.11805556,9.60416667,9.60416667,307745856.0
2015-01-20,9.60416667,9.76388889,9.41666667,9.60416667,214706592.0
2015-01-21,9.63888889,10.13888889,9.54861111,10.01388889,279436320.0
2015-01-22,9.95833333,10.08333333,9.83333333,9.93055556,180722304.0
2015-01-23,9.97222222,10.15972222,9.93055556,10.0,210122208.0
2015-01-26,9.97222222,10.02777778,9.83333333,9.95833333,152295264.0
2015-01-27,9.96527778,9.97916667,9.60416667,9.71527778,192887280.0
2015-01-28,9.63194444,9.93055556,9.58333333,9.76388889,178686432.0
2015-01-29,9.59722222,9.72916667,9.54861111,9.65277778,146412432.0
2015-01-30,9.67361111,9.80555556,9.55555556,9.67361111,133936804.8
2015-02-02,9.44444444,9.58333333,9.40972222,9.46527778,123974236.8
2015-02-03,9.56944444,9.71527778,9.45833333,9.6875,127202270.4
2015-02-04,9.72222222,9.75,9.51388889,9.52083333,116297726.4
2015-02-05,9.93055556,10.02083333,9.55555556,9.57638889,275576976.0
2015-02-06,9.50694444,9.6875,9.30555556,9.38194444,148378896.0
2015-02-09,9.375,9.5,9.18055556,9.38888889,136308427.2
2015-02-10,9.36805556,9.59722222,9.31944444,9.5625,104382057.6
2015-02-11,9.56944444,9.61805556,9.5,9.53472222,79826328.0
2015-02-12,9.54861111,9.65277778,9.45833333,9.625,87655060.8
2015-02-13,9.67361111,9.84722222,9.61111111,9.6875,127835006.4
2015-02-16,9.6875,9.72916667,9.53472222,9.66666667,103853145.6
2015-02-17,9.69444444,9.79861111,9.67361111,9.71527778,97990790.4
2015-02-25,9.75,9.75694444,9.55555556,9.58333333,83144491.2
2015-02-26,9.58333333,9.77777778,9.44444444,9.77083333,147678336.0
2015-02-27,9.76388889,9.83333333,9.69444444,9.71527778,114274094.4
2015-03-02,9.74305556,9.78472222,9.63194444,9.74305556,146706768.0
2015-03-03,9.70833333,9.70833333,9.4375,9.44444444,152564544.0
2015-03-04,9.45833333,9.52777778,9.375,9.42361111,117356112.0
2015-03-05,9.375,9.39583333,9.22916667,9.29166667,119319105.6
2015-03-06,9.28472222,9.38194444,9.27083333,9.33333333,80214868.8
2015-03-09,9.35416667,9.95833333,9.25,9.82638889,317566656.0
2015-03-10,9.72222222,9.80555556,9.5625,9.5625,199541664.0
2015-03-11,9.57638889,9.77777778,9.57638889,9.625,130082990.4
2015-03-12,9.86111111,10.38888889,9.77777778,10.13888889,475939728.0
2015-03-13,10.34722222,10.84027778,10.27777778,10.40972222,455614272.0
2015-03-16,10.48611111,10.76388889,10.36111111,10.70138889,319459968.0
2015-03-17,10.77083333,10.97222222,10.59027778,10.69444444,282217248.0
2015-03-18,10.66666667,10.81944444,10.61805556,10.77083333,263664144.0
2015-03-19,10.75,10.75,10.5,10.54861111,227563200.0
2015-03-20,10.54861111,10.79861111,10.45833333,10.63888889,284600736.0
2015-03-23,10.64583333,10.80555556,10.64583333,10.71527778,256616064.0
2015-03-24,10.71527778,10.82638889,10.56944444,10.65972222,224523792.0
2015-03-25,10.61111111,10.63888889,10.34027778,10.35416667,229171392.0
2015-03-26,10.31944444,10.70833333,10.21527778,10.49305556,214256448.0
2015-03-27,10.48611111,10.61805556,10.31944444,10.47222222,150860016.0
2015-03-30,10.57638889,11.06944444,10.48611111,10.875,371896416.0
2015-03-31,11.13888958,11.52777778,10.85416667,10.9375,393578352.0
2015-04-01,10.98611111,11.20833264,10.79861111,11.08333333,236637504.0
2015-04-02,11.17361111,11.20833264,10.84722222,10.97222222,202440528.0
2015-04-03,10.90277778,11.06944444,10.84027778,11.00694444,206631504.0
2015-04-07,11.21527778,11.77777708,11.21527778,11.67361042,426307968.0
2015-04-08,11.75694444,12.55555556,11.5625,12.44444444,485517024.0
2015-04-09,12.46527847,13.22916597,12.3125,12.5,456921072.0
2015-04-10,12.5,13.74999931,12.39583333,13.74999931,480990240.0
2015-04-13,14.16666667,14.3,13.45833333,13.78333417,576858360.0
2015-04-14,13.75,13.75,13.41666667,13.5833325,296685000.0
2015-04-15,13.5833325,14.40000083,13.41666667,13.875,410117040.0
2015-04-16,13.61666667,14.25,13.54166667,14.16666667,296088840.0
2015-04-17,14.58333333,14.58333333,13.99999917,14.10833333,313142760.0
2015-04-20,14.25,14.33333417,13.46666667,13.5833325,413670840.0
2015-04-21,13.6,13.9166675,13.31666667,13.79999917,289912440.0
2015-04-22,13.81666667,14.15,13.75,14.12500083,332777040.0
2015-04-23,14.15,14.20000083,13.79999917,13.88333333,278362560.0
2015-04-24,13.5833325,13.75833333,13.34166667,13.44999917,293140440.0
2015-04-27,13.5083325,13.83333333,13.50000083,13.68333333,295267680.0
2015-04-28,13.70833417,14.4833325,13.51666583,13.9166675,571625280.0
2015-04-29,13.88333333,13.95833333,13.50000083,13.875,258142560.0
2015-04-30,14.025,14.38333333,13.9,13.9166675,346876200.0
2015-05-04,13.9166675,13.9166675,13.5666675,13.76666667,171309000.0
2015-05-05,13.675,13.76666667,12.91666667,13.21666667,275921040.0
2015-05-06,13.18333333,13.5833325,12.90833333,13.1,233989320.0
2015-05-07,13.1,13.23333333,12.91666667,13.05833333,151044960.0
2015-05-08,13.09166667,13.31666667,12.91666667,13.20833333,164936160.0
2015-05-11,13.16666667,13.43333417,12.90833333,13.35833417,254769240.0
2015-05-12,13.31666667,13.48333333,13.04166667,13.3,238758720.0
2015-05-13,13.48333333,13.54166667,13.11666667,13.23333333,210787440.0
2015-05-14,13.33333333,13.37499917,13.075,13.24166667,172563360.0
2015-05-15,13.16666667,13.23333333,12.725,12.875,210326040.0
2015-05-18,12.66666667,12.79166667,12.475,12.65,184450080.0
2015-05-19,12.64166667,13.11666667,12.54166667,12.99166667,230137560.0
2015-05-20,13.34166667,13.45833333,13.0,13.11666667,310760040.0
2015-05-21,13.16666667,13.24166667,13.01666667,13.15833333,168701640.0
2015-05-22,13.25833333,13.5833325,13.18333333,13.55833333,314628960.0
2015-05-25,13.625,13.92499917,13.625,13.83333333,327644400.0
2015-05-26,13.8583325,13.9166675,13.5666675,13.85000083,335065080.0
2015-05-27,13.85000083,14.09166667,13.66666667,13.73333333,280946160.0
2015-05-28,13.75,13.75833333,12.85833333,12.91666667,327967320.0
2015-05-29,12.925,13.05833333,12.59166667,12.76666667,241791960.0
2015-06-01,12.775,13.31666667,12.65833333,13.25,259003440.0
2015-06-02,13.24166667,13.25,12.93333333,13.14166667,228578640.0
2015-06-03,13.14166667,13.29166667,12.91666667,13.19166667,237027840.0
2015-06-04,13.20833333,13.81666667,13.05,13.6416675,441903960.0
2015-06-05,13.9166675,13.99999917,13.35833417,13.5833325,342654720.0
2015-06-08,13.6,14.5416675,13.4916675,14.40833417,610326000.0
2015-06-09,14.4666675,14.5416675,13.9,14.15,394436160.0
2015-06-10,13.99999917,14.10833333,13.77500083,13.9,263806440.0
2015-06-11,13.9,13.975,13.625,13.73333333,204835200.0
2015-06-12,13.73333333,13.8583325,13.59166583,13.75833333,228406680.0
2015-06-15,13.77500083,13.83333333,13.25,13.26666667,263061240.0
2015-06-16,13.16666667,13.3833325,12.91666667,13.03333333,217461600.0
2015-06-17,13.19166667,13.24166667,12.875,13.10833333,205913040.0
2015-06-18,13.06666667,13.06666667,12.50833333,12.81666667,192306600.0
2015-06-19,12.70833333,12.825,12.08333333,12.19166667,187862400.0
2015-06-23,12.2,12.475,11.75833333,12.45833333,216658560.0
2015-06-24,12.5,12.60833333,12.25,12.6,183839520.0
2015-06-25,12.98333333,13.025,12.3,12.39166667,249499800.0
2015-06-26,12.2,12.45833333,11.15,11.475,306638640.0
2015-06-29,11.73333333,11.79166667,10.625,11.3,313553160.0
2015-06-30,11.28333333,12.11666667,11.15,12.11666667,305772360.0
2015-07-01,11.95833333,12.15833333,11.45,11.6,220248720.0
2015-07-02,11.58333333,11.925,11.15,11.45833333,237939120.0
2015-07-03,11.65,11.65833333,10.65833333,10.89166667,311694960.0
2015-07-06,11.91666667,11.925,11.075,11.56666667,405783240.0
2015-07-07,11.38333333,12.20833333,11.00833333,12.20833333,576997440.0
2015-07-08,11.50833333,11.66666667,10.99166667,10.99166667,599603640.0
2015-07-09,10.99166667,12.03333333,10.09166667,11.88333333,521322600.0
2015-07-10,11.54166667,12.8,11.34166667,12.38333333,558118560.0
2015-07-13,12.0,12.40833333,11.76666667,12.03333333,392183520.0
2015-07-14,11.83333333,11.98333333,11.25833333,11.55833333,309627600.0
2015-07-15,11.38333333,11.63333333,11.16666667,11.31666667,195170760.0
2015-07-16,11.33333333,11.46666667,11.18333333,11.33333333,166672800.0
2015-07-17,11.38333333,11.61666667,11.275,11.51666667,201676560.0
2015-07-20,11.5,11.5,11.275,11.33333333,163041960.0
2015-07-21,11.25833333,11.36666667,11.15,11.30833333,135797280.0
2015-07-22,11.24166667,11.28333333,11.11666667,11.26666667,136570920.0
2015-07-23,11.21666667,11.45833333,11.175,11.39166667,178043520.0
2015-07-24,11.4,11.41666667,11.1,11.15,160717200.0
2015-07-27,11.04166667,11.1,10.03333333,10.36666667,214543080.0
2015-07-28,10.15833333,10.63333333,10.125,10.51666667,241344120.0
2015-07-29,10.5,10.51666667,10.31666667,10.5,116601948.0
2015-07-30,10.50833333,10.53333333,10.19166667,10.21666667,92433468.0
2015-07-31,10.13333333,10.35,10.01666667,10.3,144329640.0
2015-08-03,10.16666667,10.70833333,10.125,10.68333333,168614760.0
2015-08-04,10.64166667,10.825,10.49166667,10.71666667,92992512.0
2015-08-05,10.66666667,10.79166667,10.475,10.49166667,66216288.0
2015-08-06,10.41666667,10.60833333,10.35833333,10.44166667,54026220.0
2015-08-07,10.50833333,10.6,10.45,10.50833333,74641236.0
2015-08-10,10.55,10.825,10.45833333,10.76666667,126373440.0
2015-08-11,10.75833333,10.79166667,10.65833333,10.7,99419208.0
2015-08-12,10.575,10.64166667,10.46666667,10.475,82418652.0
2015-08-13,10.425,10.55833333,10.35,10.475,72761328.0
2015-08-14,10.575,10.625,10.48333333,10.53333333,98854716.0
2015-08-17,10.50833333,10.575,10.375,10.45,81557112.0
2015-08-18,10.41666667,10.61666667,9.95833333,10.225,141158880.0
2015-08-19,10.08333333,10.19166667,9.91666667,10.19166667,115067304.0
2015-08-20,10.14166667,10.14166667,9.91666667,10.04166667,81316128.0
2015-08-21,9.91666667,9.99166667,9.55,9.58333333,112004136.0
2015-08-24,9.25,9.30833333,8.625,8.625,182163600.0
2015-08-25,8.20833333,8.625,7.76666667,7.88333333,263080080.0
2015-08-26,8.0,8.525,7.75,8.25833333,299030400.0
2015-08-27,8.46666667,9.08333333,8.21666667,9.0,221908320.0
2015-08-28,9.075,9.24166667,8.79166667,9.025,192963600.0
2015-08-31,8.925,9.225,8.73333333,9.225,175715640.0
2015-09-01,9.08333333,9.675,8.84166667,9.64166667,318919320.0
2015-09-02,9.31666667,10.0,9.21666667,9.86666667,337889640.0
2015-09-07,9.625,9.63333333,9.075,9.075,165133320.0
2015-09-08,9.06666667,9.29166667,8.825,9.16666667,89675100.0
2015-09-09,9.19166667,9.325,9.06666667,9.25,102128868.0
2015-09-10,9.16666667,9.31666667,9.11666667,9.20833333,55824672.0
2015-09-11,9.18333333,9.26666667,9.06666667,9.13333333,51174096.0
2015-09-14,9.15833333,9.16666667,8.70833333,9.05833333,90774324.0
2015-09-15,8.90833333,9.04166667,8.75,8.80833333,65140680.0
2015-09-16,8.825,9.23333333,8.76666667,9.08333333,68309256.0
2015-09-17,9.04166667,9.28333333,8.975,8.975,74495820.0
2015-09-18,9.03333333,9.13333333,8.94166667,9.00833333,38192736.0
2015-09-21,8.91666667,9.075,8.875,9.01666667,46333332.0
2015-09-22,9.025,9.21666667,9.01666667,9.13333333,59154672.0
2015-09-23,9.05,9.09166667,8.9,8.91666667,44538096.0
2015-09-24,8.96666667,9.00833333,8.89166667,8.925,31035912.0
2015-09-25,8.90833333,8.925,8.70833333,8.79166667,53570472.0
2015-09-28,8.8,8.825,8.69166667,8.775,23890476.0
2015-09-29,8.70833333,8.8,8.6,8.65,40032432.0
2015-09-30,8.66666667,8.825,8.65833333,8.74166667,43759164.0
2015-10-08,9.04166667,9.075,8.91666667,8.91666667,59288508.0
2015-10-09,8.95833333,9.125,8.93333333,9.08333333,56953452.0
2015-10-12,9.13333333,9.48333333,9.09166667,9.35833333,101959824.0
2015-10-13,9.33333333,9.38333333,9.24166667,9.275,43175784.0
2015-10-14,9.2,9.29166667,9.11666667,9.15,50277684.0
2015-10-15,9.125,9.30833333,9.11666667,9.30833333,58308060.0
2015-10-16,9.34166667,9.41666667,9.3,9.35833333,68400180.0
2015-10-19,9.39166667,9.45833333,9.29166667,9.38333333,86804580.0
2015-10-20,9.33333333,9.48333333,9.325,9.43333333,85819596.0
2015-10-21,9.40833333,9.79166667,9.31666667,9.35,159915480.0
2015-10-22,9.375,9.5,9.31666667,9.44166667,98736684.0
2015-10-23,9.49166667,9.60833333,9.45,9.55833333,112491012.0
2015-10-26,9.66666667,9.84166667,9.53333333,9.6,130310160.0
2015-10-27,9.58333333,9.7,9.45,9.56666667,69652368.0
2015-10-28,9.55,9.56666667,9.375,9.39166667,65377344.0
2015-10-29,9.41666667,9.46666667,9.375,9.39166667,38004444.0
2015-10-30,9.41666667,9.51666667,9.39166667,9.46666667,64311684.0
2015-11-02,9.39166667,9.43333333,9.25,9.28333333,58132296.0
2015-11-03,9.29166667,9.34166667,9.175,9.20833333,46951824.0
2015-11-04,9.23333333,9.75,9.20833333,9.74166667,156869280.0
2015-11-05,9.66666667,10.475,9.625,10.05833333,275062800.0
2015-11-06,10.01666667,10.34166667,9.93333333,10.325,175583400.0
2015-11-09,10.41666667,11.15,10.38333333,10.78333333,289666560.0
2015-11-10,10.66666667,10.89166667,10.50833333,10.625,135003360.0
2015-11-11,10.58333333,10.65,10.31666667,10.45833333,122608200.0
2015-11-12,10.5,10.54166667,10.23333333,10.33333333,80536752.0
2015-11-13,10.18333333,10.4,10.15833333,10.2,70506600.0
2015-11-16,10.10833333,10.325,10.075,10.28333333,67181844.0
2015-11-17,10.34166667,10.58333333,10.3,10.41666667,125578440.0
2015-11-18,10.38333333,10.58333333,10.25833333,10.35,95244576.0
2015-11-19,10.33333333,10.425,10.275,10.41666667,56534484.0
2015-11-20,10.41666667,10.49166667,10.35,10.45833333,71764356.0
2015-11-23,10.45833333,10.5,10.31666667,10.375,72957036.0
2015-11-24,10.34166667,10.375,10.13333333,10.23333333,79705776.0
2015-11-25,10.175,10.30833333,10.14166667,10.26666667,61615524.0
2015-11-26,10.3,10.31666667,10.16666667,10.19166667,66265224.0
2015-11-27,10.15,10.16666667,9.60833333,9.775,87363108.0
2015-11-30,9.76666667,9.89166667,9.58333333,9.78333333,79019268.0
2015-12-01,9.75,9.88333333,9.59166667,9.79166667,81630468.0
2015-12-02,9.75,10.53333333,9.71666667,10.425,193891320.0
2015-12-03,10.325,10.625,10.20833333,10.375,171117240.0
2015-12-04,10.25833333,10.31666667,10.06666667,10.1,91743900.0
2015-12-07,10.15,10.20833333,10.03333333,10.125,48335124.0
2015-12-08,10.05833333,10.075,9.91666667,9.96666667,60372216.0
2015-12-09,9.93333333,10.1,9.91666667,9.99166667,51526128.0
2015-12-10,9.95833333,10.11666667,9.925,9.96666667,50112432.0
2015-12-11,9.925,9.93333333,9.775,9.85833333,45540960.0
2015-12-14,9.775,10.09166667,9.75833333,10.05833333,70468392.0
2015-12-15,10.025,10.075,9.88333333,9.93333333,43738488.0
2015-12-16,9.98333333,10.00833333,9.9,9.90833333,47131536.0
2015-12-17,9.975,10.11666667,9.96666667,10.05833333,77792976.0
2015-12-18,10.025,10.45833333,10.01666667,10.19166667,122753400.0
2015-12-21,10.11666667,10.6,10.09166667,10.425,153737040.0
2015-12-22,10.41666667,10.51666667,10.31666667,10.35833333,83770980.0
2015-12-23,10.39166667,10.65,10.33333333,10.4,124682160.0
2015-12-24,10.38333333,10.46666667,10.2,10.28333333,76827552.0
2015-12-25,10.31666667,10.39166667,10.275,10.34166667,47981412.0
2015-12-28,10.35833333,10.38333333,9.98333333,9.98333333,98689032.0
2015-12-29,9.99166667,10.08333333,9.975,10.075,74376252.0
2015-12-30,10.075,10.09166667,9.95833333,10.08333333,63920040.0
2015-12-31,10.08333333,10.10833333,9.98333333,9.99166667,58951068.0
2016-01-04,10.0,10.025,9.35833333,9.44166667,67619748.0
2016-01-05,9.39166667,9.64166667,9.29166667,9.5,79592400.0
2016-01-06,9.51666667,9.63333333,9.49166667,9.60833333,61884768.0
2016-01-07,9.50833333,9.50833333,9.09166667,9.11666667,20971332.0
2016-01-08,9.34166667,9.40833333,9.08333333,9.26666667,89703312.0
2016-01-11,9.16666667,9.23333333,8.9,8.96666667,87841680.0
2016-01-12,9.025,9.09166667,8.86666667,9.00833333,67397076.0
2016-01-13,9.075,9.11666667,8.91666667,8.925,47005140.0
2016-01-14,8.825,9.0,8.73333333,8.975,79957740.0
2016-01-15,8.88333333,9.0,8.68333333,8.71666667,53784252.0
2016-01-18,8.61666667,8.8,8.58333333,8.675,50524908.0
2016-01-19,8.70833333,8.98333333,8.675,8.925,60133092.0
2016-01-20,8.91666667,9.0,8.7,8.78333333,72450300.0
2016-01-21,8.73333333,8.95833333,8.6,8.6,72737412.0
2016-01-22,8.66666667,8.70833333,8.51666667,8.66666667,56010252.0
2016-01-25,8.66666667,8.7,8.60833333,8.64166667,45171804.0
2016-01-26,8.6,8.6,8.21666667,8.225,77748132.0
2016-01-27,8.275,8.31666667,8.0,8.23333333,68284452.0
2016-01-28,8.18333333,8.24166667,8.04166667,8.075,36304896.0
2016-01-29,8.11666667,8.4,8.075,8.33333333,65332296.0
2016-02-01,8.31666667,8.34166667,8.11666667,8.16666667,50127852.0
2016-02-02,8.16666667,8.35833333,8.15,8.29166667,44292504.0
2016-02-03,8.20833333,8.24166667,8.1416675,8.20833333,32948664.0
2016-02-04,8.24166667,8.33333333,8.23333333,8.29166667,44771940.0
2016-02-05,8.3,8.30833333,8.25833333,8.26666667,32507196.0
2016-02-15,8.05,8.20833333,8.04166667,8.15833333,33419940.0
2016-02-16,8.2,8.35833333,8.19166667,8.34166667,51406368.0
2016-02-17,8.35833333,8.51666667,8.325,8.45833333,70220052.0
2016-02-18,8.48333333,8.51666667,8.40833333,8.40833333,48741384.0
2016-02-19,8.40833333,8.45,8.325,8.36666667,38267796.0
2016-02-22,8.44166667,8.59166667,8.38333333,8.575,74128740.0
2016-02-23,8.575,8.575,8.375,8.43333333,51104928.0
2016-02-24,8.38333333,8.45833333,8.34166667,8.45833333,36012432.0
2016-02-25,8.43333333,8.44166667,8.0,8.05833333,74648736.0
2016-02-26,8.1416675,8.19166667,8.05,8.15833333,47058528.0
2016-02-29,8.15833333,8.175,7.85,7.96666667,68027568.0
2016-03-01,8.01666667,8.1416675,7.98333333,8.08333333,45349296.0
2016-03-02,8.125,8.44166667,8.1,8.41666667,81193644.0
2016-03-03,8.40833333,8.48333333,8.36666667,8.425,66370728.0
2016-03-04,8.40833333,8.75,8.39166667,8.66666667,165749880.0
2016-03-07,8.625,8.74166667,8.58333333,8.61666667,72762360.0
2016-03-08,8.63333333,8.63333333,8.28333333,8.56666667,77178780.0
2016-03-09,8.45,8.51666667,8.36666667,8.475,39108084.0
2016-03-10,8.53333333,8.625,8.44166667,8.45833333,56882436.0
2016-03-11,8.41666667,8.51666667,8.36666667,8.46666667,46048404.0
2016-03-14,8.50833333,8.71666667,8.50833333,8.55,78618984.0
2016-03-15,8.56666667,8.63333333,8.46666667,8.6,50150448.0
2016-03-16,8.55833333,8.70833333,8.54166667,8.625,79786344.0
2016-03-17,8.63333333,8.73333333,8.58333333,8.68333333,73319568.0
2016-03-18,8.68333333,8.80833333,8.66666667,8.78333333,95665896.0
2016-03-21,8.79166667,9.05,8.79166667,9.0,110451936.0
2016-03-22,8.975,9.11666667,8.90833333,8.93333333,75057900.0
2016-03-23,8.925,8.975,8.84166667,8.91666667,51633384.0
2016-03-24,8.84166667,8.85833333,8.75,8.76666667,44688744.0
2016-03-25,8.75833333,8.83333333,8.75,8.825,28448460.0
2016-03-28,8.85,8.875,8.70833333,8.73333333,43034520.0
2016-03-29,8.75833333,8.76666667,8.65,8.69166667,38198148.0
2016-03-30,8.73333333,8.91666667,8.725,8.91666667,64764000.0
2016-03-31,8.925,8.95833333,8.86666667,8.86666667,50206548.0
2016-04-01,8.85,8.90833333,8.75,8.88333333,44321028.0
2016-04-05,8.85,9.00833333,8.75,8.91666667,71077032.0
2016-04-06,8.9,8.95833333,8.84166667,8.93333333,52231140.0
2016-04-07,8.93333333,8.94166667,8.825,8.825,45326352.0
2016-04-08,8.79166667,8.89166667,8.75,8.80833333,45186468.0
2016-04-11,8.83333333,9.0,8.83333333,8.93333333,94366320.0
2016-04-12,8.91666667,8.925,8.85,8.89166667,35831940.0
2016-04-13,8.94166667,9.14166667,8.925,9.00833333,102811248.0
2016-04-14,9.06666667,9.08333333,8.99166667,9.03333333,38837556.0
2016-04-15,9.03333333,9.11666667,9.0,9.06666667,59666880.0
2016-04-18,9.01666667,9.04166667,8.94166667,8.94166667,42078480.0
2016-04-19,8.975,9.00833333,8.925,8.975,26188788.0
2016-04-20,8.975,8.98333333,8.63333333,8.76666667,72790356.0
2016-04-21,8.76666667,8.85833333,8.70833333,8.75833333,67055904.0
2016-04-22,8.71666667,8.85,8.675,8.79166667,43161252.0
2016-04-25,8.8,8.8,8.68333333,8.75,41910936.0
2016-04-26,8.73333333,8.83333333,8.71666667,8.825,35003928.0
2016-04-27,8.81666667,8.84166667,8.76666667,8.80833333,28746468.0
2016-04-28,8.81666667,8.96666667,8.78333333,8.88333333,54895248.0
2016-04-29,8.86666667,8.86666667,8.79166667,8.80833333,48597324.0
2016-05-03,8.81666667,8.93333333,8.76666667,8.9,58692252.0
2016-05-04,8.9,8.95833333,8.88333333,8.93333333,49492272.0
2016-05-05,8.90833333,8.93333333,8.875,8.93333333,28742016.0
2016-05-06,8.94166667,8.94166667,8.76666667,8.76666667,41585412.0
2016-05-09,8.75,8.775,8.6,8.625,49340520.0
2016-05-10,8.61666667,8.64166667,8.55833333,8.56666667,35111976.0
2016-05-11,8.58333333,8.7,8.58333333,8.64166667,39274740.0
2016-05-12,8.59166667,8.66666667,8.54166667,8.65,39106260.0
2016-05-13,8.625,8.66666667,8.60833333,8.625,22111932.0
2016-05-16,8.6,8.63333333,8.54166667,8.63333333,25826964.0
2016-05-17,8.63333333,8.64166667,8.53333333,8.58333333,30050904.0
2016-05-18,8.575,8.6,8.475,8.58333333,64098072.0
2016-05-19,8.55833333,8.6,8.54166667,8.54166667,20493336.0
2016-05-20,8.53333333,8.60833333,8.49166667,8.58333333,24804456.0
2016-05-23,8.60833333,8.61666667,8.54166667,8.56666667,38837616.0
2016-05-24,8.55833333,8.56666667,8.49166667,8.50833333,31115280.0
2016-05-25,8.54166667,8.56666667,8.49166667,8.525,24508248.0
2016-05-26,8.51666667,8.55833333,8.475,8.51666667,31367580.0
2016-05-27,8.51666667,8.575,8.49166667,8.55833333,26738268.0
2016-05-30,8.54166667,8.56666667,8.5,8.56666667,45713628.0
2016-05-31,8.55,8.80833333,8.55,8.79166667,113576064.0
2016-06-01,8.75833333,8.79166667,8.7,8.73333333,66810108.0
2016-06-02,8.725,8.73333333,8.68333333,8.71666667,35164344.0
2016-06-03,8.725,8.76666667,8.675,8.75,50806716.0
2016-06-06,8.75833333,8.775,8.70833333,8.75833333,40599840.0
2016-06-07,8.76666667,8.775,8.73333333,8.76666667,27513864.0
2016-06-08,8.78333333,8.78333333,8.71666667,8.75,32182584.0
2016-06-13,8.71666667,8.725,8.60833333,8.60833333,41378016.0
2016-06-14,8.61666667,8.675,8.6,8.66666667,32836476.0
2016-06-15,8.60833333,8.73333333,8.6,8.7,45380688.0
2016-06-16,8.57,8.6,8.53,8.57,38667010.0
2016-06-17,8.57,8.61,8.54,8.58,31517300.0
2016-06-20,8.59,8.6,8.56,8.6,27073160.0
2016-06-21,8.61,8.65,8.58,8.61,38074990.0
2016-06-22,8.6,8.73,8.58,8.73,47800200.0
2016-06-23,8.67,8.7,8.63,8.66,33561420.0
2016-06-24,8.64,8.7,8.520001,8.57,42766410.0
2016-06-27,8.57,8.64,8.54,8.61,32521420.0
2016-06-28,8.58,8.64,8.56,8.63,33651930.0
2016-06-29,8.63,8.69,8.62,8.69,36961160.0
2016-06-30,8.69,8.74,8.66,8.7,36220490.0
2016-07-01,8.69,8.73,8.68,8.71,34893020.0
2016-07-04,8.69,8.86,8.67,8.81,60825710.0
2016-07-05,8.8,8.83,8.770001,8.81,42203730.0
2016-07-06,8.8,8.82,8.76,8.79,32295020.0
2016-07-07,8.79,8.8,8.74,8.78,31285310.0
2016-07-08,8.79,8.79,8.73,8.74,26134230.0
2016-07-11,8.75,8.79,8.74,8.75,36537250.0
2016-07-12,8.75,8.89,8.74,8.88,71183240.0
2016-07-13,8.88,9.05,8.86,8.99,79828860.0
2016-07-14,8.97,9.0,8.91,8.94,35969940.0
2016-07-15,8.95,9.0,8.91,8.99,35203400.0
2016-07-18,8.99,9.08,8.97,9.04,50693490.0
2016-07-19,9.04,9.05,8.95,8.97,36278780.0
2016-07-20,8.96,8.99,8.95,8.96,31092640.0
2016-07-21,8.95,9.01,8.95,8.99,34026130.0
2016-07-22,8.99,8.99,8.92,8.94,29554960.0
2016-07-25,8.93,8.98,8.91,8.98,26468290.0
2016-07-26,8.97,9.12,8.97,9.11,54655690.0
2016-07-27,9.12,9.17,8.91,9.01,81867830.0
2016-07-28,8.98,9.11,8.97,9.08,47991040.0
2016-07-29,9.08,9.24,9.03,9.2,67142530.0
2016-08-01,9.18,9.34,9.17,9.28,75932440.0
2016-08-02,9.24,9.26,9.17,9.25,44916520.0
2016-08-03,9.21,9.22,9.15,9.18,42462220.0
2016-08-04,9.17,9.18,8.93,8.99,134446200.0
2016-08-05,8.99,9.07,8.95,9.04,72594820.0
2016-08-08,9.04,9.11,9.01,9.11,39847930.0
2016-08-09,9.09,9.15,9.07,9.15,41567630.0
2016-08-10,9.15,9.18,9.12,9.14,43665550.0
2016-08-11,9.14,9.35,9.13,9.22,93557600.0
2016-08-12,9.2,9.53,9.18,9.5,137002200.0
2016-08-15,9.55,9.8,9.51,9.68,189755200.0
2016-08-16,9.68,9.68,9.46,9.520001,109955900.0
2016-08-17,9.520001,9.6,9.48,9.55,56072540.0
2016-08-18,9.56,9.59,9.43,9.5,69150430.0
2016-08-19,9.49,9.520001,9.43,9.51,50533450.0
2016-08-22,9.5,9.51,9.36,9.4,97943270.0
2016-08-23,9.38,9.45,9.37,9.4,89065670.0
2016-08-24,9.41,9.43,9.38,9.43,73228130.0
2016-08-25,9.42,9.45,9.34,9.44,61738960.0
2016-08-26,9.45,9.47,9.4,9.45,50223390.0
2016-08-29,9.41,9.45,9.38,9.42,56523190.0
2016-08-30,9.42,9.47,9.41,9.47,59508120.0
2016-08-31,9.46,9.5,9.43,9.49,48974680.0
2016-09-01,9.49,9.520001,9.42,9.45,48013120.0
2016-09-02,9.43,9.46,9.42,9.45,36879630.0
2016-09-05,9.46,9.46,9.4,9.42,46993660.0
2016-09-06,9.42,9.43,9.36,9.41,57473830.0
2016-09-07,9.41,9.42,9.37,9.4,45937330.0
2016-09-08,9.39,9.42,9.38,9.4,29521850.0
2016-09-09,9.4,9.43,9.36,9.38,32743140.0
2016-09-12,9.29,9.32,9.13,9.16,75658170.0
2016-09-13,9.18,9.21,9.14,9.19,46093140.0
2016-09-14,9.17,9.18,9.05,9.06,42148130.0
2016-09-19,9.05,9.14,9.05,9.12,35434870.0
2016-09-20,9.12,9.12,9.04,9.08,43667900.0
2016-09-21,9.08,9.1,9.03,9.08,40566530.0
2016-09-22,9.1,9.18,9.09,9.16,49461320.0
2016-09-23,9.16,9.19,9.14,9.15,28879880.0
2016-09-26,9.13,9.13,9.04,9.04,43948190.0
2016-09-27,9.04,9.07,9.01,9.06,40132370.0
2016-09-28,9.06,9.06,9.03,9.05,27136600.0
2016-09-29,9.05,9.08,9.05,9.06,30366430.0
2016-09-30,9.06,9.1,9.05,9.07,30808490.0
2016-10-10,9.1,9.17,9.08,9.12,61138160.0
2016-10-11,9.13,9.15,9.11,9.15,36337080.0
2016-10-12,9.14,9.16,9.12,9.13,27031620.0
2016-10-13,9.08,9.11,9.05,9.07,63236800.0
2016-10-14,9.06,9.09,9.04,9.09,33541180.0
2016-10-17,9.08,9.09,9.03,9.05,35922320.0
2016-10-18,9.03,9.09,9.03,9.09,59373710.0
2016-10-19,9.09,9.11,9.05,9.08,48263620.0
2016-10-20,9.08,9.09,9.05,9.07,34284460.0
2016-10-21,9.08,9.13,9.06,9.13,68389680.0
2016-10-24,9.13,9.3,9.12,9.24,91567700.0
2016-10-25,9.25,9.26,9.18,9.21,50075290.0
2016-10-26,9.22,9.22,9.13,9.15,44045210.0
2016-10-27,9.16,9.17,9.12,9.16,32414060.0
2016-10-28,9.16,9.23,9.14,9.17,54199770.0
2016-10-31,9.15,9.16,9.09,9.15,49359680.0
2016-11-01,9.14,9.16,9.11,9.14,52541570.0
2016-11-02,9.14,9.14,9.05,9.07,63358600.0
2016-11-03,9.06,9.14,9.05,9.13,61687110.0
2016-11-04,9.11,9.17,9.1,9.11,50811760.0
2016-11-07,9.1,9.12,9.07,9.12,49724010.0
2016-11-08,9.12,9.15,9.1,9.15,80669500.0
2016-11-09,9.14,9.14,9.01,9.07,72261670.0
2016-11-10,9.1,9.16,9.1,9.14,63199870.0
2016-11-11,9.14,9.18,9.11,9.18,81226970.0
2016-11-14,9.16,9.25,9.16,9.22,97507880.0
2016-11-15,9.2,9.24,9.18,9.23,55434300.0
2016-11-16,9.23,9.24,9.2,9.23,41584240.0
2016-11-17,9.22,9.22,9.18,9.21,50532400.0
2016-11-18,9.21,9.21,9.16,9.18,51759730.0
2016-11-21,9.18,9.28,9.17,9.24,85024330.0
2016-11-22,9.24,9.36,9.23,9.36,118025700.0
2016-11-23,9.34,9.56,9.34,9.45,175286900.0
2016-11-24,9.44,9.520001,9.42,9.47,77974880.0
2016-11-25,9.48,9.62,9.46,9.62,101367500.0
2016-11-28,9.69,9.78,9.6,9.63,127968900.0
2016-11-29,9.59,9.7,9.55,9.62,88777920.0
2016-11-30,9.65,9.72,9.5,9.55,102596300.0
2016-12-01,9.57,9.63,9.55,9.6,64600440.0
2016-12-02,9.6,9.6,9.44,9.55,82968650.0
2016-12-05,9.5,9.54,9.41,9.46,76436570.0
2016-12-06,9.48,9.520001,9.45,9.49,60290280.0
2016-12-07,9.48,9.49,9.41,9.48,49340480.0
2016-12-08,9.5,9.55,9.43,9.520001,67145220.0
2016-12-09,9.5,9.75,9.48,9.65,151419900.0
2016-12-12,9.65,9.770001,9.44,9.5,125687400.0
2016-12-13,9.48,9.5,9.33,9.42,64577160.0
2016-12-14,9.42,9.51,9.4,9.4,59770570.0
2016-12-15,9.37,9.41,9.21,9.25,82761290.0
2016-12-16,9.24,9.29,9.21,9.25,39681400.0
2016-12-19,9.22,9.23,9.17,9.2,49401060.0
2016-12-20,9.2,9.2,9.08,9.11,63663840.0
2016-12-21,9.12,9.16,9.11,9.16,36992070.0
2016-12-22,9.15,9.16,9.11,9.14,34134120.0
2016-12-23,9.14,9.14,9.07,9.08,38291220.0
2016-12-26,9.06,9.13,9.020001,9.12,30205900.0
2016-12-27,9.12,9.13,9.07,9.08,26884120.0
2016-12-28,9.08,9.11,9.04,9.06,33605510.0
2016-12-29,9.07,9.09,9.05,9.08,33875850.0
2016-12-30,9.08,9.1,9.06,9.1,30260740.0
2017-01-03,9.11,9.18,9.09,9.16,45984050.0
2017-01-04,9.15,9.18,9.14,9.16,44932950.0
2017-01-05,9.17,9.18,9.15,9.17,34437290.0
2017-01-06,9.17,9.17,9.11,9.13,35815420.0
2017-01-09,9.13,9.17,9.11,9.15,36108160.0
2017-01-10,9.15,9.16,9.14,9.15,24105400.0
2017-01-11,9.14,9.17,9.13,9.14,30343090.0
2017-01-12,9.13,9.17,9.13,9.15,42800680.0
2017-01-13,9.14,9.19,9.12,9.16,43430140.0
2017-01-16,9.15,9.16,9.07,9.14,68316590.0
2017-01-17,9.12,9.16,9.1,9.15,54555240.0
2017-01-18,9.14,9.19,9.13,9.17,57426940.0
2017-01-19,9.15,9.24,9.15,9.18,43771290.0
2017-01-20,9.17,9.23,9.17,9.22,39332860.0
2017-01-23,9.22,9.26,9.2,9.22,42029930.0
2017-01-24,9.23,9.28,9.2,9.270001,47024410.0
2017-01-25,9.270001,9.28,9.25,9.26,30440200.0
2017-01-26,9.270001,9.34,9.26,9.33,42071260.0
2017-02-03,9.34,9.36,9.23,9.26,31547220.0
2017-02-06,9.26,9.32,9.26,9.31,51678610.0
2017-02-07,9.31,9.32,9.270001,9.3,39688500.0
2017-02-08,9.29,9.3,9.24,9.3,36027240.0
2017-02-09,9.3,9.33,9.28,9.31,34285510.0
2017-02-10,9.32,9.36,9.31,9.33,48274320.0
2017-02-13,9.34,9.44,9.33,9.41,63836480.0
2017-02-14,9.41,9.42,9.37,9.4,36240460.0
2017-02-15,9.4,9.54,9.39,9.45,75661310.0
2017-02-16,9.45,9.5,9.42,9.46,41116110.0
2017-02-17,9.46,9.49,9.37,9.39,42377500.0
2017-02-20,9.4,9.58,9.4,9.56,89875540.0
2017-02-21,9.55,9.62,9.54,9.57,64658420.0
2017-02-22,9.57,9.57,9.5,9.57,46296610.0
2017-02-23,9.55,9.57,9.48,9.51,33532780.0
2017-02-24,9.5,9.54,9.48,9.5,33250010.0
2017-02-27,9.5,9.5,9.42,9.43,40734110.0
2017-02-28,9.43,9.51,9.42,9.48,36971970.0
2017-03-01,9.49,9.55,9.47,9.49,34699370.0
2017-03-02,9.51,9.54,9.42,9.43,40362870.0
2017-03-03,9.41,9.43,9.36,9.4,34265510.0
2017-03-06,9.4,9.46,9.39,9.45,40451140.0
2017-03-07,9.44,9.46,9.4,9.45,29467280.0
2017-03-08,9.43,9.45,9.4,9.42,24443840.0
2017-03-09,9.41,9.43,9.36,9.38,37816990.0
2017-03-10,9.38,9.41,9.36,9.4,39018230.0
2017-03-13,9.39,9.45,9.37,9.44,54530440.0
2017-03-14,9.43,9.46,9.41,9.44,40448440.0
2017-03-15,9.42,9.48,9.42,9.48,54656090.0
2017-03-16,9.48,9.53,9.45,9.520001,63595380.0
2017-03-17,9.45,9.46,9.3,9.31,158364700.0
2017-03-20,9.29,9.31,9.22,9.25,71502180.0
2017-03-21,9.25,9.26,9.2,9.24,55464870.0
2017-03-22,9.2,9.22,9.14,9.16,56612360.0
2017-03-23,9.16,9.24,9.15,9.2,43358830.0
2017-03-24,9.2,9.24,9.16,9.19,71082790.0
2017-03-27,9.12,9.19,9.08,9.14,98501210.0
2017-03-28,9.16,9.17,9.1,9.12,48137280.0
2017-03-29,9.13,9.15,9.09,9.11,60114070.0
2017-03-30,9.12,9.12,9.06,9.08,68728560.0
2017-03-31,9.08,9.18,9.08,9.17,63312120.0
2017-04-05,9.16,9.22,9.15,9.21,49915010.0
2017-04-06,9.2,9.22,9.17,9.2,43439150.0
2017-04-07,9.19,9.22,9.17,9.2,51484480.0
2017-04-10,9.2,9.21,9.17,9.18,40134390.0
2017-04-11,9.17,9.19,9.09,9.15,61243800.0
2017-04-12,9.16,9.17,9.1,9.12,45533650.0
2017-04-13,9.11,9.14,9.1,9.12,35744260.0
2017-04-14,9.11,9.12,9.06,9.08,49050050.0
2017-04-17,9.08,9.11,9.05,9.1,53189220.0
2017-04-18,9.09,9.1,9.05,9.05,33537700.0
2017-04-19,9.03,9.04,8.9,8.91,79966860.0
2017-04-20,8.9,8.94,8.89,8.92,43763000.0
2017-04-21,8.92,8.99,8.9,8.97,32540820.0
2017-04-24,8.97,8.98,8.89,8.93,39499530.0
2017-04-25,8.93,9.01,8.93,9.0,37793330.0
2017-04-26,9.0,9.01,8.96,8.99,38214710.0
2017-04-27,8.97,8.98,8.91,8.97,38739260.0
2017-04-28,8.96,8.99,8.92,8.99,28644640.0
2017-05-02,8.96,8.96,8.9,8.94,31102610.0
2017-05-03,8.92,8.93,8.89,8.91,28031080.0
2017-05-04,8.89,8.89,8.72,8.74,69651710.0
2017-05-05,8.74,8.76,8.58,8.63,62370090.0
2017-05-08,8.6,8.62,8.54,8.57,46008990.0
2017-05-09,8.56,8.64,8.55,8.64,32419450.0
2017-05-10,8.63,8.8,8.62,8.67,57307770.0
2017-05-11,8.65,8.72,8.6,8.7,50364360.0
2017-05-12,8.68,8.9,8.64,8.9,91796820.0
2017-05-15,8.89,8.95,8.81,8.86,53657820.0
2017-05-16,8.84,8.85,8.73,8.84,52487230.0
2017-05-17,8.81,8.81,8.75,8.770001,41733800.0
2017-05-18,8.72,8.770001,8.71,8.73,22740110.0
2017-05-19,8.74,8.76,8.68,8.69,29427080.0
2017-05-22,8.68,8.73,8.61,8.68,67912010.0
2017-05-23,8.67,8.84,8.64,8.79,80004020.0
2017-05-24,8.78,8.83,8.68,8.81,53237670.0
2017-05-25,8.79,9.14,8.78,9.1,162154400.0
2017-05-26,9.08,9.13,9.04,9.1,89536580.0
2017-05-31,9.1,9.23,9.06,9.2,103321100.0
2017-06-01,9.2,9.23,9.12,9.19,56618280.0
2017-06-02,9.18,9.29,9.14,9.17,77075710.0
2017-06-05,9.13,9.17,8.99,9.03,63413270.0
2017-06-06,9.01,9.06,8.99,9.04,35534150.0
2017-06-07,9.020001,9.15,9.01,9.13,64572330.0
2017-06-08,9.11,9.15,9.08,9.13,38300450.0
2017-06-09,9.15,9.22,9.12,9.15,68546810.0
2017-06-12,9.15,9.19,9.1,9.11,50457820.0
2017-06-13,9.11,9.14,9.05,9.12,44843500.0
2017-06-14,9.12,9.13,9.04,9.08,37544430.0
2017-06-15,9.08,9.08,9.03,9.04,33779790.0
2017-06-16,9.04,9.08,9.01,9.020001,28599100.0
2017-06-19,9.03,9.15,9.020001,9.13,48970480.0
2017-06-20,9.12,9.16,9.09,9.12,31361560.0
2017-06-21,9.17,9.18,9.11,9.15,49693220.0
2017-06-22,9.15,9.4,9.14,9.25,142695800.0
2017-06-23,9.23,9.270001,9.16,9.25,58400440.0
2017-06-26,9.26,9.4,9.26,9.3,71077000.0
2017-06-27,9.3,9.39,9.270001,9.36,54601610.0
2017-06-28,9.35,9.49,9.33,9.43,116879600.0
2017-06-29,9.43,9.45,9.37,9.43,48880460.0
2017-06-30,9.4,9.43,9.31,9.39,49963350.0
2017-07-03,9.4,9.43,9.34,9.4,38834940.0
2017-07-04,9.4,9.41,9.3,9.34,48836250.0
2017-07-05,9.29,9.38,9.270001,9.37,56772000.0
2017-07-06,9.36,9.41,9.31,9.4,73891190.0
2017-07-07,9.37,9.48,9.34,9.47,76036960.0
2017-07-10,9.45,9.66,9.44,9.59,136081600.0
2017-07-11,9.61,10.46,9.61,10.25,381208700.0
2017-07-12,10.27,10.58,10.2,10.34,299884400.0
2017-07-13,10.3,10.9,10.24,10.9,299453400.0
2017-07-14,10.81,10.94,10.66,10.9,172257000.0
2017-07-17,10.95,11.33,10.72,10.81,327312300.0
2017-07-18,10.75,11.14,10.62,11.05,234943200.0
2017-07-19,10.99,11.19,10.88,11.09,193307600.0
2017-07-20,11.08,11.22,10.91,10.97,153733900.0
2017-07-21,10.83,10.95,10.69,10.89,150102000.0
2017-07-24,10.82,11.06,10.73,10.95,169266400.0
2017-07-25,10.98,11.27,10.95,11.0,195476800.0
2017-07-26,10.92,11.18,10.66,10.74,169741200.0
2017-07-27,10.72,10.77,10.53,10.59,119449000.0
2017-07-28,10.61,10.81,10.58,10.74,81919540.0
2017-07-31,10.8,10.82,10.45,10.67,157586400.0
2017-08-01,10.64,11.08,10.6,11.04,203571000.0
2017-08-02,11.05,11.34,10.96,11.15,206206900.0
2017-08-03,11.14,11.22,10.97,11.01,98421940.0
2017-08-04,11.0,11.29,10.93,11.17,135395200.0
2017-08-07,11.06,11.17,10.9,11.0,86064430.0
2017-08-08,11.0,11.11,10.91,11.05,68956740.0
2017-08-09,10.96,11.02,10.68,10.73,104232200.0
2017-08-10,10.7,10.82,10.54,10.62,95988000.0
2017-08-11,10.48,10.54,9.99,10.02,244064300.0
2017-08-14,10.13,10.25,10.04,10.22,115766500.0
2017-08-15,10.24,10.51,10.21,10.31,107516200.0
2017-08-16,10.29,10.37,10.15,10.34,75680600.0
2017-08-17,10.35,10.42,10.29,10.42,55364210.0
2017-08-18,10.36,10.6,10.29,10.44,61652040.0
2017-08-21,10.43,10.52,10.39,10.46,39915490.0
2017-08-22,10.48,10.66,10.37,10.65,87568180.0
2017-08-23,10.63,10.98,10.59,10.9,131915200.0
2017-08-24,10.89,11.11,10.84,10.93,92424860.0
2017-08-25,10.94,11.17,10.9,11.11,96394000.0
2017-08-28,11.1,11.54,11.1,11.35,160393800.0
2017-08-29,11.3,11.74,11.28,11.67,135798400.0
2017-08-30,11.68,11.7,11.35,11.43,109667500.0
2017-08-31,11.39,11.44,11.15,11.28,115178600.0
2017-09-01,11.28,11.39,11.15,11.21,95997690.0
2017-09-04,11.18,11.72,11.17,11.72,135232600.0
2017-09-05,11.68,11.94,11.6,11.64,128751900.0
2017-09-06,11.59,11.88,11.48,11.7,79162160.0
2017-09-07,11.65,11.75,11.39,11.44,61418720.0
2017-09-08,11.46,11.64,11.38,11.49,48127620.0
2017-09-11,11.54,11.69,11.3,11.38,69947280.0
2017-09-12,11.38,11.54,11.27,11.54,84618340.0
2017-09-13,11.49,11.54,11.34,11.43,66823740.0
2017-09-14,11.43,11.59,11.24,11.32,88308780.0
2017-09-15,11.29,11.32,11.15,11.29,64609480.0
2017-09-18,11.25,11.32,11.2,11.25,60761300.0
2017-09-19,11.25,11.34,11.08,11.13,76421260.0
2017-09-20,11.14,11.37,11.05,11.29,78715470.0
2017-09-21,11.26,11.51,11.2,11.46,69240790.0
2017-09-22,11.43,11.52,11.31,11.44,59392760.0
2017-09-25,11.44,11.45,11.18,11.29,53239100.0
2017-09-26,11.26,11.3,10.96,11.05,96746090.0
2017-09-27,11.01,11.08,10.9,10.93,72718820.0
2017-09-28,10.98,10.98,10.82,10.88,51722000.0
2017-09-29,10.92,11.16,10.86,11.11,68228010.0
2017-10-09,11.57,11.64,11.26,11.3,132522700.0
2017-10-10,11.33,11.5,11.33,11.47,74792530.0
2017-10-11,11.48,11.58,11.34,11.53,65807760.0
2017-10-12,11.54,11.58,11.47,11.55,57806530.0
2017-10-13,11.56,11.56,11.25,11.36,73737600.0
2017-10-16,11.36,11.6,11.29,11.59,103625100.0
2017-10-17,11.62,11.65,11.48,11.51,50637230.0
2017-10-18,11.53,11.7,11.51,11.69,87136540.0
2017-10-19,11.64,11.72,11.57,11.63,72276480.0
2017-10-20,11.59,11.59,11.41,11.48,46180810.0
2017-10-23,11.39,11.4,11.15,11.19,107446500.0
2017-10-24,11.2,11.42,11.18,11.39,61887190.0
2017-10-25,11.36,11.37,11.25,11.27,41857360.0
2017-10-26,11.25,11.32,11.12,11.18,92899610.0
2017-10-27,11.19,11.56,11.18,11.56,136008600.0
2017-10-30,11.55,11.73,11.45,11.56,127824700.0
2017-10-31,11.55,11.58,11.39,11.54,62749140.0
2017-11-01,11.56,11.59,11.32,11.4,69261790.0
2017-11-02,11.36,11.58,11.26,11.54,60430850.0
2017-11-03,11.49,11.68,11.35,11.39,74334320.0
2017-11-06,11.42,11.42,11.09,11.28,102990300.0
2017-11-07,11.27,12.09,11.25,11.92,247716300.0
2017-11-08,12.0,12.59,11.93,12.13,426282600.0
2017-11-09,12.2,12.57,12.15,12.33,229528900.0
2017-11-10,12.37,12.55,12.15,12.3,175755200.0
2017-11-13,12.35,13.1,12.35,12.9,256690600.0
2017-11-14,12.95,13.26,12.81,12.95,178030200.0
2017-11-15,12.9,13.13,12.77,12.9,126305200.0
2017-11-16,12.9,13.12,12.67,13.1,120081500.0
2017-11-17,13.17,13.46,13.03,13.18,206415000.0
2017-11-20,13.13,14.25,13.05,14.25,284392600.0
2017-11-21,14.07,14.79,14.01,14.45,249532800.0
2017-11-22,14.48,15.24,14.48,15.1,257023100.0
2017-11-23,15.15,15.24,14.07,14.35,242914200.0
2017-11-24,14.29,14.59,13.78,14.56,263019000.0
2017-11-27,14.3,14.3,13.75,13.93,206408500.0
2017-11-28,13.85,13.85,13.4,13.7,176643300.0
2017-11-29,13.73,13.93,13.47,13.82,156409500.0
2017-11-30,13.7,13.73,13.26,13.38,137963600.0
2017-12-01,13.4,13.48,12.96,13.0,178493300.0
2017-12-04,13.05,13.37,13.0,13.3,145402300.0
2017-12-05,13.15,13.49,13.1,13.3,172368100.0
2017-12-06,13.26,13.27,12.79,13.08,161984500.0
2017-12-07,13.05,13.14,12.75,12.83,118195800.0
2017-12-08,12.89,13.09,12.75,13.09,135131500.0
2017-12-11,13.08,13.57,12.88,13.5,226195300.0
2017-12-12,13.4,13.48,13.02,13.02,174340600.0
2017-12-13,13.0,13.2,12.88,13.13,128924800.0
2017-12-14,13.15,13.31,12.91,13.0,100199800.0
2017-12-15,12.9,12.93,12.67,12.72,109995300.0
2017-12-18,12.73,12.91,12.64,12.75,80546450.0
2017-12-19,12.79,13.32,12.74,13.28,239794300.0
2017-12-20,13.2,13.31,13.13,13.26,110624500.0
2017-12-21,13.18,13.68,13.16,13.54,148520300.0
2017-12-22,13.5,13.63,13.45,13.52,74290100.0
2017-12-25,13.52,13.86,13.16,13.25,158556700.0
2017-12-26,13.26,13.69,13.19,13.66,112368800.0
2017-12-27,13.58,13.78,13.19,13.29,136656700.0
2017-12-28,13.28,13.46,13.02,13.21,155303000.0
2017-12-29,13.21,13.43,13.1,13.3,98291550.0
2018-01-02,13.35,13.93,13.32,13.7,208159300.0
2018-01-03,13.73,13.86,13.2,13.33,296249800.0
2018-01-04,13.32,13.37,13.13,13.25,185450900.0
2018-01-05,13.21,13.35,13.15,13.3,121031300.0
2018-01-08,13.25,13.29,12.86,12.96,215862100.0
2018-01-09,12.96,13.2,12.92,13.08,134434500.0
2018-01-10,13.04,13.49,12.92,13.47,240327700.0
2018-01-11,13.41,13.59,13.27,13.4,144387800.0
2018-01-12,13.45,13.68,13.41,13.55,135399100.0
2018-01-15,13.51,14.33,13.5,14.2,312239500.0
2018-01-16,14.17,14.38,14.02,14.2,244454900.0
2018-01-17,14.33,14.8,14.2,14.23,265629400.0
2018-01-18,14.4,14.72,14.28,14.72,214802700.0
2018-01-19,14.8,15.13,14.68,14.8,257114700.0
2018-01-22,14.6,14.94,14.43,14.44,207386700.0
2018-01-23,14.36,14.9,14.33,14.65,238879200.0
2018-01-24,14.66,15.08,14.5,14.64,259129200.0
2018-01-25,14.45,14.47,14.0,14.2,236998500.0
2018-01-26,14.18,14.34,14.02,14.05,203298900.0
2018-01-29,14.05,14.25,13.6,13.74,209054700.0
2018-01-30,13.7,13.84,13.55,13.65,109474000.0
2018-01-31,13.6,14.05,13.53,14.05,174772914.0
2018-02-01,13.95,14.3,13.84,14.03,200561475.0
2018-02-02,13.91,14.1,13.63,14.05,117651271.0
2018-02-05,13.8,14.57,13.73,14.55,233199790.0
2018-02-06,14.23,14.33,13.93,14.0,258287204.0
2018-02-07,14.22,14.3,12.76,12.92,334571700.0
2018-02-08,12.83,12.92,12.53,12.54,213781506.0
2018-02-09,12.08,12.08,11.38,11.69,282494970.0
2018-02-12,11.78,11.84,11.56,11.72,122878244.0
2018-02-13,11.87,12.21,11.84,11.94,129817869.0
2018-02-14,11.96,12.03,11.76,12.0,86419024.0
2018-02-22,12.25,12.53,12.25,12.46,126840607.0
2018-02-23,12.58,12.79,12.45,12.61,101366320.0
2018-02-26,12.77,12.85,12.45,12.63,104575874.0
2018-02-27,12.64,12.7,12.19,12.28,128586906.0
2018-02-28,12.1,12.19,11.93,12.05,121414559.0
2018-03-01,11.92,12.15,11.9,12.04,88695718.0
2018-03-02,11.92,12.04,11.85,11.95,66312416.0
2018-03-05,11.93,12.08,11.8,11.86,75418313.0
2018-03-06,11.95,12.11,11.77,12.1,115016249.0
2018-03-07,12.15,12.34,12.04,12.05,142757032.0
2018-03-08,12.05,12.15,11.95,12.11,68975503.0
2018-03-09,12.15,12.2,11.98,12.09,94387697.0
2018-03-12,12.15,12.17,11.95,12.03,126870132.0
2018-03-13,12.04,12.22,12.0,12.02,108226732.0
2018-03-14,11.98,12.0,11.83,11.92,63559413.0
2018-03-15,11.79,11.85,11.66,11.71,115569473.0
2018-03-16,11.72,11.85,11.64,11.64,96298338.0
2018-03-19,11.66,11.84,11.61,11.83,80853872.0
2018-03-20,11.74,11.88,11.72,11.82,77615002.0
2018-03-21,11.95,12.12,11.85,11.9,144510951.0
2018-03-22,11.9,11.97,11.62,11.66,98427842.0
2018-03-23,11.25,11.35,10.92,11.34,182569075.0
2018-03-26,11.15,11.2,10.86,10.93,138359851.0
2018-03-27,11.1,11.17,10.86,10.94,110393361.0
2018-03-28,10.85,11.14,10.79,10.89,109902339.0
2018-03-29,10.92,11.17,10.55,11.05,133060238.0
2018-03-30,11.04,11.05,10.88,10.9,75217368.0
2018-04-02,10.87,10.99,10.7,10.71,110931643.0
2018-04-03,10.6,10.67,10.51,10.56,89074565.0
2018-04-04,10.68,11.01,10.6,10.87,160248873.0
2018-04-09,10.8,11.1,10.73,11.02,107479576.0
2018-04-10,11.02,11.46,10.97,11.42,139095079.0
2018-04-11,11.39,11.92,11.38,11.83,209597045.0
2018-04-12,11.8,11.83,11.42,11.52,117312818.0
2018-04-13,11.64,11.79,11.45,11.57,130025597.0
2018-04-16,11.47,11.47,11.03,11.1,142707281.0
2018-04-17,11.12,11.45,11.11,11.21,130189172.0
2018-04-18,11.45,11.61,11.28,11.5,147584533.0
2018-04-19,11.52,11.69,11.42,11.47,84913183.0
2018-04-20,11.51,11.58,11.2,11.35,95869066.0
2018-04-23,11.3,11.61,11.26,11.57,107028935.0
2018-04-24,11.63,11.94,11.58,11.86,146109880.0
2018-04-25,11.76,11.81,11.63,11.68,73028648.0
2018-04-26,11.66,11.69,11.31,11.42,87423591.0
2018-04-27,11.49,11.51,10.63,10.85,270979570.0
2018-05-02,10.97,11.03,10.8,10.88,119052318.0
2018-05-03,10.86,10.88,10.57,10.75,128135557.0
2018-05-04,10.73,10.83,10.66,10.68,71050952.0
2018-05-07,10.7,10.83,10.64,10.81,97430967.0
2018-05-08,10.83,11.15,10.8,11.01,137330568.0
2018-05-09,10.98,11.03,10.88,10.97,62765613.0
2018-05-10,11.03,11.09,10.91,11.01,55273588.0
2018-05-11,11.04,11.13,10.96,11.01,77236966.0
2018-05-14,11.09,11.23,11.03,11.18,103929716.0
2018-05-15,11.18,11.19,11.02,11.12,66926144.0
2018-05-16,11.07,11.07,10.89,10.9,71436208.0
2018-05-17,10.91,10.94,10.78,10.82,58649438.0
2018-05-18,10.81,10.97,10.76,10.96,57838477.0
2018-05-21,11.07,11.11,10.93,10.95,76353357.0
2018-05-22,10.95,10.98,10.79,10.86,58987185.0
2018-05-23,10.82,10.82,10.62,10.65,99101629.0
2018-05-24,10.66,10.68,10.58,10.61,68815202.0
2018-05-25,10.61,10.67,10.55,10.59,59333567.0
2018-05-28,10.58,10.66,10.51,10.59,56940092.0
2018-05-29,10.58,10.63,10.35,10.38,88949497.0
2018-05-30,10.29,10.29,10.05,10.08,112444704.0
2018-05-31,10.11,10.19,10.02,10.18,98736038.0
2018-06-01,10.15,10.29,10.07,10.19,59721116.0
2018-06-04,10.23,10.31,10.15,10.27,59303835.0
2018-06-05,10.29,10.3,10.11,10.26,65654075.0
2018-06-06,10.25,10.26,10.1,10.14,71274341.0
2018-06-07,10.2,10.46,10.18,10.37,126263820.0
2018-06-08,10.33,10.33,10.06,10.12,109937982.0
2018-06-11,10.06,10.13,10.0,10.04,72137498.0
2018-06-12,10.03,10.08,9.95,10.06,91330072.0
2018-06-13,10.04,10.06,9.95,9.95,53058431.0
2018-06-14,9.95,10.15,9.92,10.07,86639201.0
2018-06-15,10.08,10.29,10.06,10.17,124870788.0
2018-06-19,10.05,10.15,9.82,9.87,156587447.0
2018-06-20,9.87,9.95,9.76,9.91,76363731.0
2018-06-21,9.93,10.04,9.86,9.86,84007077.0
2018-06-22,9.8,9.87,9.770001,9.85,65781851.0
2018-06-25,9.91,9.92,9.38,9.46,119521260.0
2018-06-26,9.39,9.44,9.09,9.36,112415694.0
2018-06-27,9.31,9.4,9.03,9.09,104514268.0
2018-06-28,8.95,9.08,8.87,8.92,111076403.0
2018-06-29,9.01,9.13,8.96,9.09,67529968.0
2018-07-02,9.05,9.05,8.55,8.61,131552013.0
2018-07-03,8.69,8.7,8.45,8.67,127483857.0
2018-07-04,8.63,8.75,8.61,8.61,71115337.0
2018-07-05,8.62,8.73,8.55,8.6,83576877.0
2018-07-06,8.61,8.78,8.45,8.66,98828269.0
2018-07-09,8.69,9.03,8.68,9.03,140995460.0
2018-07-10,9.020001,9.020001,8.89,8.98,89686202.0
2018-07-11,8.76,8.83,8.68,8.78,85129670.0
2018-07-12,8.6,8.97,8.58,8.88,114049231.0
2018-07-13,8.92,8.94,8.82,8.88,60337821.0
2018-07-16,8.85,8.9,8.69,8.73,68984558.0
2018-07-17,8.74,8.75,8.66,8.72,37535633.0
2018-07-18,8.75,8.85,8.69,8.7,52515277.0
2018-07-19,8.75,8.81,8.69,8.73,46137239.0
2018-07-20,8.73,9.2,8.61,9.11,175427740.0
2018-07-23,9.04,9.45,9.0,9.42,178168826.0
2018-07-24,9.39,9.59,9.33,9.4,142589416.0
2018-07-25,9.44,9.47,9.33,9.38,61412281.0
2018-07-26,9.4,9.48,9.21,9.25,83335815.0
2018-07-27,9.3,9.36,9.18,9.25,51512603.0
2018-07-30,9.32,9.49,9.26,9.39,70638597.0
2018-07-31,9.37,9.49,9.25,9.42,72015080.0
2018-08-01,9.42,9.5,9.11,9.15,81408168.0
2018-08-02,9.13,9.15,8.88,8.94,93140128.0
2018-08-03,8.93,9.1,8.91,8.91,47654662.0
2018-08-06,8.94,9.11,8.89,8.94,55401008.0
2018-08-07,8.96,9.17,8.88,9.17,69042319.0
2018-08-08,9.16,9.16,9.04,9.05,57895316.0
2018-08-09,9.04,9.35,9.020001,9.29,80678377.0
2018-08-10,9.3,9.32,9.16,9.23,42416836.0
2018-08-13,9.12,9.16,8.9,9.05,81849112.0
2018-08-14,9.03,9.04,8.94,9.0,43024036.0
2018-08-15,9.020001,9.020001,8.75,8.79,67044285.0
2018-08-16,8.73,8.89,8.64,8.78,63827255.0
2018-08-17,8.88,8.94,8.78,8.81,64947656.0
2018-08-20,8.9,9.020001,8.87,9.0,68132206.0
2018-08-21,9.020001,9.26,9.01,9.23,126447447.0
2018-08-22,9.24,9.34,9.13,9.29,98243398.0
2018-08-23,9.3,9.42,9.23,9.36,72907462.0
2018-08-24,9.31,10.28,9.29,10.03,304040840.0
2018-08-27,10.02,10.43,9.97,10.43,221842422.0
2018-08-28,10.34,10.43,10.24,10.29,128977724.0
2018-08-29,10.25,10.33,10.15,10.27,90188349.0
2018-08-30,10.27,10.35,10.08,10.12,99491773.0
2018-08-31,10.13,10.32,10.1,10.13,131086524.0
2018-09-03,10.09,10.3,10.09,10.19,71169567.0
2018-09-04,10.2,10.55,10.07,10.43,129634208.0
2018-09-05,10.3,10.33,10.05,10.05,117945317.0
2018-09-06,10.05,10.14,9.95,9.97,71177755.0
2018-09-07,10.04,10.18,9.93,10.01,80903534.0
2018-09-10,10.01,10.07,9.84,9.88,63698929.0
2018-09-11,9.9,10.03,9.81,9.91,71296751.0
2018-09-12,9.87,9.97,9.82,9.88,56482916.0
2018-09-13,10.09,10.1,9.84,9.96,99972561.0
2018-09-14,9.98,9.98,9.81,9.84,61975019.0
2018-09-17,9.8,9.8,9.68,9.69,51708233.0
2018-09-18,9.73,10.12,9.7,10.08,112680742.0
2018-09-19,10.03,10.34,10.03,10.24,123154877.0
2018-09-20,10.27,10.36,10.19,10.23,62034836.0
2018-09-21,10.26,10.7,10.18,10.67,162451841.0
2018-09-25,10.52,10.68,10.48,10.55,97701470.0
2018-09-26,10.61,10.92,10.52,10.71,149051343.0
2018-09-27,10.65,10.84,10.57,10.74,88036333.0
2018-09-28,10.78,11.27,10.78,11.05,211024267.0
2018-10-08,10.7,10.79,10.45,10.45,168635852.0
2018-10-09,10.46,10.7,10.39,10.56,106408426.0
2018-10-10,10.54,10.66,10.38,10.45,99520008.0
2018-10-11,10.05,10.16,9.7,9.86,199514383.0
2018-10-12,9.97,10.34,9.87,10.3,151681028.0
2018-10-15,10.39,10.47,10.09,10.11,140268530.0
2018-10-16,10.14,10.54,10.12,10.37,139692105.0
2018-10-17,10.5,10.55,10.14,10.33,135088983.0
2018-10-18,10.29,10.29,10.06,10.09,100115605.0
2018-10-19,9.95,10.78,9.92,10.76,208366732.0
2018-10-22,10.81,11.46,10.78,11.15,264554312.0
2018-10-23,11.2,11.22,10.73,10.84,160254592.0
2018-10-24,10.9,11.33,10.8,11.04,182942464.0
2018-10-25,10.8,11.29,10.71,11.29,168501136.0
2018-10-26,11.29,11.31,10.96,11.18,129997510.0
2018-10-29,11.2,11.24,10.62,10.75,159162878.0
2018-10-30,10.78,11.08,10.73,10.9,150182786.0
2018-10-31,10.95,10.99,10.75,10.91,115268379.0
2018-11-01,10.99,11.05,10.76,10.83,154277632.0
2018-11-02,11.04,11.16,10.83,11.09,221292287.0
2018-11-05,10.95,11.04,10.82,10.92,129192417.0
2018-11-06,10.87,10.93,10.73,10.84,73572574.0
2018-11-07,10.83,10.95,10.75,10.81,78559741.0
2018-11-08,10.88,10.97,10.82,10.89,79397600.0
2018-11-09,10.71,10.73,10.4,10.55,162926917.0
2018-11-12,10.46,10.58,10.38,10.56,92033388.0
2018-11-13,10.41,10.65,10.38,10.54,107249762.0
2018-11-14,10.53,10.55,10.42,10.44,77423985.0
2018-11-15,10.44,10.64,10.42,10.62,90146198.0
2018-11-16,10.61,10.72,10.49,10.57,105959259.0
2018-11-19,10.57,10.88,10.57,10.85,136088709.0
2018-11-20,10.75,10.8,10.52,10.57,103387753.0
2018-11-21,10.5,10.67,10.48,10.61,66615733.0
2018-11-22,10.67,10.67,10.48,10.55,50026785.0
2018-11-23,10.53,10.58,10.31,10.32,70035815.0
2018-11-26,10.34,10.46,10.3,10.34,51656911.0
2018-11-27,10.35,10.39,10.16,10.18,73344838.0
2018-11-28,10.17,10.31,10.16,10.28,53775145.0
2018-11-29,10.35,10.39,10.19,10.2,48528405.0
2018-11-30,10.22,10.36,10.17,10.36,59471532.0
2018-12-03,10.59,10.66,10.47,10.59,106409717.0
2018-12-04,10.57,10.62,10.53,10.59,53481305.0
2018-12-05,10.49,10.51,10.4,10.45,58154527.0
2018-12-06,10.36,10.37,10.23,10.25,57886648.0
2018-12-07,10.3,10.39,10.27,10.28,34021615.0
2018-12-10,10.22,10.27,10.13,10.17,49481887.0
2018-12-11,10.21,10.26,10.17,10.23,29908962.0
2018-12-12,10.3,10.32,10.2,10.24,36637903.0
2018-12-13,10.25,10.48,10.2,10.39,79084521.0
2018-12-14,10.34,10.35,10.16,10.17,52667513.0
2018-12-17,10.16,10.33,10.1,10.29,57127487.0
2018-12-18,10.2,10.32,10.1,10.12,53774430.0
2018-12-19,10.14,10.18,9.9,9.94,59800701.0
2018-12-20,9.92,9.97,9.63,9.71,99028479.0
2018-12-21,9.68,9.7,9.33,9.45,100061676.0
2018-12-24,9.4,9.45,9.31,9.42,50911767.0
2018-12-25,9.29,9.43,9.21,9.34,58661545.0
2018-12-26,9.35,9.42,9.270001,9.3,42114060.0
2018-12-27,9.45,9.49,9.28,9.28,62459327.0
2018-12-28,9.31,9.46,9.31,9.38,57660400.0
2019-01-02,9.39,9.42,9.16,9.19,53938632.0
2019-01-03,9.18,9.33,9.15,9.28,41553795.0
2019-01-04,9.24,9.82,9.22,9.75,148115906.0
2019-01-07,9.84,9.85,9.63,9.74,86568766.0
2019-01-08,9.73,9.74,9.62,9.66,40238811.0
2019-01-09,9.74,10.08,9.7,9.94,123348636.0
2019-01-10,9.87,10.2,9.86,10.1,107181766.0
2019-01-11,10.11,10.22,10.05,10.2,69636455.0
2019-01-14,10.22,10.25,10.07,10.11,50044359.0
2019-01-15,10.11,10.28,10.09,10.24,54216055.0
2019-01-16,10.24,10.5,10.23,10.48,97769937.0
2019-01-17,10.54,10.57,10.17,10.25,88281192.0
2019-01-18,10.34,10.49,10.28,10.43,73879326.0
2019-01-21,10.34,10.47,10.32,10.34,65935576.0
2019-01-22,10.34,10.44,10.26,10.28,42441357.0
2019-01-23,10.29,10.47,10.29,10.35,53787663.0
2019-01-24,10.4,10.55,10.37,10.52,67924088.0
2019-01-25,10.56,11.04,10.55,11.0,210836185.0
2019-01-28,11.04,11.14,10.88,10.94,103590980.0
2019-01-29,10.96,11.07,10.77,11.0,82663110.0
2019-01-30,10.95,11.18,10.86,10.95,71200101.0
2019-01-31,10.98,11.2,10.94,11.1,83162275.0
2019-02-01,11.2,11.25,10.96,11.2,101427007.0
2019-02-11,11.08,11.21,10.97,11.21,80193663.0
2019-02-12,11.2,11.31,11.03,11.19,95993690.0
2019-02-13,11.19,11.41,11.12,11.38,113736574.0
2019-02-14,11.3,11.33,11.19,11.25,86918519.0
2019-02-15,11.23,11.23,10.9,10.95,110012746.0
2019-02-18,11.05,11.36,11.04,11.36,125552221.0
2019-02-19,11.36,11.62,11.24,11.27,127088204.0
2019-02-20,11.33,11.53,11.25,11.41,83262987.0
2019-02-21,11.38,11.55,11.28,11.36,75424648.0
2019-02-22,11.35,11.57,11.15,11.54,118404779.0
2019-02-25,11.7,12.64,11.57,12.55,282493500.0
2019-02-26,12.55,12.57,12.15,12.2,201754493.0
2019-02-27,12.24,12.66,12.15,12.4,197901388.0
2019-02-28,12.44,12.61,12.27,12.36,111309980.0
2019-03-01,12.48,12.78,12.2,12.76,171267916.0
2019-03-04,12.7,13.38,12.62,12.99,245683039.0
2019-03-05,12.91,13.29,12.84,13.06,140842222.0
2019-03-06,13.06,13.15,12.84,13.08,124576020.0
2019-03-07,13.06,13.06,12.55,12.74,178205731.0
2019-03-08,12.49,12.7,12.25,12.3,177816210.0
2019-03-11,12.3,12.49,12.05,12.32,115765077.0
2019-03-12,12.49,12.64,12.24,12.36,141179492.0
2019-03-13,12.34,12.55,12.13,12.37,126942716.0
2019-03-14,12.33,12.62,12.27,12.43,105746790.0
2019-03-15,12.34,12.68,12.34,12.5,104540603.0
2019-03-18,12.53,12.94,12.32,12.91,148645480.0
2019-03-19,12.92,12.94,12.61,12.79,95719646.0
2019-03-20,12.68,12.88,12.62,12.75,92999638.0
2019-03-21,12.77,12.8,12.58,12.69,86014080.0
2019-03-22,12.69,12.74,12.5,12.59,71350206.0
2019-03-25,12.4,12.4,12.1,12.11,117988326.0
2019-03-26,12.23,12.29,12.01,12.1,93539327.0
2019-03-27,12.24,12.47,12.18,12.38,92282680.0
2019-03-28,12.31,12.31,12.1,12.22,73246744.0
2019-03-29,12.26,12.82,12.21,12.82,166950647.0
2019-04-01,12.83,13.55,12.83,13.18,195140119.0
2019-04-02,13.28,13.48,13.23,13.36,110038404.0
2019-04-03,13.21,13.45,13.15,13.44,79291579.0
2019-04-04,13.43,14.0,13.43,13.86,203436500.0
2019-04-08,13.9,14.43,13.72,13.96,174317620.0
2019-04-09,13.87,13.98,13.75,13.81,78133238.0
2019-04-10,13.75,13.88,13.4,13.73,94713506.0
2019-04-11,13.73,13.96,13.49,13.54,65535662.0
2019-04-12,13.49,13.59,13.21,13.42,77432464.0
2019-04-15,13.72,14.09,13.66,13.69,153389068.0
2019-04-16,13.67,14.58,13.55,14.58,237937518.0
2019-04-17,14.42,14.59,14.23,14.35,100410987.0
2019-04-18,14.3,14.37,14.11,14.34,50704530.0
2019-04-19,14.45,14.8,14.3,14.73,124603609.0
2019-04-22,14.6,14.84,14.08,14.15,132227390.0
2019-04-23,14.1,14.2,13.97,14.07,94068734.0
2019-04-24,14.45,14.6,14.16,14.44,194972363.0
2019-04-25,14.38,14.64,14.13,14.13,111147637.0
2019-04-26,14.08,14.25,13.7,13.79,100942124.0
2019-04-29,13.9,14.33,13.86,14.1,103069575.0
2019-04-30,13.99,14.05,13.59,13.85,111657027.0
2019-05-06,13.1,13.35,12.71,12.87,210866784.0
2019-05-07,13.03,13.09,12.72,12.95,107265841.0
2019-05-08,12.72,12.91,12.5,12.6,97545081.0
2019-05-09,12.52,12.58,12.05,12.16,155715161.0
2019-05-10,12.34,12.75,12.1,12.68,119239908.0
2019-05-13,12.33,12.54,12.23,12.3,74191779.0
2019-05-14,12.2,12.75,12.16,12.49,118259819.0
2019-05-15,12.58,13.11,12.57,12.92,110398851.0
2019-05-16,12.93,12.99,12.78,12.85,63490143.0
2019-05-17,12.92,12.93,12.36,12.44,96500085.0
2019-05-20,12.35,12.54,12.25,12.38,78643518.0
2019-05-21,12.4,12.73,12.36,12.56,73121051.0
2019-05-22,12.57,12.57,12.32,12.4,50623072.0
2019-05-23,12.24,12.42,12.14,12.29,66685543.0
2019-05-24,12.35,12.45,12.31,12.35,49552620.0
2019-05-27,12.21,12.42,11.93,12.37,104842598.0
2019-05-28,12.31,12.55,12.26,12.49,88070312.0
2019-05-29,12.36,12.59,12.26,12.4,66641150.0
2019-05-30,12.32,12.38,12.11,12.22,64628465.0
2019-05-31,12.16,12.4,12.11,12.18,68679439.0
2019-06-03,12.22,12.33,11.82,11.9,151271905.0
2019-06-04,11.89,11.94,11.6,11.85,97465534.0
2019-06-05,11.97,12.14,11.92,11.97,74889231.0
2019-06-06,11.97,12.07,11.89,11.92,43366526.0
2019-06-10,12.01,12.47,11.98,12.34,114466882.0
2019-06-11,12.34,12.72,12.3,12.65,125108751.0
2019-06-12,12.63,12.66,12.44,12.57,65731018.0
2019-06-13,12.54,12.68,12.43,12.59,53000026.0
2019-06-14,12.59,12.69,12.45,12.49,48319173.0
2019-06-17,12.48,12.79,12.48,12.67,61981588.0
2019-06-18,12.67,12.85,12.59,12.8,48355512.0
2019-06-19,13.29,13.39,13.01,13.07,114322639.0
2019-06-20,13.17,13.95,13.12,13.8,152919147.0
2019-06-21,13.76,13.87,13.58,13.64,101112915.0
2019-06-24,13.69,13.83,13.61,13.69,65957285.0
2019-06-25,13.72,13.72,13.07,13.43,146922707.0
2019-06-26,13.27,13.5,13.19,13.37,54650476.0
2019-06-27,13.5,13.85,13.45,13.71,92507494.0
2019-06-28,13.73,13.79,13.58,13.78,49809369.0
2019-07-01,14.01,14.18,13.87,13.93,96063600.0
2019-07-02,13.88,14.24,13.86,14.18,105274486.0
2019-07-03,14.18,14.21,13.87,14.01,76907849.0
2019-07-04,14.01,14.28,13.88,13.99,62129252.0
2019-07-05,13.95,13.98,13.69,13.92,74919609.0
2019-07-08,13.82,13.88,13.45,13.59,77841390.0
2019-07-09,13.63,13.71,13.44,13.59,49429611.0
2019-07-10,13.61,13.7,13.49,13.56,35822079.0
2019-07-11,13.68,13.78,13.53,13.54,48418314.0
2019-07-12,13.6,14.23,13.58,14.12,146536652.0
2019-07-15,14.03,14.12,13.84,14.0,84128276.0
2019-07-16,13.97,13.99,13.71,13.75,72278079.0
2019-07-17,13.7,13.81,13.61,13.69,41002063.0
2019-07-18,13.65,13.81,13.56,13.67,42282622.0
2019-07-19,13.74,14.08,13.68,13.99,86639070.0
2019-07-22,13.96,14.02,13.76,13.85,58228330.0
2019-07-23,13.86,13.87,13.65,13.76,50400423.0
2019-07-24,13.87,14.01,13.79,13.88,57027622.0
2019-07-25,13.92,14.27,13.85,14.2,108782641.0
2019-07-26,14.18,14.25,14.08,14.23,63530571.0
2019-07-29,14.25,14.45,14.18,14.29,71557619.0
2019-07-30,14.31,14.55,14.29,14.37,79663432.0
2019-07-31,14.3,14.32,14.08,14.13,63472348.0
2019-08-01,14.06,14.19,13.94,14.1,52798128.0
2019-08-02,13.77,13.88,13.66,13.74,96992646.0
2019-08-05,13.6,13.64,13.27,13.35,89308242.0
2019-08-06,13.1,13.46,13.03,13.37,88249913.0
2019-08-07,13.49,13.64,13.37,13.54,79303899.0
2019-08-08,13.9,14.5,13.85,14.38,233071504.0
2019-08-09,14.55,14.85,14.43,14.52,206057513.0
2019-08-12,14.61,15.12,14.6,15.12,273342550.0
2019-08-13,15.0,15.08,14.74,14.89,129373644.0
2019-08-14,15.14,15.22,14.8,14.97,136054654.0
2019-08-15,14.64,14.96,14.6,14.94,89737626.0
2019-08-16,15.09,15.14,14.78,14.9,98690293.0
2019-08-19,14.91,14.94,14.52,14.92,229295613.0
2019-08-20,14.92,15.2,14.77,14.99,192104150.0
2019-08-21,14.87,14.89,14.38,14.45,199013195.0
2019-08-22,14.4,14.45,14.2,14.31,135307158.0
2019-08-23,14.37,14.74,14.35,14.65,163686768.0
2019-08-26,14.42,14.5,14.15,14.25,141512254.0
2019-08-27,14.36,14.48,14.24,14.31,135671337.0
2019-08-28,14.26,14.28,14.05,14.27,82965768.0
2019-08-29,14.22,14.24,14.08,14.13,60903434.0
2019-08-30,14.29,14.39,14.1,14.16,79850057.0
2019-09-02,14.15,14.5,14.11,14.45,136020130.0
2019-09-03,14.48,14.51,14.25,14.3,85865365.0
2019-09-04,14.32,14.5,14.31,14.44,97396487.0
2019-09-05,14.56,14.85,14.55,14.58,176805143.0
2019-09-06,14.71,14.81,14.62,14.81,98643280.0
2019-09-09,14.98,15.0,14.6,14.69,129983914.0
2019-09-10,14.6,14.64,14.41,14.55,79687064.0
2019-09-11,14.6,14.71,14.46,14.56,81861421.0
2019-09-12,14.66,14.78,14.53,14.68,115068764.0
2019-09-16,14.7,14.72,14.4,14.45,92989414.0
2019-09-17,14.36,14.45,14.18,14.24,88265575.0
2019-09-18,14.24,14.48,14.24,14.41,82043633.0
2019-09-19,14.48,14.89,14.48,14.84,188402083.0
2019-09-20,14.95,15.4,14.93,15.34,264428514.0
2019-09-23,15.34,15.47,15.18,15.38,140328200.0
2019-09-24,15.47,15.54,15.18,15.18,112910324.0
2019-09-25,15.2,15.85,15.19,15.75,193889272.0
2019-09-26,15.86,16.040001,15.66,15.71,168659258.0
2019-09-27,15.85,16.0,15.7,15.9,100770627.0
2019-09-30,15.75,15.89,15.57,15.59,104636317.0
2019-10-08,15.6,16.23,15.6,16.200001,138667636.0
2019-10-09,16.1,16.52,16.02,16.25,131669341.0
2019-10-10,16.27,16.27,15.99,16.24,87974662.0
2019-10-11,16.200001,16.950001,16.200001,16.809999,140542282.0
2019-10-14,16.969999,17.6,16.92,17.219999,155763745.0
2019-10-15,17.25,17.35,16.82,17.18,88195542.0
2019-10-16,17.26,17.440001,16.629999,16.790001,126767121.0
2019-10-17,16.9,17.0,16.549999,16.700001,112618222.0
2019-10-18,16.799999,17.040001,16.43,16.51,119679914.0
2019-10-21,16.43,16.969999,16.43,16.889999,94595225.0
2019-10-22,16.91,16.93,16.030001,16.42,188353143.0
2019-10-23,16.32,16.67,16.23,16.450001,96753459.0
2019-10-24,16.5,17.0,16.440001,16.870001,110921477.0
2019-10-25,16.780001,16.959999,16.58,16.879999,69143576.0
2019-10-28,16.98,17.040001,16.48,16.66,107013113.0
2019-10-29,16.690001,16.93,16.559999,16.91,78886473.0
2019-10-30,16.799999,16.959999,16.42,16.43,85431717.0
2019-10-31,16.42,16.469999,16.24,16.26,86256930.0
2019-11-01,16.35,17.0,16.280001,16.860001,125465544.0
2019-11-04,16.98,17.25,16.77,16.92,88982425.0
2019-11-05,16.799999,17.440001,16.790001,17.15,117248589.0
2019-11-06,17.059999,17.26,16.879999,16.959999,86332536.0
2019-11-07,16.93,17.07,16.75,16.889999,71189699.0
2019-11-08,16.98,17.02,16.639999,16.65,84913924.0
2019-11-11,16.5,16.530001,16.200001,16.280001,95351563.0
2019-11-12,16.290001,16.370001,16.16,16.33,51626640.0
2019-11-13,16.290001,16.459999,16.059999,16.33,65512065.0
2019-11-14,16.43,16.48,16.25,16.32,46889955.0
2019-11-15,16.389999,16.549999,16.24,16.34,56922798.0
2019-11-18,16.35,16.549999,16.23,16.450001,55791841.0
2019-11-19,16.450001,16.48,16.309999,16.41,56212040.0
2019-11-20,16.299999,16.299999,15.77,15.85,172438353.0
2019-11-21,15.75,15.87,15.63,15.86,77256324.0
2019-11-22,15.89,15.92,15.55,15.59,77347354.0
2019-11-25,15.64,15.84,15.54,15.8,78325794.0
2019-11-26,15.89,15.89,15.49,15.62,81529753.0
2019-11-27,15.64,15.64,15.39,15.47,47616998.0
2019-11-28,15.47,15.54,15.44,15.49,37801651.0
2019-11-29,15.54,15.55,15.18,15.29,65386691.0
2019-12-02,15.35,15.43,15.23,15.36,55387738.0
2019-12-03,15.3,15.46,15.21,15.45,45541805.0
2019-12-04,15.34,15.41,15.21,15.31,52454527.0
2019-12-05,15.35,15.48,15.3,15.43,55708446.0
2019-12-06,15.47,15.72,15.46,15.6,71261524.0
2019-12-09,15.62,15.62,15.35,15.41,60599289.0
2019-12-10,15.36,15.38,15.25,15.33,55638388.0
2019-12-11,15.38,15.68,15.3,15.66,87150519.0
2019-12-12,15.66,15.67,15.53,15.6,47899882.0
2019-12-13,15.85,16.120001,15.77,16.120001,105310381.0
2019-12-16,16.120001,16.139999,15.87,16.129999,78795234.0
2019-12-17,16.0,16.629999,15.98,16.5,120310490.0
2019-12-18,16.43,16.66,16.41,16.459999,79709133.0
2019-12-19,16.549999,16.74,16.440001,16.549999,67553676.0
2019-12-20,16.549999,16.68,16.440001,16.59,64447838.0
2019-12-23,16.68,16.68,16.17,16.24,71579272.0
2019-12-24,16.23,16.5,16.23,16.4,45912842.0
2019-12-25,16.450001,16.559999,16.24,16.299999,41491798.0
2019-12-26,16.34,16.48,16.32,16.469999,37203386.0
2019-12-27,16.530001,16.93,16.43,16.629999,104257472.0
2019-12-30,16.459999,16.629999,16.1,16.57,97697031.0
2019-12-31,16.57,16.629999,16.309999,16.450001,70444225.0
2020-01-02,16.65,16.950001,16.549999,16.870001,153023187.0
2020-01-03,16.940001,17.309999,16.92,17.18,111619481.0
2020-01-06,17.01,17.34,16.91,17.07,86208350.0
2020-01-07,17.129999,17.280001,16.950001,17.15,72860756.0
2020-01-08,17.0,17.049999,16.629999,16.66,84782412.0
2020-01-09,16.809999,16.93,16.530001,16.790001,103163665.0
2020-01-10,16.790001,16.809999,16.52,16.690001,58554845.0
2020-01-13,16.75,17.030001,16.610001,16.99,87213336.0
2020-01-14,16.99,17.27,16.76,16.76,130449366.0
2020-01-15,16.790001,16.860001,16.450001,16.52,85943912.0
2020-01-16,16.52,16.57,16.200001,16.33,102810467.0
2020-01-17,16.379999,16.549999,16.35,16.389999,60543669.0
2020-01-20,16.43,16.610001,16.35,16.450001,74607475.0
2020-01-21,16.34,16.34,15.93,16.0,89660310.0
2020-01-22,15.92,16.16,15.71,16.09,71946491.0
2020-01-23,15.92,15.92,15.39,15.54,110059207.0
2020-02-03,13.99,14.7,13.99,13.99,225919483.0
2020-02-04,14.05,14.66,14.02,14.6,170617207.0
2020-02-05,14.59,14.89,14.32,14.63,149138021.0
2020-02-06,14.81,14.87,14.51,14.77,118581572.0
2020-02-07,14.6,14.69,14.41,14.62,92485296.0
2020-02-10,14.51,14.53,14.3,14.5,133949524.0
2020-02-11,14.6,14.94,14.56,14.79,140750744.0
2020-02-12,14.79,14.82,14.6,14.77,107050321.0
2020-02-13,14.71,14.88,14.61,14.65,101320528.0
2020-02-14,14.75,15.14,14.7,15.03,151243473.0
2020-02-17,15.04,15.37,14.93,15.37,154369601.0
2020-02-18,15.33,15.33,15.01,15.2,97361235.0
2020-02-19,15.1,15.37,15.08,15.24,87410693.0
2020-02-20,15.27,15.62,15.1,15.59,123544434.0
2020-02-21,15.49,15.72,15.45,15.58,99507102.0
2020-02-24,15.46,15.46,15.15,15.23,119179450.0
2020-02-25,15.0,15.13,14.78,15.04,114457502.0
2020-02-26,14.77,15.27,14.7,14.99,117659915.0
2020-02-27,14.96,15.15,14.89,15.11,97527090.0
2020-02-28,14.85,15.04,14.46,14.5,130064445.0
2020-03-02,14.55,14.95,14.46,14.79,111658066.0
2020-03-03,14.96,14.99,14.63,14.72,115358432.0
2020-03-04,14.68,14.78,14.51,14.69,86259523.0
2020-03-05,14.8,15.64,14.73,15.39,268660230.0
2020-03-06,15.18,15.27,15.02,15.03,122853103.0
2020-03-09,14.71,14.73,14.42,14.45,166579354.0
2020-03-10,14.38,14.85,14.38,14.76,116786497.0
2020-03-11,14.77,14.88,14.62,14.69,81438164.0
2020-03-12,14.65,14.84,14.53,14.68,98649711.0
2020-03-13,13.9,14.58,13.9,14.52,116976580.0
2020-03-16,14.45,14.46,13.75,13.75,140620218.0
2020-03-17,13.75,13.97,13.13,13.41,117784906.0
2020-03-18,13.41,13.55,12.65,12.71,138478437.0
2020-03-19,12.68,12.74,11.91,12.23,189145713.0
2020-03-20,12.4,12.68,12.26,12.52,157835296.0
2020-03-23,12.0,12.35,11.93,12.15,107111364.0
2020-03-24,12.4,12.68,12.27,12.61,118020026.0
2020-03-25,12.88,13.07,12.7,12.87,113695774.0
2020-03-26,12.78,13.34,12.72,13.06,107519243.0
2020-03-27,13.25,13.38,13.08,13.15,65301888.0
2020-03-30,12.85,13.04,12.76,12.94,66173879.0
2020-03-31,13.05,13.09,12.78,12.8,51337030.0
2020-04-01,12.86,13.13,12.82,12.89,52083604.0
2020-04-02,12.75,12.97,12.66,12.97,51836504.0
2020-04-03,12.82,12.89,12.55,12.61,82534814.0
2020-04-07,12.89,12.94,12.81,12.88,87031371.0
2020-04-08,12.88,12.92,12.72,12.78,52871614.0
2020-04-09,12.88,12.89,12.72,12.74,40855377.0
2020-04-10,12.76,12.98,12.65,12.79,66667495.0
2020-04-13,12.67,12.71,12.47,12.59,44621440.0
2020-04-14,12.65,12.86,12.57,12.86,68608687.0
2020-04-15,12.86,12.93,12.78,12.87,65639640.0
2020-04-16,12.79,12.79,12.54,12.68,78915498.0
2020-04-17,12.77,13.04,12.65,12.89,133116477.0
2020-04-20,12.86,13.05,12.77,12.99,81845583.0
2020-04-21,13.3,13.7,13.3,13.45,212244834.0
2020-04-22,13.37,13.42,13.16,13.23,103280274.0
2020-04-23,13.23,13.31,13.11,13.23,64698963.0
2020-04-24,13.17,13.28,13.11,13.24,56600161.0
2020-04-27,13.3,13.64,13.25,13.5,93682990.0
2020-04-28,13.45,13.56,13.27,13.52,77156417.0
2020-04-29,13.48,14.1,13.45,14.02,110872239.0
2020-04-30,14.02,14.32,13.88,13.93,81954043.0
2020-05-06,13.76,13.89,13.61,13.77,100899802.0
2020-05-07,13.76,13.76,13.6,13.69,66274923.0
2020-05-08,13.76,14.02,13.68,13.95,93478170.0
2020-05-11,13.92,14.13,13.9,14.0,61286229.0
2020-05-12,13.95,14.05,13.72,13.79,55851114.0
2020-05-13,13.75,13.78,13.53,13.63,64035879.0
2020-05-14,13.55,13.59,13.22,13.3,94467209.0
2020-05-15,13.39,13.43,13.14,13.23,75679447.0
2020-05-18,13.2,13.34,13.12,13.2,63720857.0
2020-05-19,13.41,13.45,13.27,13.36,60036864.0
2020-05-20,13.38,13.62,13.27,13.51,69085107.0
2020-05-21,13.52,13.57,13.36,13.4,55231200.0
2020-05-22,13.33,13.34,12.92,12.92,85623733.0
2020-05-25,12.97,12.98,12.76,12.96,41017078.0
2020-05-26,13.02,13.07,12.94,13.04,39621240.0
2020-05-27,13.05,13.19,12.96,13.0,48296294.0
2020-05-28,12.87,13.18,12.81,13.07,96076031.0
2020-05-29,13.01,13.04,12.92,13.0,45780822.0
2020-06-01,13.1,13.39,13.08,13.32,88296055.0
2020-06-02,13.29,13.63,13.28,13.55,88345888.0
2020-06-03,13.64,13.88,13.5,13.54,95680308.0
2020-06-04,13.53,13.64,13.41,13.57,58306633.0
2020-06-05,13.6,13.62,13.43,13.59,38302690.0
2020-06-08,13.68,13.85,13.58,13.62,58597190.0
2020-06-09,13.64,13.73,13.53,13.67,47430007.0
2020-06-10,13.71,13.71,13.4,13.49,58047620.0
2020-06-11,13.38,13.39,13.0,13.08,134903982.0
2020-06-12,12.9,13.02,12.87,12.99,103055057.0
2020-06-15,12.85,12.97,12.8,12.82,66031307.0
2020-06-16,12.9,12.99,12.86,12.89,71805910.0
2020-06-17,12.89,12.92,12.76,12.85,71646824.0
2020-06-18,12.76,12.8,12.59,12.76,111964780.0
2020-06-19,12.73,12.84,12.61,12.8,153952178.0
2020-06-22,12.74,12.76,12.62,12.64,131907979.0
2020-06-23,12.65,12.69,12.52,12.6,99080673.0
2020-06-24,12.64,12.88,12.6,12.8,152322048.0
2020-06-29,12.92,12.97,12.71,12.8,103848006.0
2020-06-30,12.83,12.88,12.72,12.8,93794022.0
2020-07-01,12.79,13.15,12.74,13.12,169739001.0
2020-07-02,13.08,13.49,12.97,13.43,259050119.0
2020-07-03,13.57,14.32,13.56,14.25,376833360.0
2020-07-06,14.6,15.68,14.59,15.68,471146080.0
2020-07-07,16.299999,16.629999,15.03,15.48,396442750.0
2020-07-08,15.23,16.0,15.23,15.76,263133916.0
2020-07-09,15.66,15.66,15.31,15.53,224399440.0
2020-07-10,15.35,15.48,14.76,14.86,215877326.0
2020-07-13,14.7,15.08,14.5,14.89,193716012.0
2020-07-14,14.9,15.19,14.55,14.68,195356627.0
2020-07-15,14.78,14.86,14.23,14.27,204256283.0
2020-07-16,14.3,14.55,14.12,14.15,193089129.0
2020-07-17,14.17,14.28,13.95,14.14,129134677.0
2020-07-20,14.23,14.77,14.1,14.73,197963200.0
2020-07-21,14.68,14.68,14.4,14.49,125286569.0
2020-07-22,14.49,14.65,14.27,14.41,131295159.0
2020-07-23,14.24,14.29,13.81,14.01,202752587.0
2020-07-24,13.97,13.99,13.42,13.5,183088183.0
2020-07-27,13.67,13.68,13.1,13.24,188065335.0
2020-07-28,13.34,13.43,13.18,13.34,121700599.0
2020-07-29,13.35,13.63,13.21,13.54,151958025.0
2020-07-30,13.5,13.51,13.37,13.37,96406763.0
2020-07-31,13.28,13.53,13.25,13.34,116582191.0
2020-08-03,13.47,13.62,13.43,13.59,144509616.0
2020-08-04,13.66,14.15,13.48,14.04,244566325.0
2020-08-05,13.82,13.85,13.62,13.76,144020313.0
2020-08-06,13.82,13.96,13.65,13.9,135251068.0
2020-08-07,13.8,13.9,13.62,13.7,98867837.0
2020-08-10,13.67,14.02,13.62,13.95,158771035.0
2020-08-11,13.97,14.66,13.97,14.13,260330789.0
2020-08-12,14.21,14.5,14.15,14.38,159681170.0
2020-08-13,14.4,14.46,14.14,14.18,83726175.0
2020-08-14,14.1,14.51,14.06,14.47,110321582.0
2020-08-17,14.6,15.35,14.55,15.19,326802780.0
2020-08-18,15.2,15.3,14.91,15.15,135026107.0
2020-08-19,15.11,15.35,14.96,15.1,142092811.0
2020-08-20,15.01,15.14,14.53,14.59,133380162.0
2020-08-21,14.71,14.71,14.32,14.45,123451733.0
2020-08-24,14.5,14.71,14.41,14.46,91944886.0
2020-08-25,14.56,14.69,14.46,14.6,74832022.0
2020-08-26,14.6,14.61,14.28,14.37,73411772.0
2020-08-27,14.4,14.46,14.11,14.46,62666677.0
2020-08-28,14.26,15.18,14.26,15.13,241040002.0
2020-08-31,15.3,15.68,14.99,15.08,179712954.0
2020-09-01,14.96,15.23,14.88,15.14,81364258.0
2020-09-02,15.01,15.53,15.01,15.32,167938297.0
2020-09-03,15.32,15.33,14.84,14.9,127984159.0
2020-09-04,14.73,15.06,14.6,14.96,90988999.0
2020-09-07,14.88,15.24,14.83,14.94,103137681.0
2020-09-08,15.0,15.43,15.0,15.43,140760166.0
2020-09-09,15.26,15.56,15.13,15.21,101357247.0
2020-09-10,15.32,15.48,15.2,15.34,95709239.0
2020-09-11,15.18,15.3,14.82,15.01,95423625.0
2020-09-14,15.01,15.3,14.92,15.3,68025105.0
2020-09-15,15.2,15.48,15.15,15.35,65713267.0
2020-09-16,15.32,15.54,15.21,15.44,72241475.0
2020-09-17,15.54,15.72,15.4,15.57,98821563.0
2020-09-18,15.62,16.09,15.52,16.07,137319330.0
2020-09-21,16.0,16.049999,15.71,15.86,89616165.0
2020-09-22,15.67,15.84,15.39,15.57,86775631.0
2020-09-23,15.59,15.83,15.51,15.63,59920047.0
2020-09-24,15.59,15.61,15.12,15.12,106101124.0
2020-09-25,15.2,15.31,15.11,15.19,61408700.0
2020-09-28,15.19,15.37,14.98,15.31,61271111.0
2020-09-29,15.39,15.41,14.76,14.8,118237440.0
2020-09-30,14.8,15.27,14.8,15.17,121706482.0
2020-10-09,15.3,15.55,15.13,15.18,90042593.0
2020-10-12,15.22,16.049999,15.21,15.9,159134715.0
2020-10-13,15.9,16.110001,15.77,16.059999,90881948.0
2020-10-14,16.040001,16.120001,15.8,16.030001,66256236.0
2020-10-15,16.200001,16.92,16.15,16.559999,160006232.0
2020-10-16,16.559999,17.370001,16.540001,17.1,209561419.0
2020-10-19,17.299999,18.1,17.299999,17.48,201610552.0
2020-10-20,17.48,17.6,17.25,17.540001,96007195.0
2020-10-21,17.639999,18.0,17.33,17.91,124456018.0
2020-10-22,17.940001,18.5,17.299999,17.559999,189051905.0
2020-10-23,17.530001,18.780001,17.530001,18.129999,169850168.0
2020-10-26,18.200001,18.290001,17.450001,17.700001,117559865.0
2020-10-27,18.0,18.0,17.5,17.76,103486504.0
2020-10-28,17.76,17.9,17.290001,17.629999,120582386.0
2020-10-29,17.540001,17.93,17.35,17.77,84660362.0
2020-10-30,17.74,18.360001,17.6,17.75,100780383.0
2020-11-02,17.65,18.049999,17.33,17.629999,96845277.0
2020-11-03,17.709999,18.34,17.700001,17.959999,95786863.0
2020-11-04,18.35,18.48,17.959999,18.32,124763640.0
2020-11-05,18.370001,18.5,17.540001,17.700001,142946944.0
2020-11-06,17.709999,17.75,17.219999,17.639999,84878153.0
2020-11-09,17.67,18.0,17.540001,17.84,95142432.0
2020-11-10,18.0,18.5,17.93,18.110001,102106281.0
2020-11-11,18.200001,18.299999,17.6,17.809999,94013007.0
2020-11-12,17.809999,17.940001,17.450001,17.66,67725848.0
2020-11-13,17.42,17.469999,16.690001,17.18,128918923.0
2020-11-16,17.08,17.43,16.9,17.370001,75985693.0
2020-11-17,17.379999,17.93,17.25,17.83,85293051.0
2020-11-18,17.780001,18.5,17.75,18.459999,137340072.0
2020-11-19,18.59,18.98,18.299999,18.85,121174062.0
2020-11-20,18.83,18.99,18.52,18.860001,67391922.0
2020-11-23,18.85,19.620001,18.799999,19.620001,116585826.0
2020-11-24,19.620001,19.68,19.17,19.360001,67854323.0
2020-11-25,19.48,19.700001,19.049999,19.059999,55258501.0
2020-11-26,19.049999,19.610001,19.030001,19.5,63965789.0
2020-11-27,20.0,20.0,19.379999,19.700001,75377374.0
2020-11-30,19.9,20.879999,19.59,19.74,158144128.0
2020-12-01,19.700001,20.51,19.4,20.049999,126371975.0
2020-12-02,19.93,20.059999,19.52,19.629999,88938529.0
2020-12-03,19.780001,19.860001,19.17,19.540001,71445230.0
2020-12-04,19.469999,19.469999,18.969999,19.299999,89134784.0
2020-12-07,19.309999,19.389999,18.68,18.91,87380661.0
2020-12-08,18.92,19.030001,18.530001,18.709999,71964751.0
2020-12-09,18.790001,19.049999,18.68,18.709999,67722115.0
2020-12-10,18.73,18.879999,18.450001,18.65,60786655.0
2020-12-11,18.709999,18.799999,18.219999,18.52,88779387.0
2020-12-14,18.6,19.059999,18.5,18.879999,83599174.0
2020-12-15,18.799999,18.85,18.15,18.74,78885794.0
2020-12-16,18.799999,19.1,18.58,19.01,68907042.0
2020-12-17,18.91,19.07,18.6,18.950001,68614069.0
2020-12-18,19.0,19.1,18.23,18.360001,105875636.0
2020-12-21,18.299999,18.639999,18.030001,18.280001,90687811.0
2020-12-22,18.360001,18.65,17.879999,17.9,102873751.0
2020-12-23,17.959999,18.07,17.790001,18.0,75008273.0
2020-12-24,18.15,18.49,18.049999,18.26,63295012.0
2020-12-25,18.26,18.26,17.799999,18.040001,57707733.0
2020-12-28,18.02,18.860001,17.959999,18.85,127033706.0
2020-12-29,18.870001,19.299999,18.700001,19.17,96309223.0
2020-12-30,19.0,19.200001,18.719999,19.200001,97849778.0
2020-12-31,19.209999,19.58,19.02,19.34,92450343.0
2021-01-04,19.1,19.1,18.440001,18.6,155421643.0
2021-01-05,18.4,18.48,17.799999,18.17,182135210.0
2021-01-06,18.08,19.559999,18.0,19.559999,193494512.0
2021-01-07,19.52,19.98,19.23,19.9,158418530.0
2021-01-08,19.9,20.1,19.309999,19.85,119547322.0
2021-01-11,20.0,20.639999,20.0,20.379999,179045714.0
2021-01-12,20.389999,21.0,20.18,21.0,128816550.0
2021-01-13,21.0,21.01,20.4,20.700001,104911973.0
2021-01-14,20.68,20.889999,19.950001,20.17,113015562.0
2021-01-15,21.0,21.950001,20.82,21.0,248068898.0
2021-01-18,21.200001,22.780001,21.200001,22.700001,215730178.0
2021-01-19,22.51,22.84,22.049999,22.34,124208834.0
2021-01-20,22.15,22.969999,22.120001,22.469999,128079316.0
2021-01-21,22.5,22.799999,22.15,22.23,94477860.0
2021-01-22,22.23,22.23,21.51,22.030001,92443442.0
2021-01-25,21.719999,22.6,21.43,22.49,102836527.0
2021-01-26,22.299999,23.32,22.299999,22.370001,112672055.0
2021-01-27,22.309999,23.469999,22.309999,23.08,129415272.0
2021-01-28,22.780001,23.18,22.450001,22.809999,85747696.0
2021-01-29,22.809999,23.540001,22.709999,23.09,124025841.0
2021-02-01,23.0,24.99,22.700001,24.549999,147523930.0
2021-02-02,23.379999,24.1,22.91,23.280001,241616877.0
2021-02-03,23.48,25.18,23.379999,24.950001,192327159.0
2021-02-04,24.18,25.24,24.040001,24.6,125524750.0
2021-02-05,24.6,25.309999,24.27,24.93,101557559.0
2021-02-08,24.9,24.9,24.1,24.799999,108426467.0
2021-02-09,24.790001,24.84,24.17,24.58,94209355.0
2021-02-10,24.6,24.959999,23.379999,23.82,191886710.0
2021-02-18,24.0,24.549999,23.48,24.299999,150523081.0
2021-02-19,23.959999,24.190001,23.57,23.85,92258314.0
2021-02-22,23.799999,23.799999,22.26,22.379999,195684248.0
2021-02-23,22.379999,22.68,21.82,21.93,187046013.0
2021-02-24,22.27,22.280001,21.559999,22.16,142849985.0
2021-02-25,22.4,22.559999,21.68,22.09,159340347.0
2021-02-26,21.6,21.959999,21.209999,21.379999,112497730.0
2021-03-01,21.540001,21.68,21.18,21.450001,112538653.0
2021-03-02,21.620001,22.15,21.26,21.65,147342505.0
2021-03-03,21.58,23.08,21.459999,23.01,191963527.0
2021-03-04,22.77,23.49,22.65,22.92,121357937.0
2021-03-05,22.700001,22.98,21.860001,22.34,88017141.0
2021-03-08,22.440001,22.690001,21.48,21.6,99377397.0
2021-03-09,21.68,21.92,20.58,20.85,136189533.0
2021-03-10,20.84,20.91,20.280001,20.4,114941657.0
2021-03-11,20.58,21.379999,20.559999,21.27,104865939.0
2021-03-12,21.370001,21.700001,21.200001,21.48,69720060.0
2021-03-15,21.4,22.120001,21.110001,21.6,95874870.0
2021-03-16,21.6,22.110001,21.27,21.66,93968432.0
2021-03-17,21.450001,21.549999,20.9,21.200001,82148865.0
2021-03-18,21.299999,21.73,21.0,21.73,69161019.0
2021-03-19,21.530001,21.65,20.370001,20.469999,152562227.0
2021-03-22,20.549999,21.549999,20.530001,21.549999,145119008.0
2021-03-23,21.57,21.65,20.959999,21.23,68290338.0
2021-03-24,21.209999,21.280001,20.450001,20.530001,85008507.0
2021-03-25,20.58,20.83,20.4,20.75,49266574.0
2021-03-26,20.84,21.4,20.76,21.139999,82210806.0
2021-03-29,21.280001,21.65,21.200001,21.49,78566668.0
2021-03-30,21.379999,21.93,21.209999,21.93,73865481.0
2021-03-31,21.77,22.07,21.6,22.01,77702807.0
2021-04-01,22.08,22.110001,21.5,21.780001,54444898.0
2021-04-02,21.700001,21.73,21.360001,21.5,58108352.0
2021-04-06,21.549999,22.09,21.51,21.68,40110282.0
2021-04-07,21.879999,21.93,21.309999,21.639999,51760459.0
2021-04-08,21.459999,21.73,21.33,21.559999,38302950.0
2021-04-09,21.709999,21.719999,21.08,21.299999,39896028.0
2021-04-12,21.51,21.51,20.629999,20.700001,59474314.0
2021-04-13,20.719999,20.879999,20.59,20.780001,49990418.0
2021-04-14,20.790001,20.940001,20.42,20.67,53743849.0
2021-04-15,20.76,20.77,20.08,20.360001,73586505.0
2021-04-16,20.360001,20.43,19.809999,20.26,72999826.0
2021-04-19,20.030001,21.24,19.91,21.15,111228262.0
2021-04-20,21.08,21.950001,20.92,21.690001,83477272.0
2021-04-21,22.299999,23.190001,22.290001,23.01,159709965.0
2021-04-22,23.190001,23.23,22.780001,22.98,82969388.0
2021-04-23,23.32,23.65,23.07,23.290001,82323015.0
2021-04-26,23.870001,24.23,22.9,22.940001,87241767.0
2021-04-27,22.950001,23.190001,22.860001,22.940001,47043140.0
2021-04-28,23.290001,23.450001,22.780001,23.35,59383793.0
2021-04-29,23.34,23.709999,23.110001,23.59,61483688.0
2021-04-30,23.35,23.49,23.01,23.290001,56198132.0
2021-05-06,23.1,23.700001,23.1,23.5,50029522.0
2021-05-07,23.67,24.299999,23.389999,24.049999,80221421.0
2021-05-10,24.0,24.040001,23.02,23.860001,66143890.0
2021-05-11,23.620001,23.75,23.059999,23.530001,49722345.0
2021-05-12,23.290001,23.639999,22.879999,23.549999,53326526.0
2021-05-13,23.52,23.59,22.84,23.07,54965250.0
2021-05-14,23.139999,23.43,22.6,23.32,56378536.0
2021-05-17,23.15,23.82,22.950001,23.6,52756465.0
2021-05-18,23.85,24.110001,23.4,23.9,39541498.0
2021-05-19,23.82,24.129999,23.52,23.6,42942033.0
2021-05-20,23.41,23.84,23.27,23.82,40578837.0
2021-05-21,23.879999,24.09,23.030001,23.49,53933574.0
2021-05-24,23.48,23.6,23.190001,23.48,34393563.0
2021-05-25,23.540001,24.73,23.450001,24.6,97237462.0
2021-05-26,24.639999,25.120001,24.5,25.01,91926378.0
2021-05-27,24.91,25.16,24.52,24.790001,50409136.0
2021-05-28,24.68,24.709999,24.16,24.5,49240073.0
2021-05-31,24.33,24.530001,23.91,24.200001,51535081.0
2021-06-01,24.200001,24.25,23.5,23.92,62501796.0
2021-06-02,23.889999,23.92,23.379999,23.889999,49752702.0
2021-06-03,23.719999,24.139999,23.68,23.77,40090085.0
2021-06-04,23.99,24.959999,23.799999,24.540001,75673942.0
2021-06-07,24.48,24.48,23.93,24.299999,44791410.0
2021-06-08,24.15,24.57,23.950001,24.530001,57007792.0
2021-06-09,24.43,24.879999,24.18,24.65,45383150.0
2021-06-10,24.66,25.059999,24.15,24.200001,53021516.0
2021-06-11,24.309999,24.35,23.120001,23.370001,83466504.0
2021-06-15,23.35,23.43,22.799999,23.219999,66062259.0
2021-06-16,23.219999,23.4,23.01,23.26,37820804.0
2021-06-17,23.02,23.690001,23.02,23.1,45328209.0
2021-06-18,23.129999,23.280001,22.389999,22.65,69409930.0
2021-06-21,22.6,22.67,22.01,22.16,71827274.0
2021-06-22,22.379999,23.09,22.25,22.969999,75775141.0
2021-06-23,22.85,23.41,22.719999,23.139999,44790778.0
2021-06-24,23.030001,23.120001,22.68,23.08,39028349.0
2021-06-25,23.08,23.6,23.059999,23.360001,55997295.0
2021-06-28,23.360001,23.389999,22.48,22.780001,62625737.0
2021-06-29,22.58,22.790001,22.0,22.34,104974939.0
2021-06-30,22.360001,22.93,22.35,22.620001,40343546.0
2021-07-01,22.809999,23.5,22.52,23.200001,66483330.0
2021-07-02,22.719999,22.74,21.76,21.809999,107067756.0
2021-07-05,21.690001,22.15,21.09,22.059999,85934129.0
2021-07-06,22.08,23.0,21.85,22.780001,79195726.0
2021-07-07,22.68,23.049999,22.5,22.549999,46894487.0
2021-07-08,22.780001,22.780001,21.200001,21.51,145705947.0
2021-07-09,21.299999,21.629999,21.02,21.27,76236474.0
2021-07-12,21.5,21.5,20.889999,21.16,87790102.0
2021-07-13,21.15,21.34,20.540001,21.120001,65761395.0
2021-07-14,21.0,21.0,20.41,20.76,84795055.0
2021-07-15,20.719999,21.719999,20.629999,21.620001,95600305.0
2021-07-16,21.41,21.82,21.299999,21.34,57300261.0
2021-07-19,21.360001,21.43,20.780001,21.209999,52213595.0
2021-07-20,21.1,21.200001,20.469999,20.6,80403433.0
2021-07-21,20.58,20.799999,20.200001,20.450001,75307652.0
2021-07-22,20.450001,20.66,20.24,20.379999,86864809.0
2021-07-23,20.379999,20.379999,20.0,20.1,72740433.0
2021-07-26,19.959999,19.99,18.43,18.799999,145130394.0
2021-07-27,18.870001,18.99,17.6,17.76,135755148.0
2021-07-28,17.85,18.07,17.68,17.75,106299421.0
2021-07-29,17.91,18.24,17.780001,17.959999,87237812.0
2021-07-30,17.92,18.049999,17.24,17.690001,95015588.0
2021-08-02,17.639999,18.139999,17.18,18.01,115992263.0
2021-08-03,17.99,18.15,17.66,17.889999,89694857.0
2021-08-04,18.040001,18.07,17.6,17.809999,72962008.0
2021-08-05,17.700001,18.049999,17.58,17.68,62157388.0
2021-08-06,17.549999,17.9,17.450001,17.860001,56745413.0
2021-08-09,17.91,19.25,17.84,19.059999,175279800.0
2021-08-10,19.09,19.98,18.9,19.73,130198844.0
2021-08-11,19.99,20.58,19.700001,19.809999,104830844.0
2021-08-12,19.790001,20.299999,19.629999,19.889999,66645800.0
2021-08-13,19.780001,19.92,19.5,19.889999,56288502.0
2021-08-16,20.09,20.200001,19.57,19.950001,62705022.0
2021-08-17,19.85,20.219999,19.610001,19.67,47602194.0
2021-08-18,19.67,21.200001,19.549999,20.620001,133273216.0
2021-08-19,20.48,20.620001,20.02,20.34,64997561.0
2021-08-20,19.969999,20.07,18.700001,19.42,161462793.0
2021-08-23,19.5,20.049999,19.110001,19.299999,119184935.0
2021-08-24,19.35,19.969999,19.209999,19.360001,86895330.0
2021-08-25,19.42,19.469999,18.950001,19.16,69808397.0
2021-08-26,19.200001,19.26,18.41,18.459999,95161900.0
2021-08-27,18.559999,18.879999,18.309999,18.389999,72882023.0
2021-08-30,18.209999,18.290001,17.549999,17.719999,125221101.0
2021-08-31,17.719999,17.93,17.309999,17.799999,117486786.0
2021-09-01,17.48,17.92,17.01,17.879999,231689409.0
2021-09-02,18.0,18.780001,17.799999,18.4,242260354.0
2021-09-03,18.5,18.5,17.700001,18.040001,139481871.0
2021-09-06,17.93,18.6,17.780001,18.450001,151522556.0
2021-09-07,18.6,19.559999,18.35,19.24,162234416.0
2021-09-08,19.24,19.549999,19.1,19.23,102620105.0
2021-09-09,19.110001,19.15,18.799999,19.0,73950585.0
2021-09-10,18.889999,20.77,18.84,20.57,231494528.0
2021-09-13,20.360001,20.51,19.809999,20.209999,129722802.0
2021-09-14,20.18,20.27,19.27,19.370001,115817315.0
2021-09-15,19.309999,20.99,19.190001,19.52,84161841.0
2021-09-16,19.299999,19.5,18.73,19.08,117695356.0
2021-09-17,18.9,19.0,18.41,18.530001,112487963.0
2021-09-22,17.870001,18.049999,17.42,17.98,147336521.0
2021-09-23,18.1,18.32,17.65,17.68,137983759.0
2021-09-24,17.6,17.68,17.34,17.35,126569628.0
2021-09-27,17.209999,17.68,17.059999,17.57,114066759.0
2021-09-28,17.469999,18.17,17.450001,17.969999,129316747.0
2021-09-29,17.860001,18.440001,17.709999,18.15,123012175.0
2021-09-30,18.09,18.200001,17.709999,17.93,79561105.0
2021-10-08,18.17,18.889999,18.02,18.639999,115920062.0
2021-10-11,19.0,19.74,19.0,19.4,145533835.0
2021-10-12,19.299999,19.709999,19.200001,19.35,103123218.0
2021-10-13,19.299999,19.91,19.17,19.58,80789668.0
2021-10-14,19.59,19.92,18.889999,19.209999,84298987.0
2021-10-15,19.0,19.9,19.0,19.66,99349378.0
2021-10-18,19.450001,19.549999,19.1,19.290001,72962250.0
2021-10-19,19.15,19.68,19.15,19.57,68241515.0
2021-10-20,19.75,19.780001,19.190001,19.24,66295555.0
2021-10-21,19.52,20.059999,19.25,20.0,162166101.0
2021-10-22,20.16,20.59,19.799999,20.040001,113496363.0
2021-10-25,19.709999,20.200001,19.5,20.120001,73082823.0
2021-10-26,20.059999,20.450001,19.860001,20.049999,65280684.0
2021-10-27,20.0,20.17,19.59,19.92,68760019.0
2021-10-28,19.799999,19.940001,19.370001,19.719999,61901089.0
2021-10-29,19.629999,19.74,19.32,19.5,53992976.0
2021-11-01,19.33,19.73,19.01,19.389999,84149020.0
2021-11-02,19.370001,19.49,17.99,18.18,199769050.0
2021-11-03,18.1,18.24,17.85,18.030001,111497204.0
2021-11-04,18.08,18.1,17.799999,17.870001,98341098.0
2021-11-05,17.85,18.0,17.57,17.639999,109603988.0
2021-11-08,17.620001,17.809999,17.360001,17.42,137681482.0
2021-11-09,17.48,17.65,17.26,17.530001,124057275.0
2021-11-10,17.459999,17.469999,17.16,17.4,122085088.0
2021-11-11,17.35,18.43,17.32,18.35,208472900.0
2021-11-12,18.309999,18.629999,18.110001,18.27,95754646.0
2021-11-15,18.35,18.629999,18.200001,18.43,65508999.0
2021-11-16,18.360001,18.540001,18.17,18.219999,60111048.0
2021-11-17,18.15,18.299999,17.98,18.110001,66464038.0
2021-11-18,18.09,18.120001,17.73,17.799999,79984377.0
2021-11-19,17.799999,18.24,17.700001,18.15,78637156.0
2021-11-22,18.030001,18.25,17.9,18.120001,73861780.0
2021-11-23,18.110001,18.35,17.68,17.879999,123597796.0
2021-11-24,17.77,17.950001,17.66,17.870001,74131084.0
2021-11-25,17.74,17.790001,17.629999,17.68,60353270.0
2021-11-26,17.620001,17.67,17.52,17.58,69449988.0
2021-11-29,17.41,17.57,17.360001,17.51,51259471.0
2021-11-30,17.540001,17.68,17.35,17.440001,73361606.0
2021-12-01,17.43,17.77,17.370001,17.639999,70692519.0
2021-12-02,17.620001,17.809999,17.370001,17.59,99479835.0
2021-12-03,17.639999,17.700001,17.41,17.65,70759974.0
2021-12-06,17.85,18.559999,17.799999,18.1,214562528.0
2021-12-07,18.299999,18.67,18.15,18.459999,161644387.0
2021-12-08,18.450001,18.549999,18.16,18.469999,98028118.0
2021-12-09,18.49,19.059999,18.370001,18.700001,145588668.0
2021-12-10,18.51,18.700001,18.27,18.379999,98925513.0
2021-12-13,18.469999,18.879999,18.18,18.27,131449027.0
2021-12-14,18.16,18.17,17.52,17.58,193720890.0
2021-12-15,17.51,17.66,17.4,17.549999,129462741.0
2021-12-16,17.549999,17.73,17.459999,17.719999,81947951.0
2021-12-17,17.700001,17.75,17.57,17.57,60236967.0
2021-12-20,17.559999,17.65,17.450001,17.52,74643520.0
2021-12-21,17.49,17.709999,17.48,17.59,89373404.0
2021-12-22,17.620001,17.639999,17.299999,17.389999,97692775.0
2021-12-23,17.4,17.43,17.209999,17.32,105957594.0
2021-12-24,17.33,17.35,17.209999,17.309999,48825149.0
2021-12-27,17.33,17.35,17.16,17.219999,73111899.0
2021-12-28,17.219999,17.33,17.09,17.17,112663891.0
2021-12-29,17.16,17.16,16.700001,16.75,146937398.0
2021-12-30,16.76,16.950001,16.719999,16.82,79666360.0
2021-12-31,16.860001,16.9,16.4,16.48,175076089.0
2022-01-04,16.48,16.66,16.18,16.66,116925933.0
2022-01-05,16.58,17.219999,16.549999,17.15,196199817.0
2022-01-06,17.110001,17.27,17.0,17.120001,110788519.0
2022-01-07,17.1,17.280001,17.059999,17.200001,112663070.0
2022-01-10,17.290001,17.42,17.030001,17.190001,90977401.0
2022-01-11,17.26,17.540001,17.139999,17.41,158199940.0
2022-01-12,17.41,17.450001,16.9,17.0,150216355.0
2022-01-13,16.91,17.24,16.82,16.98,90942265.0
2022-01-14,17.0,17.02,16.299999,16.33,210309491.0
2022-01-17,16.35,16.48,16.120001,16.219999,114368943.0
2022-01-18,16.25,16.540001,16.16,16.52,115297431.0
2022-01-19,16.540001,16.690001,16.360001,16.5,98839185.0
2022-01-20,16.469999,17.459999,16.42,17.33,303119380.0
2022-01-21,17.450001,17.559999,17.209999,17.35,148168295.0
2022-01-24,17.34,17.379999,16.98,17.200001,87477087.0
2022-01-25,17.08,17.08,16.809999,16.85,109328397.0
2022-01-26,16.950001,17.1,16.540001,16.65,98497522.0
2022-01-27,16.5,16.540001,16.25,16.299999,102464311.0
2022-01-28,16.389999,16.450001,15.82,15.83,167556367.0
2022-02-07,16.02,16.41,15.89,16.389999,151547630.0
2022-02-08,16.299999,16.969999,16.26,16.83,175469528.0
2022-02-09,16.92,17.0,16.709999,16.860001,105116166.0
2022-02-10,16.77,17.030001,16.67,16.99,78455735.0
2022-02-11,17.030001,17.34,17.030001,17.1,107813914.0
2022-02-14,17.1,17.15,16.51,16.58,115065851.0
2022-02-15,16.5,16.67,16.1,16.280001,120826437.0
2022-02-16,16.35,16.530001,16.209999,16.41,78239959.0
2022-02-17,16.389999,16.549999,16.32,16.42,79450184.0
2022-02-18,16.32,16.77,16.309999,16.77,80249940.0
2022-02-21,16.66,16.67,16.32,16.51,80099455.0
2022-02-22,16.309999,16.440001,16.16,16.23,89495673.0
2022-02-23,16.299999,16.309999,16.040001,16.190001,88674244.0
2022-02-24,16.129999,16.15,15.8,15.91,132408685.0
2022-02-25,15.99,16.08,15.87,15.9,72639707.0
2022-02-28,15.9,15.92,15.62,15.75,72399045.0
2022-03-01,15.79,15.95,15.62,15.92,93504034.0
2022-03-02,15.79,15.87,15.66,15.68,76076086.0
2022-03-03,15.73,15.81,15.63,15.71,57828505.0
2022-03-04,15.62,15.63,15.28,15.33,99093566.0
2022-03-07,15.17,15.17,14.66,14.72,111315899.0
2022-03-08,14.62,14.86,14.25,14.31,100303269.0
2022-03-09,14.4,14.45,13.22,13.84,180076017.0
2022-03-10,14.18,14.75,14.09,14.57,224915816.0
2022-03-11,14.4,14.98,14.15,14.9,149364697.0
2022-03-14,14.63,14.93,14.45,14.49,111840734.0
2022-03-15,14.4,14.4,13.6,13.68,178140887.0
2022-03-16,13.86,14.4,13.51,14.31,153177906.0
2022-03-17,14.66,14.71,14.24,14.45,173006142.0
2022-03-18,14.36,14.85,14.14,14.7,152880713.0
2022-03-21,14.5,14.82,14.39,14.59,120886805.0
2022-03-22,14.59,15.22,14.5,15.18,162865658.0
2022-03-23,15.11,15.19,14.9,15.0,105010238.0
2022-03-24,14.92,15.31,14.81,15.2,100235995.0
2022-03-25,15.15,15.25,14.82,14.98,74293335.0
2022-03-28,14.8,15.05,14.63,14.85,72713699.0
2022-03-29,14.88,14.95,14.6,14.68,61564315.0
2022-03-30,14.86,15.27,14.76,15.21,123679155.0
2022-03-31,15.1,15.57,15.06,15.38,116374674.0
2022-04-01,15.37,15.79,15.2,15.75,148487874.0
2022-04-06,15.64,16.540001,15.63,16.389999,248854005.0
2022-04-07,16.379999,16.66,16.200001,16.280001,165906455.0
2022-04-08,16.26,16.450001,16.129999,16.4,106677946.0
2022-04-11,16.35,16.4,15.8,16.049999,141673536.0
2022-04-12,16.049999,16.26,15.66,15.92,103926142.0
2022-04-13,15.89,16.08,15.72,15.8,89062806.0
2022-04-14,16.0,16.25,15.92,16.040001,92961494.0
2022-04-15,15.9,16.530001,15.86,16.42,123176103.0
2022-04-18,16.15,16.200001,15.81,15.9,108688756.0
2022-04-19,15.9,15.97,15.62,15.81,82177249.0
2022-04-20,15.81,16.049999,15.7,15.85,71655528.0
2022-04-21,15.77,15.98,15.7,15.81,70989116.0
2022-04-22,15.64,16.190001,15.4,16.059999,92127408.0
2022-04-25,15.67,15.91,14.78,14.85,166448098.0
2022-04-26,14.88,14.98,14.45,14.73,98820956.0
2022-04-27,14.98,15.65,14.96,15.65,149029503.0
2022-04-28,15.57,15.93,15.37,15.65,91177187.0
2022-04-29,15.69,15.74,14.97,15.32,164501308.0
2022-05-05,15.2,15.45,15.15,15.32,79019620.0
2022-05-06,15.02,15.2,14.91,14.96,83243182.0
2022-05-09,14.94,14.94,14.46,14.55,81862135.0
2022-05-10,14.5,14.6,14.11,14.59,99228502.0
2022-05-11,14.54,14.84,14.44,14.63,84857362.0
2022-05-12,14.48,14.56,14.33,14.38,68506423.0
2022-05-13,14.5,14.66,14.49,14.61,67631191.0
2022-05-16,14.66,14.73,14.35,14.41,66822782.0
2022-05-17,14.51,14.72,14.32,14.71,93140639.0
2022-05-18,14.85,14.89,14.67,14.75,77857833.0
2022-05-19,14.55,14.7,14.5,14.62,59092172.0
2022-05-20,14.7,15.04,14.67,15.02,94859778.0
2022-05-23,15.07,15.07,14.76,14.83,64772592.0
2022-05-24,14.87,14.87,14.4,14.4,93355706.0
2022-05-25,14.43,14.49,14.3,14.39,60322826.0
2022-05-26,14.41,14.43,14.07,14.19,101131756.0
2022-05-27,14.29,14.35,14.11,14.18,72306674.0
2022-05-30,14.26,14.28,14.04,14.08,89690123.0
2022-05-31,14.07,14.18,14.0,14.16,93886855.0
2022-06-01,14.14,14.14,14.0,14.08,84529898.0
2022-06-02,14.02,14.03,13.88,13.95,97926822.0
2022-06-06,13.91,14.17,13.64,14.17,171085175.0
2022-06-07,14.02,14.25,13.99,14.16,131511262.0
2022-06-08,14.16,14.17,14.01,14.16,114552124.0
2022-06-09,14.14,14.46,14.1,14.35,163290134.0
2022-06-10,14.26,14.33,14.13,14.32,134601231.0
2022-06-13,14.18,14.19,13.88,13.91,154775285.0
2022-06-14,13.71,14.13,13.71,14.12,115142939.0
2022-06-15,14.1,15.11,14.06,14.74,341354370.0
2022-06-16,14.74,14.83,14.42,14.44,133254631.0
2022-06-17,14.32,14.53,14.2,14.45,105378794.0
2022-06-20,14.44,14.44,14.26,14.34,103216680.0
2022-06-21,14.34,14.63,14.23,14.37,132179398.0
2022-06-22,14.36,14.36,14.08,14.08,105604592.0
2022-06-23,14.09,14.23,14.06,14.2,80602803.0
2022-06-24,14.2,14.25,14.11,14.23,86604061.0
2022-06-27,14.24,14.56,14.22,14.49,149727818.0
2022-06-28,14.47,14.67,14.41,14.63,112511048.0
2022-06-29,14.65,14.9,14.55,14.64,126654728.0
2022-06-30,14.63,15.02,14.55,14.98,154874501.0
2022-07-01,15.0,15.07,14.84,14.92,77924332.0
2022-07-04,14.95,14.98,14.75,14.94,83496807.0
2022-07-05,14.99,15.27,14.82,14.91,111517210.0
2022-07-06,14.83,14.93,14.46,14.53,104333523.0
2022-07-07,14.54,14.65,14.38,14.42,73016098.0
2022-07-08,14.5,14.65,14.37,14.54,63969823.0
2022-07-11,14.5,14.57,14.36,14.46,61169194.0
2022-07-12,14.41,14.73,14.38,14.42,74288242.0
2022-07-13,14.42,14.47,13.89,13.97,217599606.0
2022-07-14,13.7,13.71,13.29,13.37,263212087.0
2022-07-15,13.48,13.56,13.22,13.24,159863740.0
2022-07-18,13.25,13.44,13.21,13.39,115350581.0
2022-07-19,13.34,13.43,13.28,13.42,75559710.0
2022-07-20,13.43,13.47,13.35,13.39,80145866.0
2022-07-21,13.32,13.34,12.99,13.01,197038789.0
2022-07-22,12.84,12.93,12.62,12.81,137650974.0
2022-07-25,12.8,12.85,12.67,12.82,76395581.0
2022-07-26,12.75,12.91,12.71,12.91,102404881.0
2022-07-27,12.85,12.88,12.73,12.79,92391408.0
2022-07-28,12.81,12.91,12.78,12.88,75034652.0
2022-07-29,12.88,12.9,12.65,12.68,83149747.0
2022-08-01,12.66,12.66,12.4,12.42,102573271.0
2022-08-02,12.22,12.34,11.94,12.26,137300930.0
2022-08-03,12.19,12.27,12.01,12.03,74613653.0
2022-08-04,12.1,12.17,12.02,12.16,60267562.0
2022-08-05,12.13,12.33,11.98,12.31,76529787.0
2022-08-08,12.25,12.36,12.16,12.2,55199969.0
2022-08-09,12.21,12.22,12.08,12.12,55844757.0
2022-08-10,12.12,12.24,12.02,12.06,68302321.0
2022-08-11,12.08,12.39,12.04,12.35,139930361.0
2022-08-12,12.26,12.41,12.2,12.38,82050356.0
2022-08-15,12.29,12.36,12.09,12.11,117201000.0
2022-08-16,12.11,12.2,12.1,12.13,63122370.0
2022-08-17,12.15,12.42,12.07,12.4,134850658.0
2022-08-18,12.48,12.54,12.16,12.25,126970094.0
2022-08-19,12.27,12.75,12.23,12.57,210641724.0
2022-08-22,12.58,12.68,12.41,12.5,113807658.0
2022-08-23,12.45,12.49,12.28,12.34,92146307.0
2022-08-24,12.33,12.54,12.33,12.4,129537533.0
2022-08-25,12.4,12.66,12.3,12.62,106401061.0
2022-08-26,12.68,12.75,12.46,12.61,92763426.0
2022-08-29,12.5,12.56,12.31,12.42,92449065.0
2022-08-30,12.43,12.54,12.28,12.48,79971238.0
2022-08-31,12.38,12.78,12.36,12.75,165304158.0
2022-09-01,12.65,12.79,12.58,12.61,86198195.0
2022-09-02,12.62,12.69,12.43,12.51,78636281.0
2022-09-05,12.46,12.6,12.37,12.57,63203998.0
2022-09-06,12.58,12.66,12.43,12.5,73129499.0
2022-09-07,12.42,12.42,12.28,12.33,97981281.0
2022-09-08,12.32,12.44,12.3,12.36,62111692.0
2022-09-09,12.4,12.74,12.36,12.72,195129731.0
2022-09-13,12.88,13.02,12.66,12.95,172268989.0
2022-09-14,12.75,12.87,12.7,12.73,85803584.0
2022-09-15,12.8,13.1,12.77,13.0,184101788.0
2022-09-16,12.92,12.95,12.56,12.56,135744781.0
2022-09-19,12.54,12.67,12.48,12.57,63212104.0
2022-09-20,12.61,12.63,12.32,12.34,88998853.0
2022-09-21,12.31,12.48,12.2,12.43,68419739.0
2022-09-22,12.33,12.36,12.25,12.29,58613338.0
2022-09-23,12.24,12.43,12.23,12.29,58644106.0
2022-09-26,12.16,12.28,11.99,12.0,90372904.0
2022-09-27,12.0,12.16,11.81,12.15,78962229.0
2022-09-28,12.09,12.25,11.92,12.11,78092558.0
2022-09-29,12.25,12.28,11.82,11.86,91771804.0
2022-09-30,11.87,11.96,11.83,11.84,53723019.0
2022-10-10,11.7,11.77,11.46,11.47,96608018.0
2022-10-11,11.54,11.58,11.41,11.48,41525337.0
2022-10-12,11.45,11.62,11.35,11.6,55957243.0
2022-10-13,11.51,11.54,11.31,11.34,85261597.0
2022-10-14,11.45,11.63,11.4,11.53,109606158.0
2022-10-17,11.42,11.52,11.34,11.48,102482271.0
2022-10-18,11.55,11.64,11.46,11.48,94683709.0
2022-10-19,11.42,11.49,11.28,11.29,92398968.0
2022-10-20,11.23,11.31,11.16,11.2,78192323.0
2022-10-21,11.21,11.25,11.07,11.09,78557429.0
2022-10-24,11.09,11.1,10.61,10.62,138339065.0
2022-10-25,10.7,10.81,10.6,10.65,131697940.0
2022-10-26,10.64,10.73,10.61,10.66,114382988.0
2022-10-27,10.7,10.77,10.66,10.68,95738346.0
2022-10-28,10.63,10.7,10.41,10.42,105794701.0
2022-10-31,10.33,10.45,10.22,10.34,98309569.0
2022-11-01,10.38,10.68,10.36,10.67,138123413.0
2022-11-02,10.61,10.68,10.48,10.63,130298818.0
2022-11-03,10.54,10.57,10.38,10.44,98353561.0
2022-11-04,10.4,10.85,10.39,10.82,177611223.0
2022-11-07,10.81,10.91,10.73,10.88,98808204.0
2022-11-08,10.89,10.92,10.78,10.85,58322205.0
2022-11-09,10.84,11.08,10.82,10.89,83210685.0
2022-11-10,10.79,10.9,10.69,10.87,55202119.0
2022-11-11,11.13,11.66,11.01,11.43,254507055.0
2022-11-14,11.7,12.28,11.7,11.95,387208410.0
2022-11-15,11.86,12.18,11.83,12.01,157390134.0
2022-11-16,11.97,12.05,11.79,11.82,127869288.0
2022-11-17,11.81,11.84,11.58,11.69,109104716.0
2022-11-18,11.74,11.78,11.57,11.59,86809329.0
2022-11-21,11.48,11.5,11.22,11.46,104773707.0
2022-11-22,11.46,11.93,11.44,11.82,149132388.0
2022-11-23,11.78,12.05,11.72,11.82,124765653.0
2022-11-24,11.92,11.99,11.69,11.77,79671882.0
2022-11-25,11.79,12.23,11.77,12.17,176072817.0
2022-11-28,11.9,11.92,11.69,11.81,133156295.0
2022-11-29,12.16,12.99,12.13,12.99,474927650.0
2022-11-30,12.9,13.34,12.82,13.03,320962830.0
2022-12-01,13.38,13.66,13.07,13.1,200268883.0
2022-12-02,13.14,13.15,12.69,12.9,140420278.0
2022-12-05,13.09,13.57,13.01,13.53,228762742.0
2022-12-06,13.34,13.66,13.25,13.43,125257891.0
2022-12-07,13.33,13.37,13.03,13.15,137737690.0
2022-12-08,13.15,13.52,13.12,13.36,106572280.0
2022-12-09,13.4,13.75,13.35,13.7,161583192.0
2022-12-12,13.58,13.58,13.06,13.11,139258428.0
2022-12-13,13.15,13.36,13.14,13.24,90228513.0
2022-12-14,13.23,13.4,13.08,13.23,97406110.0
2022-12-15,13.14,13.28,12.94,13.1,83534926.0
2022-12-16,13.02,13.4,13.02,13.34,92425167.0
2022-12-19,13.33,13.47,12.95,13.04,103086606.0
2022-12-20,12.97,13.08,12.67,12.76,89621223.0
2022-12-21,12.85,12.99,12.74,12.89,61458964.0
2022-12-22,13.0,13.15,12.9,12.95,67239430.0
2022-12-23,12.85,13.06,12.8,12.98,56442641.0
2022-12-26,12.99,13.04,12.71,12.77,79711987.0
2022-12-27,12.87,13.22,12.87,13.11,88600412.0
2022-12-28,13.16,13.38,13.0,13.14,79119198.0
2022-12-29,13.07,13.13,12.85,13.03,66689009.0
2022-12-30,13.04,13.28,12.96,13.16,81803598.0
2023-01-03,13.2,13.85,13.05,13.77,219412794.0
2023-01-04,13.71,14.42,13.63,14.32,218968253.0
2023-01-05,14.4,14.74,14.37,14.48,166542518.0
2023-01-06,14.5,14.72,14.48,14.62,119574471.0
2023-01-09,14.75,14.88,14.52,14.8,105765911.0
2023-01-10,14.76,14.89,14.39,14.44,126942339.0
2023-01-11,14.45,14.78,14.39,14.67,83056612.0
2023-01-12,14.77,14.77,14.53,14.67,62569484.0
2023-01-13,14.67,14.95,14.55,14.95,94908583.0
2023-01-16,14.95,15.28,14.85,15.08,156003989.0
2023-01-17,15.13,15.18,14.77,14.97,93583454.0
2023-01-18,14.95,15.18,14.91,15.11,71843403.0
2023-01-19,15.13,15.25,14.87,15.09,64187520.0
2023-01-20,15.16,15.24,15.0,15.13,60859008.0
2023-01-30,15.6,15.74,14.89,15.15,137431750.0
2023-01-31,15.24,15.51,14.96,14.99,103049784.0
2023-02-01,15.03,15.08,14.51,14.7,165342148.0
2023-02-02,14.74,14.78,14.27,14.6,157790039.0
2023-02-03,14.45,14.55,14.16,14.32,124638298.0
2023-02-06,14.1,14.13,13.86,14.0,131761010.0
2023-02-07,14.06,14.32,14.03,14.21,86946046.0
2023-02-08,14.24,14.32,14.03,14.04,65789257.0
2023-02-09,14.01,14.3,13.96,14.13,83035002.0
2023-02-10,14.1,14.12,13.86,13.98,84728366.0
2023-02-13,13.94,13.94,13.6,13.82,180005416.0
2023-02-14,13.85,13.98,13.8,13.96,90993709.0
2023-02-15,13.95,13.96,13.62,13.67,125024398.0
2023-02-16,13.68,13.91,13.5,13.6,127912329.0
2023-02-17,13.63,13.72,13.43,13.43,91836369.0
2023-02-20,13.5,14.15,13.49,14.15,211619117.0
2023-02-21,14.06,14.2,13.92,14.1,99049499.0
2023-02-22,14.0,14.12,13.94,14.02,63892239.0
2023-02-23,14.0,14.32,13.98,14.05,82449068.0
2023-02-24,14.02,14.03,13.8,13.86,72998904.0
2023-02-27,13.75,13.88,13.68,13.69,62146193.0
2023-02-28,13.75,13.85,13.61,13.78,60793592.0
2023-03-01,13.8,14.19,13.74,14.17,122345178.0
2023-03-02,14.13,14.44,14.06,14.24,101587684.0
2023-03-03,14.35,14.37,14.14,14.29,69095439.0
2023-03-06,14.3,14.3,13.72,13.85,145582414.0
2023-03-07,13.85,14.1,13.65,13.69,127926629.0
2023-03-08,13.63,13.64,13.4,13.53,109689791.0
2023-03-09,13.54,13.58,13.13,13.2,173606476.0
2023-03-10,13.0,13.27,13.0,13.14,85699610.0
2023-03-13,13.12,13.29,13.0,13.05,100063496.0
2023-03-14,12.99,13.0,12.73,12.87,114907558.0
2023-03-15,13.05,13.18,12.94,13.05,97936372.0
2023-03-16,12.89,13.03,12.8,12.82,91679249.0
2023-03-17,12.99,13.04,12.65,12.75,155681414.0
2023-03-20,12.76,12.85,12.55,12.57,118881633.0
2023-03-21,12.65,12.78,12.5,12.7,84074317.0
2023-03-22,12.75,12.88,12.71,12.79,87669077.0
2023-03-23,12.7,12.9,12.63,12.9,80430604.0
2023-03-24,12.85,12.86,12.76,12.82,62151875.0
2023-03-27,12.8,12.81,12.46,12.6,100842214.0
2023-03-28,12.66,12.73,12.55,12.64,67386843.0
2023-03-29,12.73,12.74,12.5,12.53,59606433.0
2023-03-30,12.55,12.71,12.41,12.68,82454624.0
2023-03-31,12.69,12.77,12.51,12.53,86549166.0
2023-04-03,12.55,12.69,12.46,12.67,74042886.0
2023-04-04,12.64,12.72,12.59,12.65,64745722.0
2023-04-06,12.6,12.61,12.5,12.58,56332130.0
2023-04-07,12.57,12.69,12.5,12.62,60792526.0
2023-04-10,12.64,12.7,12.58,12.68,64018181.0
2023-04-11,12.7,12.72,12.52,12.54,77777962.0
2023-04-12,12.58,12.59,12.45,12.48,90995706.0
2023-04-13,12.41,12.67,12.3,12.56,113159146.0
2023-04-14,12.6,12.9,12.58,12.69,129799484.0
2023-04-17,12.66,12.94,12.6,12.93,130421259.0
2023-04-18,12.93,13.2,12.89,13.0,153893615.0
2023-04-19,13.02,13.07,12.83,12.85,101437815.0
2023-04-20,12.9,12.9,12.62,12.75,81178841.0
2023-04-21,12.7,12.83,12.48,12.5,91866839.0
2023-04-24,12.48,12.5,12.03,12.1,146767192.0
2023-04-25,12.14,12.37,12.12,12.28,130190082.0
2023-04-26,12.25,12.25,11.99,12.12,99126040.0
2023-04-27,12.06,12.35,12.0,12.26,100409337.0
2023-04-28,12.26,12.78,12.22,12.55,144525434.0
2023-05-04,12.4,12.83,12.19,12.73,147826438.0
2023-05-05,12.78,13.11,12.75,12.91,176218865.0
2023-05-08,12.94,13.49,12.84,13.32,263071861.0
2023-05-09,13.4,13.6,13.13,13.16,242253445.0
2023-05-10,13.17,13.26,12.8,12.84,123705339.0
2023-05-11,12.95,13.12,12.8,12.85,90375844.0
2023-05-12,12.82,12.87,12.61,12.62,88560368.0
2023-05-15,12.68,12.85,12.45,12.83,92832563.0
2023-05-16,12.8,12.92,12.57,12.62,99830169.0
2023-05-17,12.58,12.64,12.44,12.49,75462120.0
2023-05-18,12.57,12.64,12.43,12.49,68718687.0
2023-05-19,12.43,12.44,12.32,12.34,68841368.0
2023-05-22,12.31,12.45,12.31,12.38,54932785.0
2023-05-23,12.38,12.41,12.21,12.21,69436436.0
2023-05-24,12.2,12.21,12.01,12.01,82425088.0
2023-05-25,11.99,12.0,11.81,11.93,88274430.0
2023-05-26,11.93,12.13,11.84,12.1,51142864.0
2023-05-29,12.11,12.13,11.95,11.98,56607382.0
2023-05-30,11.98,11.99,11.8,11.87,76399692.0
2023-05-31,11.82,11.84,11.58,11.6,117958671.0
2023-06-01,11.6,11.68,11.5,11.59,74302293.0
2023-06-02,11.68,11.97,11.64,11.93,122184253.0
2023-06-05,11.88,12.0,11.82,11.91,52184619.0
2023-06-06,11.91,12.09,11.82,11.84,83327347.0
2023-06-07,11.89,12.07,11.88,11.94,64369784.0
2023-06-08,11.96,12.2,11.86,12.12,86939712.0
2023-06-09,12.06,12.09,11.85,11.88,131528476.0
2023-06-12,11.82,11.9,11.76,11.79,75874703.0
2023-06-13,11.76,11.84,11.69,11.77,84998805.0
2023-06-14,11.55,11.73,11.46,11.47,106920004.0
2023-06-15,11.49,11.63,11.39,11.61,92530056.0
2023-06-16,11.61,11.67,11.57,11.63,84203365.0
2023-06-19,11.63,11.63,11.41,11.45,95399707.0
2023-06-20,11.44,11.46,11.35,11.36,54455079.0
2023-06-21,11.36,11.48,11.34,11.35,61658296.0
2023-06-26,11.3,11.3,11.15,11.18,67657743.0
2023-06-27,11.2,11.32,11.17,11.28,46170178.0
2023-06-28,11.28,11.33,11.22,11.3,36539644.0
2023-06-29,11.29,11.29,11.17,11.18,48590630.0
2023-06-30,11.18,11.31,11.15,11.23,51905258.0
2023-07-03,11.24,11.53,11.23,11.49,88509071.0
2023-07-04,11.46,11.49,11.32,11.4,61630056.0
2023-07-05,11.36,11.4,11.3,11.34,42348240.0
2023-07-06,11.3,11.34,11.21,11.24,59709591.0
2023-07-07,11.2,11.27,11.18,11.2,48444083.0
2023-07-10,11.25,11.28,11.17,11.2,49588228.0
2023-07-11,11.22,11.26,11.19,11.21,57080909.0
2023-07-12,11.23,11.36,11.22,11.24,73608367.0
2023-07-13,11.32,11.47,11.27,11.43,112422973.0
2023-07-14,11.43,11.55,11.4,11.46,71914699.0
2023-07-17,11.41,11.41,11.26,11.31,60834258.0
2023-07-18,11.29,11.32,11.22,11.25,47196618.0
2023-07-19,11.23,11.32,11.23,11.31,38219596.0
2023-07-20,11.33,11.44,11.29,11.32,55406957.0
2023-07-21,11.31,11.39,11.28,11.34,37710256.0
2023-07-24,11.33,11.33,11.24,11.26,42685218.0
2023-07-25,11.45,11.73,11.44,11.72,203295819.0
2023-07-26,11.65,11.74,11.56,11.67,75166268.0
2023-07-27,11.68,11.87,11.65,11.75,111519586.0
2023-07-28,11.69,12.3,11.67,12.26,234701346.0
2023-07-31,12.3,12.5,12.23,12.32,185495239.0
2023-08-01,12.26,12.37,12.13,12.16,95773478.0
2023-08-02,12.06,12.24,11.93,12.03,111590004.0
2023-08-03,11.99,12.37,11.95,12.33,117584771.0
2023-08-04,12.42,12.53,12.21,12.3,130313102.0
2023-08-07,12.21,12.25,12.12,12.16,64691326.0
2023-08-08,12.12,12.21,12.0,12.1,72570456.0
2023-08-09,12.06,12.2,12.05,12.17,57760774.0
2023-08-10,12.15,12.21,12.06,12.16,47559453.0
2023-08-11,12.17,12.27,11.89,11.89,94353857.0
2023-08-14,11.76,11.78,11.59,11.67,97592018.0
2023-08-15,11.69,11.8,11.6,11.73,71281277.0
2023-08-16,11.67,11.85,11.61,11.73,57290437.0
2023-08-17,11.67,11.7,11.46,11.57,96505775.0
2023-08-18,11.58,11.74,11.53,11.56,65981885.0
2023-08-21,11.56,11.58,11.32,11.32,70149785.0
2023-08-22,11.38,11.45,11.31,11.37,60680809.0
2023-08-23,11.35,11.42,11.24,11.25,69180998.0
2023-08-24,11.29,11.32,11.05,11.13,129127070.0
2023-08-25,11.1,11.33,11.08,11.23,84534992.0
2023-08-28,11.84,11.93,11.49,11.52,199760987.0
2023-08-29,11.47,11.49,11.13,11.31,196496143.0
2023-08-30,11.27,11.27,11.13,11.13,137563829.0
2023-08-31,11.14,11.22,11.12,11.13,80647403.0
2023-09-01,11.19,11.36,11.19,11.32,113870483.0
2023-09-04,11.35,11.59,11.33,11.56,141002923.0
2023-09-05,11.5,11.51,11.36,11.39,80417716.0
2023-09-06,11.33,11.46,11.3,11.43,63484051.0
2023-09-07,11.4,11.44,11.32,11.33,54004157.0
2023-09-08,11.28,11.32,11.23,11.27,47902967.0
2023-09-11,11.3,11.4,11.27,11.34,65448558.0
2023-09-12,11.35,11.35,11.25,11.28,49548506.0
2023-09-13,11.29,11.32,11.21,11.25,49021797.0
2023-09-14,11.28,11.33,11.25,11.29,55165017.0
2023-09-15,11.35,11.4,11.2,11.22,89047613.0
2023-09-18,11.22,11.24,11.14,11.23,50132501.0
2023-09-19,11.22,11.23,11.16,11.21,50366432.0
2023-09-20,11.2,11.22,11.15,11.15,55887241.0
2023-09-21,11.14,11.14,11.04,11.05,84393011.0
2023-09-22,11.03,11.25,11.03,11.24,91148430.0
2023-09-25,11.24,11.32,11.19,11.22,76121125.0
2023-09-26,11.22,11.26,11.14,11.16,44498035.0
2023-09-27,11.15,11.22,11.15,11.17,49031061.0
2023-09-28,11.19,11.24,11.18,11.2,52069678.0
2023-10-09,11.16,11.17,11.06,11.11,69582809.0
2023-10-10,11.19,11.2,11.02,11.02,82074851.0
2023-10-11,11.09,11.09,10.96,10.98,72411569.0
2023-10-12,11.11,11.16,11.04,11.11,85305750.0
2023-10-13,11.03,11.07,10.95,11.0,68448308.0
2023-10-16,11.0,11.03,10.95,11.01,50162432.0
2023-10-17,11.01,11.05,10.96,11.02,49352505.0
2023-10-18,10.99,11.02,10.91,10.95,65182492.0
2023-10-19,10.91,10.92,10.59,10.6,118896083.0
2023-10-20,10.55,10.67,10.51,10.6,52613912.0
2023-10-23,10.59,10.6,10.43,10.5,53040448.0
2023-10-24,10.54,10.61,10.44,10.55,76065269.0
2023-10-25,10.51,10.54,10.36,10.38,141144968.0
2023-10-26,10.31,10.42,10.3,10.41,59999147.0
2023-10-27,10.38,10.48,10.33,10.45,91977136.0
2023-10-30,10.4,10.47,10.35,10.45,80568955.0
2023-10-31,10.43,10.49,10.41,10.46,65285523.0
2023-11-01,10.55,10.56,10.45,10.48,56730035.0
2023-11-02,10.5,10.6,10.47,10.48,61942995.0
2023-11-03,10.49,10.52,10.43,10.48,70546347.0
2023-11-06,10.51,10.69,10.51,10.69,100706221.0
2023-11-07,10.66,10.66,10.58,10.6,64086612.0
2023-11-08,10.58,10.6,10.45,10.5,87781875.0
2023-11-09,10.46,10.52,10.43,10.49,63913648.0
2023-11-10,10.45,10.47,10.29,10.3,104504417.0
2023-11-13,10.31,10.33,10.22,10.25,77004310.0
2023-11-14,10.24,10.33,10.23,10.27,59685888.0
2023-11-15,10.37,10.45,10.34,10.37,110914015.0
2023-11-16,10.38,10.39,10.23,10.24,92262194.0
2023-11-17,10.22,10.25,10.12,10.15,90336217.0
2023-11-20,10.15,10.22,10.1,10.19,63952831.0
2023-11-21,10.23,10.35,10.22,10.28,104116573.0
2023-11-22,10.26,10.31,10.14,10.16,73748951.0
2023-11-23,10.15,10.16,10.07,10.15,84665587.0
2023-11-24,10.11,10.13,10.08,10.1,68469456.0
2023-11-27,10.09,10.09,9.97,10.01,83618785.0
2023-11-28,9.99,10.02,9.95,9.95,78617469.0
2023-11-29,9.95,9.97,9.7,9.72,146759662.0
2023-11-30,9.69,9.73,9.62,9.68,90176457.0
2023-12-01,9.65,9.68,9.58,9.66,77805699.0
2023-12-04,9.67,9.68,9.61,9.63,60543785.0
2023-12-05,9.61,9.62,9.47,9.48,78737848.0
2023-12-06,9.44,9.57,9.4,9.5,75305592.0
2023-12-07,9.49,9.49,9.38,9.44,58538019.0
2023-12-08,9.41,9.45,9.3,9.3,102115150.0
2023-12-11,9.22,9.38,9.13,9.35,113366281.0
2023-12-12,9.31,9.5,9.3,9.42,85501642.0
2023-12-13,9.38,9.39,9.15,9.16,106130165.0
2023-12-14,9.21,9.28,9.15,9.15,74290056.0
2023-12-15,9.2,9.35,9.19,9.21,98893942.0
2023-12-18,9.18,9.24,9.09,9.13,65442562.0
2023-12-19,9.12,9.17,9.07,9.1,64407088.0
2023-12-20,9.11,9.15,9.03,9.03,71563363.0
2023-12-21,9.01,9.19,8.99,9.17,101704676.0
2023-12-22,9.19,9.28,9.11,9.2,100564502.0
2023-12-25,9.18,9.2,9.14,9.19,41397088.0
2023-12-26,9.19,9.2,9.07,9.1,54189633.0
2023-12-27,9.1,9.13,9.020001,9.12,64153435.0
2023-12-28,9.11,9.47,9.08,9.45,166159184.0
2023-12-29,9.42,9.48,9.35,9.39,85385279.0
2024-01-02,9.39,9.42,9.21,9.21,115836645.0
2024-01-03,9.19,9.22,9.15,9.2,73361031.0
2024-01-04,9.19,9.19,9.08,9.11,86419399.0
2024-01-05,9.1,9.44,9.07,9.270001,199162216.0
2024-01-08,9.23,9.3,9.11,9.15,112115619.0
2024-01-09,9.16,9.19,9.09,9.18,76619388.0
2024-01-10,9.16,9.19,9.09,9.09,85862091.0
2024-01-11,9.08,9.22,9.03,9.17,93468637.0
2024-01-12,9.13,9.270001,9.11,9.19,77258215.0
2024-01-15,9.16,9.29,9.13,9.21,74513266.0
2024-01-16,9.19,9.35,9.16,9.34,143831258.0
2024-01-17,9.33,9.39,9.23,9.23,148229621.0
2024-01-18,9.21,9.24,9.0,9.2,175513247.0
2024-01-19,9.16,9.2,9.1,9.17,96398142.0
2024-01-22,9.16,9.26,9.04,9.1,158031966.0
2024-01-23,9.05,9.18,8.96,9.16,113554458.0
2024-01-24,9.23,9.34,9.07,9.33,175912316.0
2024-01-25,9.33,9.54,9.270001,9.5,216251395.0
2024-01-26,9.47,9.67,9.44,9.62,227228706.0
2024-01-29,9.69,9.88,9.58,9.7,237625184.0
2024-01-30,9.61,9.7,9.49,9.5,157912214.0
2024-01-31,9.46,9.56,9.38,9.46,135721747.0
2024-02-01,9.41,9.48,9.34,9.41,105525987.0
2024-02-02,9.42,9.47,9.07,9.270001,163421431.0
2024-02-05,9.19,9.43,9.11,9.38,180359190.0
2024-02-06,9.3,9.68,9.29,9.68,199540954.0
2024-02-07,9.62,9.67,9.48,9.61,206201497.0
2024-02-08,9.58,9.67,9.520001,9.67,165681384.0
2024-02-19,9.76,9.81,9.65,9.81,160524265.0
2024-02-20,9.79,9.84,9.73,9.82,112356398.0
2024-02-21,9.78,10.8,9.770001,10.8,505528460.0
2024-02-22,10.65,10.91,10.62,10.9,492232510.0
2024-02-23,10.88,11.24,10.84,10.85,356747950.0
2024-02-26,10.78,10.88,10.5,10.53,286260890.0
2024-02-27,10.49,10.6,10.46,10.5,198190492.0
2024-02-28,10.51,10.7,10.4,10.49,308269260.0
2024-02-29,10.42,10.59,10.41,10.59,184534423.0
2024-03-01,10.59,10.6,10.43,10.49,182810290.0
2024-03-04,10.45,10.5,10.32,10.33,165592954.0
2024-03-05,10.3,10.47,10.26,10.43,181731907.0
2024-03-06,10.4,10.45,10.33,10.33,134564016.0
2024-03-07,10.33,10.64,10.33,10.38,201616589.0
2024-03-08,10.35,10.44,10.3,10.38,111397428.0
2024-03-11,10.38,10.47,10.34,10.47,121067298.0
2024-03-12,10.48,10.59,10.41,10.56,164126237.0
2024-03-13,10.53,10.55,10.3,10.33,176803911.0
2024-03-14,10.3,10.38,10.2,10.23,140939973.0
2024-03-15,10.55,10.75,10.5,10.6,375020790.0
2024-03-18,10.56,10.61,10.49,10.54,167139651.0
2024-03-19,10.53,10.54,10.39,10.4,129321558.0
2024-03-20,10.38,10.47,10.37,10.45,87266316.0
2024-03-21,10.45,10.52,10.42,10.47,86446625.0
2024-03-22,10.45,10.45,10.31,10.36,102814174.0
2024-03-25,10.35,10.49,10.32,10.4,95320221.0
2024-03-26,10.45,10.66,10.42,10.6,174002146.0
2024-03-27,10.56,10.63,10.51,10.53,127413599.0
2024-03-28,10.51,10.57,10.38,10.49,130218892.0
2024-03-29,10.45,10.57,10.43,10.52,87275898.0
2024-04-01,10.52,10.65,10.51,10.64,119108796.0
2024-04-02,10.63,10.68,10.53,10.55,108545826.0
2024-04-03,10.53,10.55,10.42,10.46,98184585.0
2024-04-08,10.42,10.49,10.37,10.43,90636052.0
2024-04-09,10.43,10.47,10.36,10.4,85715673.0
2024-04-10,10.38,10.41,10.27,10.28,124639082.0
2024-04-11,10.24,10.29,10.12,10.25,101021340.0
2024-04-12,10.22,10.27,10.04,10.06,130545371.0
2024-04-15,10.07,10.32,10.06,10.29,145320260.0
2024-04-16,10.28,10.39,10.22,10.28,147803643.0
2024-04-17,10.26,10.63,10.21,10.62,223264057.0
2024-04-18,10.58,11.03,10.56,10.8,316591430.0
2024-04-19,10.71,10.82,10.66,10.69,145767502.0
2024-04-22,10.64,10.81,10.45,10.5,200981837.0
2024-04-23,10.51,10.65,10.46,10.54,124002700.0
2024-04-24,10.52,10.57,10.46,10.53,94156774.0
2024-04-25,10.5,10.62,10.48,10.61,111381224.0
2024-04-26,10.59,10.67,10.48,10.6,160762751.0
2024-04-29,10.56,10.9,10.52,10.81,216917737.0
2024-04-30,10.8,10.88,10.73,10.79,132455653.0
2024-05-06,10.96,11.11,10.84,10.89,178410057.0
2024-05-07,10.87,10.89,10.76,10.88,108705665.0
2024-05-08,10.84,10.88,10.71,10.73,122179127.0
2024-05-09,10.71,10.82,10.71,10.76,106946063.0
2024-05-10,10.77,10.96,10.76,10.94,176783561.0
2024-05-13,10.9,11.01,10.81,10.97,140249860.0
2024-05-14,11.0,11.06,10.88,10.91,107578391.0
2024-05-15,10.9,10.92,10.81,10.83,86829660.0
2024-05-16,10.85,11.21,10.83,11.17,307629160.0
2024-05-17,11.18,11.42,11.13,11.42,284174880.0
2024-05-20,11.43,11.53,11.31,11.38,217021030.0
2024-05-21,11.32,11.62,11.31,11.55,203004941.0
2024-05-22,11.56,11.74,11.46,11.56,211553138.0
2024-05-23,11.53,11.59,11.37,11.4,184162290.0
2024-05-24,11.37,11.49,11.3,11.31,139827584.0
2024-05-27,11.31,11.53,11.31,11.51,145436143.0
2024-05-28,11.5,11.58,11.36,11.4,120432285.0
2024-05-29,11.38,11.45,11.23,11.26,144481111.0
2024-05-30,11.24,11.34,11.06,11.12,132549635.0
2024-05-31,11.14,11.19,11.11,11.11,82670676.0
2024-06-03,11.12,11.13,10.91,10.98,132669675.0
2024-06-04,10.95,11.05,10.91,11.02,98100495.0
2024-06-05,11.04,11.07,10.87,10.87,101896775.0
2024-06-06,10.9,10.98,10.88,10.9,104933153.0
2024-06-07,10.92,11.01,10.89,10.99,117012604.0
2024-06-11,10.98,11.02,10.79,10.87,133762854.0
2024-06-12,10.85,10.91,10.78,10.88,95742635.0
2024-06-13,10.89,10.93,10.8,10.8,120350779.0
2024-06-14,10.15,10.23,9.99,10.18,163799047.0
2024-06-17,10.13,10.16,10.08,10.1,68121702.0
2024-06-18,10.11,10.16,10.04,10.08,70065308.0
2024-06-19,10.1,10.21,10.08,10.15,79618418.0
2024-06-20,10.16,10.17,10.05,10.05,62962757.0
2024-06-21,10.05,10.09,9.95,10.0,83054528.0
2024-06-24,9.97,10.07,9.88,9.98,94708154.0
2024-06-25,9.99,10.13,9.98,10.08,76999281.0
2024-06-26,10.06,10.13,10.02,10.08,62859871.0
2024-06-27,10.06,10.21,10.0,10.13,92888197.0
2024-06-28,10.1,10.26,10.09,10.15,91808992.0
2024-07-01,10.09,10.35,10.04,10.35,134305149.0
2024-07-02,10.3,10.48,10.28,10.4,138438570.0
2024-07-03,10.4,10.43,10.29,10.31,71306746.0
2024-07-04,10.3,10.38,10.25,10.26,73504424.0
2024-07-05,10.26,10.29,9.92,9.97,171335386.0
2024-07-08,9.94,10.02,9.85,9.93,86865962.0
2024-07-09,9.94,10.1,9.91,10.07,103248530.0
2024-07-10,10.07,10.2,10.05,10.14,87386511.0
2024-07-11,10.21,10.23,10.07,10.13,72139225.0
2024-07-12,10.12,10.31,10.12,10.31,121416369.0
2024-07-15,10.31,10.35,10.26,10.33,86941247.0
2024-07-16,10.33,10.37,10.24,10.3,94300811.0
2024-07-17,10.3,10.42,10.28,10.4,122016835.0
2024-07-18,10.38,10.43,10.3,10.41,108706102.0
2024-07-19,10.38,10.42,10.29,10.37,89872324.0
2024-07-22,10.36,10.38,10.19,10.23,99448087.0
2024-07-23,10.25,10.33,10.16,10.18,102015363.0
2024-07-24,10.18,10.24,10.12,10.13,72451757.0
2024-07-25,10.12,10.15,10.0,10.09,85640443.0
2024-07-26,10.1,10.12,9.97,10.03,92955195.0
2024-07-29,10.02,10.14,9.97,10.11,78155243.0
2024-07-30,10.1,10.13,10.03,10.08,61326795.0
2024-07-31,10.08,10.28,10.07,10.27,109690634.0
2024-08-01,10.25,10.32,10.17,10.27,73388377.0
2024-08-02,10.22,10.25,10.13,10.14,59022876.0
2024-08-05,10.11,10.22,10.05,10.05,75897852.0
2024-08-06,10.07,10.12,9.89,9.93,126553691.0
2024-08-07,9.95,9.98,9.91,9.93,51760842.0
2024-08-08,9.92,9.98,9.9,9.94,50041067.0
2024-08-09,9.96,10.1,9.94,10.04,73027396.0
2024-08-12,10.02,10.05,9.98,10.01,35301346.0
2024-08-13,10.02,10.03,9.92,9.95,62207720.0
2024-08-14,9.94,9.98,9.91,9.92,43638038.0
2024-08-15,9.92,10.06,9.87,10.03,77624747.0
2024-08-16,10.08,10.21,10.05,10.13,126036761.0
2024-08-19,10.13,10.3,10.12,10.29,148298526.0
2024-08-20,10.32,10.43,10.28,10.34,156918665.0
2024-08-21,10.3,10.38,10.21,10.35,103488781.0
2024-08-22,10.34,10.45,10.32,10.38,110903039.0
2024-08-23,10.39,10.5,10.32,10.47,107190571.0
2024-08-26,10.5,10.55,10.42,10.49,74067524.0
2024-08-27,10.47,10.52,10.37,10.43,72313658.0
2024-08-28,10.41,10.43,10.28,10.33,94254754.0
2024-08-29,10.31,10.38,10.11,10.13,119767631.0
2024-08-30,10.11,10.26,10.11,10.16,129405908.0
2024-09-02,10.12,10.21,10.09,10.11,96883550.0
2024-09-03,10.11,10.13,10.0,10.08,91658122.0
2024-09-04,10.05,10.15,10.0,10.02,84799233.0
2024-09-05,10.03,10.08,9.98,10.07,59420876.0
2024-09-06,10.06,10.21,10.05,10.08,87886543.0
2024-09-09,10.05,10.07,9.84,9.85,163917451.0
2024-09-10,9.86,9.92,9.78,9.9,76790114.0
2024-09-11,9.88,9.88,9.63,9.65,110872704.0
2024-09-12,9.65,9.77,9.61,9.74,58183405.0
2024-09-13,9.73,9.82,9.7,9.7,56646190.0
2024-09-18,9.72,9.78,9.66,9.77,44361099.0
2024-09-19,9.79,9.84,9.68,9.81,68429311.0
2024-09-20,9.81,9.9,9.78,9.9,79729714.0
2024-09-23,9.89,10.09,9.87,10.04,89690755.0
2024-09-24,10.11,10.37,10.08,10.37,163821319.0
2024-09-25,10.52,10.7,10.45,10.5,216069398.0
2024-09-26,10.5,11.15,10.5,11.15,308645720.0
2024-09-27,11.35,11.56,11.03,11.42,384001640.0
2024-09-30,11.62,12.3,11.56,12.21,543028360.0
2024-10-08,13.43,13.43,12.34,12.88,588897780.0
2024-10-09,12.63,12.63,11.66,11.68,426934510.0
2024-10-10,11.62,12.26,11.6,11.98,342642170.0
2024-10-11,12.0,12.17,11.58,11.72,207089057.0
2024-10-14,11.98,12.18,11.79,12.02,240059509.0
2024-10-15,11.94,12.23,11.88,11.9,207284077.0
2024-10-16,11.8,12.18,11.77,12.06,191449353.0
2024-10-17,12.07,12.23,11.93,11.95,165370809.0
2024-10-18,11.91,12.18,11.68,12.04,260465416.0
2024-10-21,11.94,11.94,11.63,11.81,280665470.0
2024-10-22,11.76,11.93,11.72,11.79,161778713.0
2024-10-23,11.82,11.89,11.75,11.86,151186604.0
2024-10-24,11.81,11.86,11.72,11.75,88529942.0
2024-10-25,11.77,11.78,11.69,11.71,110575468.0
2024-10-28,11.68,11.68,11.53,11.64,116948698.0
2024-10-29,11.62,11.74,11.53,11.54,119802482.0
2024-10-30,11.5,11.58,11.27,11.32,148240279.0
2024-10-31,11.33,11.44,11.24,11.38,125020539.0
2024-11-01,11.38,11.55,11.34,11.43,158981111.0
2024-11-04,11.43,11.46,11.26,11.46,113151611.0
2024-11-05,11.42,11.66,11.39,11.65,166541840.0
2024-11-06,11.62,11.64,11.47,11.55,146228636.0
2024-11-07,11.5,11.93,11.48,11.91,224284379.0
2024-11-08,11.94,12.01,11.7,11.72,189510415.0
2024-11-11,11.63,11.68,11.47,11.6,148695164.0
2024-11-12,11.58,11.84,11.51,11.54,171766255.0
2024-11-13,11.5,11.7,11.48,11.61,108626328.0
2024-11-14,11.59,11.7,11.53,11.54,115978311.0
2024-11-15,11.5,11.61,11.42,11.44,121578351.0
2024-11-18,11.63,12.04,11.62,11.75,379732440.0
2024-11-19,11.75,11.96,11.55,11.68,243003665.0
2024-11-20,11.67,11.75,11.61,11.64,128657248.0
2024-11-21,11.62,11.65,11.56,11.59,88340806.0
2024-11-22,11.59,11.61,11.28,11.28,162531744.0
2024-11-25,11.28,11.34,11.14,11.18,116602032.0
2024-11-26,11.18,11.31,11.14,11.27,83107820.0
2024-11-27,11.24,11.39,11.15,11.39,89517805.0
2024-11-28,11.39,11.42,11.32,11.34,73316854.0
2024-11-29,11.37,11.46,11.34,11.38,102848758.0
2024-12-02,11.39,11.4,11.31,11.39,97543366.0
2024-12-03,11.37,11.5,11.35,11.49,108255936.0
2024-12-04,11.44,11.53,11.37,11.46,100747059.0
2024-12-05,11.44,11.5,11.41,11.44,68710883.0
2024-12-06,11.44,11.7,11.43,11.66,172626927.0
2024-12-09,11.63,11.72,11.59,11.67,96406316.0
2024-12-10,11.9,11.95,11.75,11.79,216780724.0
2024-12-11,11.79,11.83,11.72,11.73,96769145.0
2024-12-12,11.73,11.87,11.71,11.85,98623459.0
2024-12-13,11.79,11.8,11.56,11.56,134379289.0
2024-12-16,11.56,11.66,11.53,11.57,80571778.0
2024-12-17,11.57,11.65,11.52,11.53,80211995.0
2024-12-18,11.58,11.74,11.57,11.65,101658966.0
2024-12-19,11.59,11.64,11.54,11.59,69737904.0
2024-12-20,11.59,11.7,11.58,11.62,71464627.0
2024-12-23,11.64,11.84,11.64,11.73,165940476.0
2024-12-24,11.72,11.87,11.72,11.86,135083691.0
2024-12-25,11.86,12.02,11.84,11.92,147528294.0
2024-12-26,11.92,11.93,11.78,11.86,100007470.0
2024-12-27,11.87,11.9,11.66,11.83,129001228.0
2024-12-30,11.78,11.97,11.78,11.95,135184636.0
2024-12-31,11.93,11.99,11.7,11.7,147536733.0
2025-01-02,11.73,11.77,11.39,11.43,181959699.0
2025-01-03,11.44,11.54,11.36,11.38,115468044.0
2025-01-06,11.38,11.48,11.22,11.44,108553630.0
2025-01-07,11.42,11.53,11.37,11.51,74786288.0
2025-01-08,11.5,11.63,11.4,11.5,106238601.0
2025-01-09,11.5,11.5,11.35,11.4,75148330.0
2025-01-10,11.4,11.46,11.28,11.3,79813351.0
2025-01-13,11.25,11.26,11.08,11.2,93496618.0
2025-01-14,11.2,11.4,11.19,11.38,82462895.0
2025-01-15,11.38,11.58,11.36,11.48,103163082.0
2025-01-16,11.55,11.59,11.47,11.57,87296399.0
2025-01-17,11.53,11.55,11.42,11.45,68976486.0
2025-01-20,11.5,11.52,11.4,11.42,83202913.0
2025-01-21,11.45,11.45,11.32,11.33,90206894.0
2025-01-22,11.32,11.33,11.08,11.09,134712922.0
2025-01-23,11.17,11.4,11.17,11.32,151492027.0
2025-01-24,11.32,11.39,11.22,11.34,94494421.0
2025-01-27,11.38,11.55,11.38,11.47,115193471.0
2025-02-05,11.5,11.52,11.33,11.37,84343370.0
2025-02-06,11.35,11.45,11.3,11.36,95560325.0
2025-02-07,11.36,11.45,11.31,11.38,140749262.0
2025-02-10,11.38,11.5,11.36,11.43,102659093.0
2025-02-11,11.4,11.47,11.37,11.42,84452003.0
2025-02-12,11.41,11.43,11.34,11.42,98880683.0
2025-02-13,11.42,11.55,11.4,11.5,135863927.0
2025-02-14,11.49,11.55,11.43,11.55,97305774.0
2025-02-17,11.6,11.8,11.55,11.78,206196542.0
2025-02-18,11.76,11.96,11.76,11.81,199661049.0
2025-02-19,11.8,11.81,11.68,11.71,117774895.0
2025-02-20,11.71,11.76,11.65,11.66,78439627.0
2025-02-21,11.69,11.71,11.55,11.64,97396897.0
2025-02-24,11.63,11.69,11.56,11.59,94995617.0
2025-02-25,11.56,11.58,11.46,11.47,91715602.0
2025-02-26,11.47,11.6,11.47,11.52,84164552.0
2025-02-27,11.53,11.63,11.46,11.62,97730975.0
2025-02-28,11.58,11.68,11.5,11.53,94908806.0
2025-03-03,11.52,11.56,11.45,11.51,83045695.0
2025-03-04,11.47,11.55,11.44,11.51,68317873.0
2025-03-05,11.52,11.67,11.48,11.66,108064544.0
2025-03-06,11.69,11.7,11.6,11.63,87740771.0
2025-03-07,11.63,11.69,11.6,11.67,83553669.0
2025-03-10,11.66,11.67,11.55,11.59,66383393.0
2025-03-11,11.54,11.61,11.52,11.61,60897527.0
2025-03-12,11.6,11.87,11.56,11.85,187731840.0
2025-03-13,11.81,11.91,11.78,11.84,131237121.0
2025-03-14,11.82,12.0,11.82,11.97,172241765.0
2025-03-17,11.63,11.67,11.46,11.5,460361210.0
2025-03-18,11.52,11.54,11.48,11.49,160529000.0
2025-03-19,11.48,11.53,11.46,11.52,136245491.0
2025-03-20,11.51,11.61,11.49,11.49,110115724.0
2025-03-21,11.49,11.52,11.39,11.42,137638897.0
2025-03-24,11.41,11.44,11.34,11.38,116457734.0
2025-03-25,11.38,11.43,11.36,11.43,73560888.0
2025-03-26,11.42,11.43,11.37,11.38,74086307.0
2025-03-27,11.37,11.41,11.35,11.39,55334940.0
2025-03-28,11.39,11.4,11.34,11.35,64494555.0
2025-03-31,11.36,11.38,11.26,11.26,111612564.0
2025-04-01,11.27,11.3,11.22,11.27,68147042.0
2025-04-02,11.25,11.41,11.25,11.37,93264176.0
2025-04-03,11.31,11.39,11.3,11.34,64391391.0
2025-04-07,11.0,11.05,10.48,10.7,254556048.0
2025-04-08,10.68,10.85,10.66,10.82,146398771.0
2025-04-09,10.73,10.83,10.66,10.8,106439405.0
2025-04-10,10.86,10.93,10.82,10.9,86654805.0
2025-04-11,10.87,10.9,10.83,10.89,58387902.0
2025-04-14,10.95,11.04,10.92,10.93,78599345.0
2025-04-15,10.92,10.97,10.9,10.95,72275410.0
2025-04-16,10.93,11.01,10.91,11.0,84282217.0
2025-04-17,10.95,11.08,10.93,11.06,82391931.0
2025-04-18,11.04,11.19,11.03,11.18,72709815.0
2025-04-21,11.0,11.13,10.97,11.02,111418418.0
2025-04-22,11.02,11.06,10.98,11.04,83112887.0
2025-04-23,11.04,11.05,10.97,11.01,58638293.0
2025-04-24,11.0,11.06,10.99,11.03,68925613.0
2025-04-25,11.04,11.05,10.99,11.01,63754686.0
2025-04-28,11.0,11.04,10.96,11.0,64201837.0
2025-04-29,11.0,11.02,10.95,10.98,64904494.0
2025-04-30,10.96,10.97,10.89,10.91,86983492.0
2025-05-06,10.92,11.0,10.89,10.96,85467127.0
2025-05-07,11.01,11.04,10.97,11.03,112627001.0
2025-05-08,11.0,11.08,10.99,11.08,105661366.0
2025-05-09,11.07,11.17,11.06,11.15,99989747.0
2025-05-12,11.16,11.22,11.13,11.16,89560460.0
2025-05-13,11.19,11.33,11.15,11.29,126103062.0
2025-05-14,11.29,11.47,11.25,11.43,168351358.0
2025-05-15,11.43,11.5,11.38,11.39,103546026.0
2025-05-16,11.37,11.43,11.31,11.38,91474445.0
2025-05-19,11.4,11.47,11.36,11.37,83139060.0
2025-05-20,11.4,11.47,11.37,11.39,64363480.0
2025-05-21,11.4,11.59,11.39,11.48,132827810.0
2025-05-22,11.45,11.56,11.44,11.55,100296806.0
2025-05-23,11.55,11.6,11.43,11.46,96264311.0
2025-05-26,11.44,11.5,11.4,11.42,69915858.0
2025-05-27,11.45,11.54,11.42,11.49,80191514.0
2025-05-28,11.5,11.55,11.44,11.53,65817947.0
2025-05-29,11.52,11.55,11.45,11.46,91980676.0
2025-05-30,11.47,11.58,11.44,11.56,113084931.0
2025-06-03,11.54,11.91,11.53,11.81,219247966.0
2025-06-04,11.82,11.88,11.78,11.84,116795950.0
2025-06-05,11.88,11.91,11.66,11.67,116680349.0
2025-06-06,11.7,11.79,11.68,11.7,68235251.0
2025-06-09,11.73,11.75,11.65,11.71,77325468.0
2025-06-10,11.72,11.89,11.71,11.81,142813180.0
2025-06-11,11.82,11.93,11.79,11.85,109466664.0
2025-06-12,11.56,11.7,11.52,11.68,129022047.0
2025-06-13,11.68,11.74,11.56,11.58,109549419.0
2025-06-16,11.57,11.79,11.53,11.79,117443827.0
2025-06-17,11.79,11.88,11.71,11.76,89002734.0
2025-06-18,11.78,11.81,11.66,11.77,68352111.0
2025-06-19,11.76,11.78,11.65,11.7,83224716.0
2025-06-20,11.7,11.86,11.67,11.84,130919782.0
2025-06-23,11.81,11.97,11.67,11.93,138917048.0
2025-06-24,11.9,12.01,11.84,11.93,130852531.0
2025-06-25,11.93,12.08,11.83,12.06,167511647.0
2025-06-26,12.05,12.48,12.01,12.41,217457766.0
2025-06-27,12.37,12.58,12.13,12.2,237760015.0
2025-06-30,12.14,12.17,11.96,12.07,150481965.0
2025-07-01,12.06,12.33,12.06,12.3,135434108.0
2025-07-02,12.31,12.41,12.23,12.32,120041184.0
2025-07-03,12.33,12.42,12.28,12.35,79408597.0
2025-07-04,12.35,12.72,12.3,12.6,177533267.0
2025-07-07,12.6,12.82,12.6,12.78,149540653.0
2025-07-08,12.75,12.84,12.65,12.69,109098597.0
2025-07-09,12.66,12.9,12.66,12.84,120596330.0
2025-07-10,12.82,13.33,12.79,13.18,248141553.0
2025-07-11,13.19,13.3,12.89,12.91,244374350.0
2025-07-14,12.87,13.17,12.86,12.98,187289585.0
2025-07-15,12.99,13.04,12.71,12.73,181053131.0
2025-07-16,12.73,12.76,12.5,12.64,192786379.0
2025-07-17,12.61,12.7,12.54,12.59,94464140.0
2025-07-18,12.62,12.75,12.6,12.7,124120611.0
2025-07-21,12.64,12.71,12.55,12.61,107902662.0
2025-07-22,12.6,12.6,12.32,12.49,193522916.0
2025-07-23,12.46,12.63,12.45,12.53,137052000.0
2025-07-24,12.53,12.53,12.33,12.35,195935057.0
2025-07-25,12.33,12.46,12.32,12.35,110826666.0
2025-07-28,12.35,12.53,12.32,12.46,123824278.0
2025-07-29,12.46,12.51,12.34,12.34,101281801.0
2025-07-30,12.35,12.64,12.34,12.49,171516360.0
2025-07-31,12.51,12.55,12.22,12.23,169008125.0
2025-08-01,12.24,12.33,12.15,12.28,101218698.0
2025-08-04,12.24,12.38,12.21,12.3,103268969.0
2025-08-05,12.3,12.5,12.28,12.47,113207820.0
2025-08-06,12.47,12.52,12.4,12.46,69044765.0
2025-08-07,12.44,12.53,12.39,12.47,72205305.0
2025-08-08,12.48,12.53,12.39,12.4,82979591.0
2025-08-11,12.4,12.42,12.27,12.3,93435315.0
2025-08-12,12.3,12.4,12.3,12.33,68005619.0
2025-08-13,12.37,12.4,12.23,12.26,111981305.0
2025-08-14,12.27,12.34,12.19,12.2,124104129.0
2025-08-15,12.23,12.23,11.94,12.08,194850295.0
2025-08-18,12.06,12.15,12.03,12.08,123905837.0
2025-08-19,12.1,12.12,12.02,12.06,89285989.0
2025-08-20,12.06,12.12,11.98,12.07,104873853.0
2025-08-21,12.05,12.19,12.03,12.15,121741825.0
2025-08-22,12.15,12.17,11.98,12.06,164425977.0
2025-08-25,12.12,12.53,12.1,12.45,304508750.0
2025-08-26,12.45,12.5,12.3,12.36,138359861.0
2025-08-27,12.32,12.36,12.05,12.06,186004950.0
2025-08-28,12.09,12.14,11.97,12.08,165358793.0
2025-08-29,12.05,12.22,12.03,12.05,180512568.0
2025-09-01,12.05,12.05,11.85,11.89,185845902.0
2025-09-02,11.85,11.99,11.84,11.98,149271566.0
2025-09-03,11.98,12.01,11.74,11.75,136723249.0
2025-09-04,11.76,11.77,11.6,11.74,129530002.0
2025-09-05,11.73,11.74,11.63,11.72,81966156.0
2025-09-08,11.71,11.78,11.67,11.7,92443104.0
2025-09-09,11.71,11.78,11.68,11.75,86053917.0
2025-09-10,11.74,11.79,11.71,11.77,79266839.0
2025-09-11,11.77,11.85,11.71,11.85,96393163.0
2025-09-12,11.83,11.88,11.7,11.72,94038510.0
2025-09-15,11.7,11.72,11.63,11.65,84038656.0
2025-09-16,11.66,11.71,11.61,11.64,70804849.0
2025-09-17,11.64,11.67,11.58,11.64,77112893.0
2025-09-18,11.65,11.66,11.38,11.41,138616040.0
2025-09-19,11.41,11.51,11.37,11.45,83465123.0
2025-09-22,11.44,11.47,11.37,11.38,59640232.0
2025-09-23,11.37,11.58,11.32,11.52,134143022.0
2025-09-24,11.51,11.62,11.43,11.46,113958347.0
2025-09-25,11.43,11.47,11.36,11.4,77327594.0
2025-09-26,11.39,11.44,11.32,11.4,75323875.0
2025-09-29,11.4,11.48,11.27,11.37,117601243.0
2025-09-30,11.37,11.37,11.29,11.34,83247947.0
2025-10-09,11.33,11.41,11.27,11.4,104746906.0
2025-10-10,11.37,11.49,11.36,11.43,108794775.0
2025-10-13,11.32,11.46,11.28,11.4,116880173.0
2025-10-14,11.39,11.6,11.36,11.57,184342836.0
2025-10-15,11.34,11.42,11.26,11.4,127106103.0
2025-10-16,11.38,11.55,11.36,11.54,126193687.0
2025-10-17,11.5,11.58,11.38,11.4,103966632.0
2025-10-20,11.41,11.45,11.27,11.42,95264110.0
2025-10-21,11.4,11.47,11.39,11.43,76116462.0
2025-10-22,11.4,11.54,11.4,11.52,83370319.0
2025-10-23,11.52,11.71,11.5,11.63,137311158.0
2025-10-24,11.6,11.68,11.55,11.56,98047530.0
2025-10-27,11.54,11.61,11.44,11.52,123948526.0
2025-10-28,11.53,11.58,11.42,11.47,82156818.0
2025-10-29,11.46,11.46,11.36,11.39,96621364.0
2025-10-30,11.38,11.47,11.36,11.38,94377015.0
2025-10-31,11.38,11.4,11.3,11.32,97019293.0
2025-11-03,11.34,11.44,11.3,11.43,95232643.0
2025-11-04,11.42,11.64,11.4,11.59,150300748.0
2025-11-05,11.59,11.6,11.5,11.52,79492605.0
2025-11-06,11.5,11.58,11.47,11.51,76658546.0
2025-11-07,11.52,11.58,11.5,11.55,73485055.0
2025-11-10,11.52,11.64,11.45,11.63,82720833.0
2025-11-11,11.62,11.69,11.57,11.67,88650887.0
2025-11-12,11.7,11.79,11.65,11.68,114132538.0
2025-11-13,11.68,11.72,11.57,11.7,97899103.0
2025-11-14,11.67,11.84,11.66,11.75,131699498.0
2025-11-17,11.75,11.75,11.62,11.67,99523287.0
2025-11-18,11.65,11.69,11.57,11.59,67007735.0
2025-11-19,11.58,11.83,11.57,11.8,133499619.0
2025-11-20,11.79,11.99,11.74,11.85,163703985.0
2025-11-21,11.8,11.88,11.66,11.69,146535888.0
2025-11-24,11.7,11.73,11.6,11.6,111711880.0
2025-11-25,11.61,11.8,11.58,11.8,102808052.0
2025-11-26,11.81,11.85,11.65,11.69,82130109.0
2025-11-27,11.66,11.71,11.58,11.71,101184710.0
2025-11-28,11.67,11.68,11.58,11.61,88435845.0
2025-12-01,11.6,11.7,11.53,11.69,103732271.0
2025-12-02,11.68,11.73,11.59,11.64,76805993.0
2025-12-03,11.64,11.7,11.54,11.55,94460109.0
2025-12-04,11.55,11.58,11.46,11.49,88608988.0
2025-12-05,11.49,11.54,11.4,11.53,89076609.0
2025-12-08,11.49,11.6,11.48,11.52,85589893.0
2025-12-09,11.52,11.54,11.43,11.43,73395745.0
2025-12-10,11.44,11.46,11.29,11.33,104406472.0
2025-12-11,11.35,11.39,11.3,11.37,92526129.0
2025-12-12,11.37,11.43,11.3,11.35,119189472.0
2025-12-15,11.34,11.54,11.33,11.51,94083253.0
2025-12-16,11.49,11.55,11.44,11.48,64735136.0
2025-12-17,11.47,11.58,11.42,11.53,70149533.0
2025-12-18,11.51,11.65,11.48,11.64,79046654.0
2025-12-19,11.63,11.65,11.58,11.62,64988619.0
2025-12-22,11.61,11.61,11.51,11.52,74236916.0
2025-12-23,11.52,11.6,11.5,11.56,66626574.0
2025-12-24,11.55,11.58,11.49,11.54,50524356.0
2025-12-25,11.54,11.62,11.52,11.56,54745523.0
2025-12-26,11.56,11.59,11.53,11.54,43633984.0
2025-12-29,11.54,11.62,11.5,11.56,64829542.0
2025-12-30,11.53,11.56,11.45,11.48,58258433.0
2025-12-31,11.48,11.49,11.4,11.41,59062037.0
2026-01-05,11.42,11.51,11.41,11.5,87549118.0
2026-01-06,11.5,11.68,11.48,11.67,130464842.0
2026-01-07,11.66,11.82,11.62,11.64,96623624.0
2026-01-08,11.64,11.65,11.49,11.51,110008511.0
2026-01-09,11.53,11.53,11.44,11.46,98339004.0
2026-01-12,11.45,11.49,11.42,11.48,85521298.0
2026-01-13,11.48,11.54,11.44,11.47,106154122.0
2026-01-14,11.47,11.47,11.35,11.36,127475714.0
2026-01-15,11.33,11.37,11.3,11.31,88495977.0
2026-01-16,11.34,11.34,11.16,11.19,111947254.0
2026-01-19,11.15,11.21,11.11,11.12,80474131.0
2026-01-20,11.12,11.2,11.11,11.16,77227609.0
2026-01-21,11.15,11.18,11.06,11.07,90012491.0
2026-01-22,11.07,11.15,11.05,11.07,78863462.0
2026-01-23,11.07,11.09,10.98,10.99,110999429.0
2026-01-26,10.98,11.06,10.92,10.96,110624665.0
2026-01-27,10.96,11.03,10.93,10.94,89409121.0
2026-01-28,10.94,10.99,10.82,10.84,143876603.0
2026-01-29,10.84,10.98,10.66,10.96,185299383.0
2026-01-30,10.94,11.03,10.83,10.83,109175497.0
2026-02-02,10.82,11.03,10.8,10.86,122317302.0
2026-02-03,10.89,10.9,10.77,10.84,80662816.0
2026-02-04,10.85,10.98,10.84,10.97,69541547.0
2026-02-05,10.98,11.11,10.96,11.09,117759109.0
2026-02-06,11.08,11.14,10.99,11.05,72770959.0
2026-02-09,11.05,11.11,11.01,11.07,61971670.0
2026-02-10,11.07,11.1,11.02,11.06,60042999.0
2026-02-11,11.06,11.09,11.02,11.07,43104098.0
2026-02-12,11.07,11.08,10.93,10.96,68134024.0
2026-02-13,10.96,10.99,10.9,10.91,55504736.0
2026-02-24,10.93,10.95,10.88,10.91,60251240.0
2026-02-25,10.91,10.95,10.78,10.86,106313487.0
2026-02-26,10.86,10.91,10.8,10.87,71273019.0
2026-02-27,10.86,10.92,10.84,10.9,61222796.0
2026-03-02,10.85,10.89,10.77,10.85,83887355.0
2026-03-03,10.85,10.95,10.8,10.88,102869483.0
2026-03-04,10.84,10.84,10.67,10.71,108971396.0
2026-03-05,10.72,10.84,10.7,10.81,71264118.0
2026-03-06,10.78,10.84,10.77,10.82,47657680.0
2026-03-09,10.79,10.82,10.74,10.76,83589238.0
2026-03-10,10.77,10.81,10.73,10.81,79011168.0
2026-03-11,10.79,10.9,10.77,10.89,72053464.0
2026-03-12,10.87,10.96,10.85,10.94,75490558.0
2026-03-13,10.93,11.0,10.87,10.93,84193915.0
2026-03-16,10.93,10.97,10.88,10.92,71560301.0
2026-03-17,10.91,11.07,10.9,11.03,107665681.0
2026-03-18,11.04,11.04,10.91,10.96,79107940.0
2026-03-19,10.92,10.97,10.86,10.88,62421195.0
2026-03-20,10.87,10.94,10.76,10.77,83408256.0
2026-03-23,10.68,10.68,10.43,10.45,158008833.0
2026-03-24,10.52,10.89,10.52,10.88,162225127.0
2026-03-25,10.89,10.95,10.79,10.94,74477991.0
2026-03-26,10.91,11.05,10.9,10.94,82766409.0
2026-03-27,10.91,11.05,10.83,11.02,88412862.0
2026-03-30,10.98,11.05,10.94,10.99,63252210.0
2026-03-31,11.0,11.18,10.99,11.08,116456534.0
2026-04-01,11.09,11.23,11.08,11.15,91892539.0
2026-04-02,11.15,11.32,11.13,11.27,114889522.0
2026-04-03,11.28,11.28,11.09,11.12,75775733.0
2026-04-07,11.12,11.14,10.97,11.03,60795521.0
2026-04-08,11.11,11.22,11.05,11.22,81297589.0
2026-04-09,11.17,11.22,11.06,11.1,60236493.0
2026-04-10,11.1,11.13,11.07,11.09,48104693.0
2026-04-13,11.05,11.09,11.03,11.07,40610413.0
2026-04-14,11.07,11.17,11.07,11.17,49615109.0
2026-04-15,11.16,11.22,11.15,11.21,50393793.0
2026-04-16,11.2,11.23,11.07,11.09,68091460.0
2026-04-17,11.09,11.11,10.99,11.01,72253042.0
2026-04-20,11.01,11.07,10.96,11.06,63003366.0
2026-04-21,11.04,11.16,11.03,11.08,80694634.0
2026-04-22,11.08,11.09,10.95,10.98,83905399.0
2026-04-23,10.98,11.03,10.93,11.0,64806661.0
2026-04-24,10.98,11.03,10.92,11.0,58271012.0
2026-04-27,11.33,11.57,11.29,11.38,340127570.0
2026-04-28,11.36,11.46,11.32,11.46,167425883.0
2026-04-29,11.43,11.54,11.39,11.52,137842344.0
2026-04-30,11.5,11.6,11.46,11.49,113924162.0
2026-05-06,11.5,11.5,11.3,11.36,121638755.0
2026-05-07,11.37,11.39,11.3,11.37,93695806.0
2026-05-08,11.34,11.42,11.3,11.3,79881986.0
2026-05-11,11.29,11.31,11.16,11.28,93186521.0
2026-05-12,11.28,11.36,11.21,11.25,102903842.0
2026-05-13,11.25,11.28,11.11,11.14,101797392.0
2026-05-14,11.14,11.15,11.05,11.05,79436841.0
2026-05-15,11.05,11.11,10.96,10.99,97474176.0
2026-05-18,10.96,10.97,10.82,10.86,85638157.0
2026-05-19,10.83,10.92,10.83,10.86,79352913.0
2026-05-20,10.86,10.88,10.76,10.77,74763214.0
2026-05-21,10.78,10.8,10.69,10.7,111021108.0
2026-05-22,10.7,10.73,10.65,10.68,95413273.0
2026-05-25,10.68,10.76,10.64,10.68,66310295.0
2026-05-26,10.71,10.83,10.66,10.79,83734690.0
2026-05-27,10.76,10.85,10.72,10.76,83972718.0
2026-05-28,10.76,10.79,10.63,10.66,90071107.0
2026-05-29,10.65,10.93,10.62,10.93,139936780.0
2026-06-01,10.9,10.99,10.81,10.99,95459569.0
2026-06-02,10.98,11.1,10.94,11.08,88542842.0
2026-06-03,11.03,11.06,10.92,10.99,82527172.0
2026-06-04,10.91,10.97,10.77,10.82,86927083.0
2026-06-05,10.83,11.03,10.83,10.98,100350334.0
2026-06-08,10.97,11.1,10.96,11.03,109092646.0
2026-06-09,11.01,11.19,10.96,11.13,114967234.0
2026-06-10,11.07,11.35,11.07,11.32,154317639.0
2026-06-11,11.32,11.39,11.25,11.3,115622222.0
2026-06-12,11.0,11.25,10.88,11.24,203235546.0
2026-06-15,11.21,11.21,10.98,11.06,154130495.0
2026-06-16,11.05,11.12,10.91,10.94,94270804.0
2026-06-17,10.97,10.99,10.75,10.78,96582803.0
2026-06-18,10.74,10.77,10.52,10.52,142689316.0
2026-06-22,10.52,10.67,10.42,10.65,126531672.0
2026-06-23,10.65,10.91,10.63,10.71,119060407.0
2026-06-24,10.68,10.78,10.51,10.51,112584114.0
2026-06-25,10.47,10.59,10.41,10.42,108399905.0
2026-06-26,10.42,10.47,10.19,10.23,123648164.0
2026-06-29,10.22,10.32,10.02,10.24,112413978.0
2026-06-30,10.22,10.22,10.04,10.05,111135281.0
2026-07-01,10.05,10.18,9.99,10.16,90688982.0
2026-07-02,10.2,10.36,10.17,10.28,100474867.0
2026-07-03,10.29,10.4,10.18,10.29,86332664.0
2026-07-06,10.25,10.52,10.22,10.5,106109463.0
2026-07-07,10.46,10.51,10.35,10.47,80564415.0
2026-07-08,10.44,10.63,10.34,10.6,95117022.0
2026-07-09,10.55,10.59,10.43,10.49,74747901.0
2026-07-10,10.5,10.51,10.4,10.45,95795835.0
2026-07-13,10.42,10.55,10.38,10.54,92488824.0
2026-07-14,10.53,10.7,10.48,10.69,119386935.0
2026-07-15,10.65,10.87,10.63,10.84,98153955.0
2026-07-16,10.85,10.93,10.72,10.77,80114123.0
2026-07-17,10.75,10.88,10.72,10.78,107590001.0
2026-07-20,10.75,11.0,10.74,10.98,156752493.0
2026-07-21,10.99,11.13,10.83,10.84,175542388.0
2026-07-22,10.81,10.98,10.77,10.98,102980994.0
2026-07-23,10.92,11.12,10.9,11.08,109595521.0
2026-07-24,11.09,11.18,11.09,11.1,114193692.0
2026-07-27,11.11,11.16,11.04,11.11,95736620.0
2026-07-28,11.1,11.21,11.09,11.2,106168029.0
2026-07-29,11.19,11.36,11.18,11.28,151137707.0
2026-07-30,11.28,11.62,11.18,11.61,278174370.0
2026-07-31,11.5,11.63,11.28,11.63,202530995.0
2026-08-03,11.54,11.66,11.52,11.62,106114794.0
2026-08-04,11.58,11.62,11.42,11.44,122134684.0
2026-08-05,11.41,11.5,11.18,11.25,151189593.0
2026-08-06,11.22,11.28,11.12,11.27,104659757.0
2026-08-07,11.23,11.26,11.1,11.19,88323601.0
2026-08-10,11.18,11.38,11.16,11.29,88966114.0
2026-08-11,11.31,11.4,11.24,11.26,66353253.0
2026-08-12,11.26,11.29,11.2,11.25,63359826.0
2026-08-13,11.23,11.27,11.18,11.25,75686876.0
2026-08-14,11.22,11.23,11.11,11.11,83325179.0
2026-08-17,11.2,11.22,11.07,11.1,93014744.0
2026-08-18,11.1,11.14,11.03,11.05,81022971.0
2026-08-19,11.08,11.27,11.07,11.27,142831157.0
2026-08-20,11.2,11.4,11.19,11.4,118391123.0
2026-08-21,11.36,11.46,11.32,11.41,86939263.0
2026-08-24,11.38,11.58,11.35,11.56,119957395.0
2026-08-25,11.57,11.64,11.53,11.59,99524915.0
2026-08-26,11.55,11.75,11.52,11.73,116783578.0
2026-08-27,11.7,11.72,11.51,11.59,97588270.0
2026-08-28,11.54,11.68,11.48,11.65,83851924.0
2026-08-31,11.64,11.77,11.62,11.72,90898455.0
2026-09-01,11.68,11.96,11.65,11.92,152778853.0
2026-09-02,11.92,11.99,11.85,11.91,89303752.0
2026-09-03,11.88,12.08,11.83,11.88,110580539.0
2026-09-04,11.86,12.0,11.85,11.89,81481995.0
2026-09-07,11.87,11.88,11.65,11.7,108760752.0
2026-09-08,11.66,11.81,11.65,11.78,74073597.0
2026-09-09,11.76,11.79,11.69,11.7,58242598.0
2026-09-10,11.68,11.86,11.66,11.85,86796822.0
2026-09-11,11.82,11.86,11.71,11.74,83272984.0
2026-09-14,11.73,11.9,11.72,11.85,74138702.0
2026-09-15,11.82,11.88,11.77,11.82,75566946.0
2026-09-16,11.8,11.84,11.57,11.7,94995732.0
2026-09-17,11.68,11.74,11.57,11.61,69195535.0
2026-09-18,11.59,11.82,11.56,11.7,85320379.0
2026-09-21,11.7,11.72,11.6,11.65,29796467.0
