time,open,high,low,close,volume
2006-03-09,1245.188,1253.911,1240.751,1245.653,1538599936.0
2006-03-10,1245.1899,1253.91,1240.75,1245.65,1409600000.0
2006-03-13,1260.422,1262.752,1250.277,1259.0439,1377500032.0
2006-03-14,1259.231,1275.515,1258.146,1274.812,1487600000.0
2006-03-15,1274.615,1277.194,1270.8311,1274.1899,1845100032.0
2006-03-16,1273.01,1276.6281,1265.606,1269.462,1832300032.0
2006-03-17,1273.01,1276.63,1265.61,1269.46,1875500032.0
2006-03-20,1288.5551,1297.608,1285.431,1290.395,2029699968.0
2006-03-21,1289.4611,1296.912,1281.1281,1296.7061,2434599936.0
2006-03-22,1296.194,1302.791,1289.525,1302.457,2232999936.0
2006-03-23,1302.141,1308.057,1293.296,1294.704,2546500096.0
2006-03-24,1302.14,1308.0601,1293.3,1294.7,2442400000.0
2006-03-27,1295.76,1302.6479,1293.0,1298.791,2061299968.0
2006-03-28,1299.3831,1313.125,1296.59,1305.567,2501199872.0
2006-03-29,1305.843,1308.496,1293.829,1294.718,3415200000.0
2006-03-30,1291.5179,1298.751,1285.735,1298.295,2603899904.0
2006-03-31,1291.5179,1298.751,1285.735,1298.295,2663699968.0
2006-04-03,1298.684,1319.485,1298.684,1319.4709,3280499968.0
2006-04-04,1329.798,1329.798,1329.798,1329.798,3713400064.0
2006-04-05,1330.561,1341.504,1326.533,1340.162,3776300032.0
2006-04-06,1341.736,1348.52,1336.1379,1339.7371,4171500032.0
2006-04-07,1340.646,1345.291,1330.5129,1342.965,4066599936.0
2006-04-10,1344.239,1359.408,1339.5229,1359.0811,4141499904.0
2006-04-11,1360.978,1366.5229,1350.323,1362.229,4386999808.0
2006-04-12,1361.741,1364.691,1355.655,1360.132,3712900096.0
2006-04-13,1359.278,1364.316,1331.682,1332.33,4129900032.0
2006-04-14,1330.095,1360.094,1328.4351,1359.538,3787099904.0
2006-04-17,1360.644,1383.6541,1353.396,1378.614,4222000128.0
2006-04-18,1379.813,1391.3781,1370.153,1385.114,3678500096.0
2006-04-19,1389.134,1399.547,1378.796,1396.702,4057799936.0
2006-04-20,1398.098,1404.192,1376.9611,1385.9,4330299904.0
2006-04-21,1385.923,1419.891,1383.45,1416.793,4556899840.0
2006-04-24,1409.786,1409.786,1409.786,1409.786,5201600000.0
2006-04-25,1405.8979,1409.274,1386.126,1399.767,4324899840.0
2006-04-26,1399.068,1426.626,1397.349,1417.4771,4841099776.0
2006-04-27,1418.903,1424.465,1407.141,1416.7321,3760800000.0
2006-04-28,1403.5229,1444.714,1389.3459,1440.223,4456200192.0
2006-05-08,1446.9919,1497.202,1446.9919,1497.104,5162100224.0
2006-05-09,1503.239,1532.754,1497.994,1531.161,6468400128.0
2006-05-10,1537.561,1554.0341,1518.335,1545.687,6271699968.0
2006-05-11,1547.556,1583.761,1536.292,1537.377,7321800192.0
2006-05-12,1532.8781,1603.2111,1531.233,1602.832,6839399936.0
2006-05-15,1616.259,1664.938,1606.5699,1664.088,8772500480.0
2006-05-16,1658.692,1678.599,1604.7841,1613.251,8827499520.0
2006-05-17,1613.23,1640.6949,1592.1851,1625.146,7098100224.0
2006-05-18,1611.657,1630.073,1582.962,1617.281,6058500096.0
2006-05-19,1620.213,1664.614,1610.04,1659.545,7708599808.0
2006-05-22,1656.754,1674.2209,1646.683,1657.689,7725899776.0
2006-05-23,1647.962,1648.528,1597.1021,1604.552,6990000128.0
2006-05-24,1590.924,1590.924,1590.924,1590.924,5727000064.0
2006-05-25,1585.4659,1598.559,1563.863,1591.425,4104900096.0
2006-05-26,1596.5649,1614.553,1593.093,1613.894,4372299776.0
2006-05-29,1622.108,1648.838,1609.005,1648.538,5171500032.0
2006-05-30,1654.98,1663.929,1634.9,1657.288,5308800000.0
2006-05-31,1656.2841,1667.233,1628.679,1641.3,5701600256.0
2006-06-01,1639.673,1684.709,1635.746,1684.1949,6784399872.0
2006-06-02,1688.782,1695.58,1659.14,1669.399,7814499840.0
2006-06-05,1669.236,1685.292,1639.6801,1684.624,6729800192.0
2006-06-06,1681.22,1692.825,1672.814,1679.126,5842299904.0
2006-06-07,1678.238,1678.238,1588.9709,1589.545,6508499968.0
2006-06-08,1576.4351,1596.1219,1540.934,1591.49,5457699840.0
2006-06-09,1583.9561,1594.438,1550.202,1551.384,4700400128.0
2006-06-12,1540.2159,1566.447,1529.5031,1552.798,3149600000.0
2006-06-13,1552.098,1570.1,1532.059,1548.495,3245100032.0
2006-06-14,1540.635,1540.635,1512.521,1531.327,3243800064.0
2006-06-15,1531.2469,1551.3,1528.23,1533.98,2847300096.0
2006-06-16,1540.187,1574.475,1540.187,1574.467,3357299968.0
2006-06-19,1559.985,1591.85,1544.931,1586.286,3556199936.0
2006-06-20,1583.871,1592.832,1572.582,1592.332,3553700096.0
2006-06-21,1590.6071,1617.714,1570.083,1598.116,3970599936.0
2006-06-22,1593.097,1605.252,1587.799,1596.066,3246599936.0
2006-06-23,1594.495,1608.108,1582.019,1605.7111,3502700032.0
2006-06-26,1607.786,1635.803,1607.786,1633.449,3949900032.0
2006-06-27,1636.703,1642.571,1627.592,1639.551,3645199872.0
2006-06-28,1638.23,1642.354,1627.068,1639.286,3322099968.0
2006-06-29,1641.928,1672.101,1641.928,1671.618,5179899904.0
2006-06-30,1679.724,1690.953,1662.28,1672.2111,4983699968.0
2006-07-03,1677.311,1697.83,1670.016,1697.282,4863699968.0
2006-07-04,1700.323,1702.658,1670.13,1681.547,5431600128.0
2006-07-05,1755.222,1757.472,1703.585,1718.5551,6072099840.0
2006-07-06,1715.2791,1742.204,1711.651,1741.47,5006300160.0
2006-07-07,1746.521,1750.028,1724.675,1730.1899,4943000064.0
2006-07-10,1730.698,1737.031,1715.828,1734.329,3904999936.0
2006-07-11,1736.986,1746.724,1725.231,1745.806,4008499968.0
2006-07-12,1745.8781,1753.275,1737.999,1740.0,4878600192.0
2006-07-13,1736.207,1737.595,1654.486,1655.7729,6747200000.0
2006-07-14,1641.1379,1676.754,1633.8979,1665.208,4158799872.0
2006-07-17,1662.047,1684.344,1653.603,1682.887,3220400128.0
2006-07-18,1682.36,1684.672,1666.311,1684.252,3140499968.0
2006-07-19,1681.771,1681.771,1637.486,1645.16,3505999872.0
2006-07-20,1642.624,1658.054,1636.259,1655.1219,2866099968.0
2006-07-21,1653.811,1669.288,1653.507,1665.328,2996000000.0
2006-07-24,1648.749,1667.6169,1632.687,1665.944,3118400000.0
2006-07-25,1668.1379,1690.613,1668.1379,1685.4611,3423800064.0
2006-07-26,1688.538,1691.429,1675.662,1686.6541,3116699904.0
2006-07-27,1685.347,1701.611,1665.386,1675.168,3620199936.0
2006-07-28,1674.4301,1678.527,1646.3459,1662.031,3326899968.0
2006-07-31,1659.535,1659.535,1611.163,1612.733,3365400064.0
2006-08-01,1600.614,1600.614,1600.614,1600.614,3231099904.0
2006-08-02,1598.7581,1608.777,1577.902,1600.8719,2786599936.0
2006-08-03,1599.746,1609.425,1587.119,1601.058,2082200064.0
2006-08-04,1601.608,1612.1,1567.251,1570.15,2586700032.0
2006-08-07,1561.801,1570.054,1541.413,1547.436,2409900032.0
2006-08-08,1547.905,1581.7531,1547.905,1580.577,2338299904.0
2006-08-09,1581.803,1585.173,1571.709,1578.566,2163599872.0
2006-08-10,1578.354,1606.943,1577.86,1606.0649,2632300032.0
2006-08-11,1605.597,1610.7629,1596.217,1605.926,2345100032.0
2006-08-14,1605.202,1611.661,1566.722,1570.738,2565499904.0
2006-08-15,1568.267,1596.653,1564.3979,1595.657,2025900032.0
2006-08-16,1596.056,1616.453,1591.8571,1616.41,2856399872.0
2006-08-17,1612.412,1612.412,1592.8459,1603.332,2339200000.0
2006-08-18,1601.567,1614.365,1596.562,1598.0179,2397400064.0
2006-08-21,1565.457,1602.13,1558.1,1601.15,2337400064.0
2006-08-22,1601.5229,1619.074,1598.776,1613.355,2670099968.0
2006-08-23,1614.3929,1621.399,1608.741,1612.396,2721299968.0
2006-08-24,1612.699,1623.1689,1601.887,1623.017,2506099968.0
2006-08-25,1622.481,1630.047,1619.735,1623.0341,2782200064.0
2006-08-28,1627.123,1651.2889,1624.281,1650.438,3934099968.0
2006-08-29,1652.672,1667.53,1649.593,1651.024,4805000192.0
2006-08-30,1648.348,1656.2321,1640.281,1655.1949,3144300032.0
2006-08-31,1655.903,1661.473,1649.9969,1658.6379,3513499904.0
2006-09-01,1658.66,1660.5179,1634.026,1636.691,3595500032.0
2006-09-04,1635.332,1657.691,1635.1219,1657.52,3309299968.0
2006-09-05,1659.7371,1669.901,1657.047,1664.078,4053299968.0
2006-09-06,1665.13,1672.26,1656.863,1672.121,3358000128.0
2006-09-07,1683.782,1683.89,1655.408,1661.1899,3152300032.0
2006-09-08,1659.702,1671.308,1658.673,1667.984,2655200000.0
2006-09-11,1674.9659,1674.9659,1674.9659,1674.9659,3059099904.0
2006-09-12,1675.198,1699.585,1673.441,1695.8621,3739000064.0
2006-09-13,1695.351,1713.989,1687.049,1689.389,4304600064.0
2006-09-14,1689.631,1696.6219,1672.884,1689.692,3388800000.0
2006-09-15,1689.605,1722.66,1689.51,1721.045,4703200256.0
2006-09-18,1727.915,1733.413,1719.16,1732.9871,4483999744.0
2006-09-19,1735.301,1743.021,1728.2889,1735.241,4345500160.0
2006-09-20,1733.637,1737.734,1720.835,1732.453,3883699968.0
2006-09-21,1731.585,1743.63,1731.222,1740.901,3953299968.0
2006-09-22,1744.605,1746.615,1724.104,1725.361,4477799936.0
2006-09-25,1722.744,1732.2791,1709.771,1722.366,4016800000.0
2006-09-26,1720.781,1721.584,1704.774,1712.637,3313499904.0
2006-09-27,1711.514,1725.501,1709.766,1725.0389,2924699904.0
2006-09-28,1725.515,1740.787,1722.219,1736.963,3398000128.0
2006-09-29,1740.059,1755.691,1740.059,1752.424,4123599872.0
2006-10-02,1752.424,1752.424,1752.424,1752.424,0.0
2006-10-04,1752.424,1752.424,1752.424,1752.424,0.0
2006-10-09,1768.144,1786.11,1763.111,1785.385,5293499904.0
2006-10-10,1784.22,1793.141,1771.856,1784.8621,5513600000.0
2006-10-11,1784.5179,1792.761,1771.016,1790.104,4928399872.0
2006-10-12,1790.631,1792.239,1774.142,1778.181,5316899840.0
2006-10-13,1776.511,1792.868,1773.233,1784.656,4254000128.0
2006-10-16,1787.7,1789.175,1766.308,1771.299,4676599808.0
2006-10-17,1768.6281,1777.598,1758.311,1763.901,3926200064.0
2006-10-18,1762.4041,1787.743,1760.8831,1787.1851,3681100032.0
2006-10-19,1788.582,1799.2939,1784.345,1792.2531,4149100032.0
2006-10-20,1792.6,1801.334,1786.344,1790.364,4146200064.0
2006-10-23,1789.645,1797.427,1753.494,1759.394,4444100096.0
2006-10-24,1756.457,1805.2729,1756.457,1805.181,3991099904.0
2006-10-25,1807.03,1825.609,1789.905,1806.646,4451200000.0
2006-10-26,1804.8929,1816.762,1791.947,1810.646,4873699840.0
2006-10-27,1836.214,1842.73,1803.215,1807.175,7374900224.0
2006-10-30,1811.469,1839.318,1811.469,1837.993,4533600256.0
2006-10-31,1838.6801,1855.887,1833.201,1855.713,4655699968.0
2006-11-01,1856.921,1857.145,1834.844,1851.314,4778399744.0
2006-11-02,1851.4041,1873.6639,1850.151,1866.3621,5174199808.0
2006-11-03,1851.4,1873.66,1850.15,1866.36,4986100224.0
2006-11-06,1889.5341,1897.41,1862.932,1889.53,4954500096.0
2006-11-07,1885.855,1886.256,1865.223,1866.817,5484899840.0
2006-11-08,1860.954,1899.097,1858.595,1896.4821,3776999936.0
2006-11-09,1896.929,1920.184,1870.96,1883.347,4409600000.0
2006-11-10,1896.9301,1920.1801,1870.96,1883.35,6280900096.0
2006-11-13,1868.173,1888.432,1841.823,1888.239,5001699840.0
2006-11-14,1888.5389,1923.139,1878.6949,1922.9351,4318799872.0
2006-11-15,1930.926,1976.046,1926.724,1941.547,4668199936.0
2006-11-16,1934.637,1972.6071,1925.149,1971.793,6398400000.0
2006-11-17,1934.64,1972.61,1925.15,1971.79,4941899776.0
2006-11-20,2013.067,2037.738,1988.926,2037.552,5914699776.0
2006-11-21,2031.297,2062.804,2010.792,2041.355,5389400064.0
2006-11-22,2045.0811,2071.2351,2042.151,2062.363,6488200192.0
2006-11-23,2051.4709,2057.9109,2022.625,2050.812,6072200192.0
2006-11-24,2051.47,2057.9099,2022.63,2050.8101,6123200000.0
2006-11-27,2042.379,2051.49,2016.473,2038.7209,5784000000.0
2006-11-28,2005.9871,2059.728,1992.538,2054.0911,5507100160.0
2006-11-29,2058.77,2102.0569,2058.77,2099.2891,5600200192.0
2006-11-30,2106.2949,2112.5759,2087.6011,2102.0491,7278000128.0
2006-12-01,2106.3,2112.5801,2087.6001,2102.05,7617900032.0
2006-12-04,2167.363,2195.5291,2159.323,2173.2849,8723300352.0
2006-12-05,2156.604,2156.604,2156.604,2156.604,8815699968.0
2006-12-06,2156.75,2156.75,2156.75,2156.75,10434799616.0
2006-12-07,2133.355,2164.021,2090.4031,2093.6379,9927900160.0
2006-12-08,2133.3601,2164.02,2090.3999,2093.6399,8088999936.0
2006-12-11,2189.6941,2228.6431,2180.3701,2218.9509,6267599872.0
2006-12-12,2224.429,2244.407,2195.6389,2223.4551,7019200000.0
2006-12-13,2226.001,2250.321,2212.905,2249.1101,5749300224.0
2006-12-14,2255.24,2275.49,2241.199,2273.908,5843899904.0
2006-12-15,2255.24,2275.49,2241.2,2273.9099,6061199872.0
2006-12-18,2342.1799,2381.634,2315.9851,2364.177,7825200128.0
2006-12-19,2356.262,2381.1321,2332.927,2373.2051,8705500160.0
2006-12-20,2372.4641,2386.824,2339.9089,2342.938,7829899776.0
2006-12-21,2334.2729,2366.6941,2321.9221,2343.668,8318300160.0
2006-12-22,2334.27,2366.6899,2321.9199,2343.6699,7048500224.0
2006-12-25,2437.854,2505.697,2424.936,2479.7319,7393900032.0
2006-12-26,2478.063,2538.6631,2461.071,2536.387,7226100224.0
2006-12-27,2538.9519,2611.791,2530.3311,2567.594,7211800064.0
2006-12-28,2585.417,2698.9041,2585.417,2675.4741,7871900160.0
2006-12-29,2585.4199,2698.8999,2585.4199,2675.47,8676899840.0
2007-01-01,2675.4741,2675.4741,2675.4741,2675.4741,0.0
2007-01-03,2728.188,2847.615,2684.8181,2715.719,120156020.0
2007-01-04,2668.5769,2685.804,2617.019,2641.334,12015599616.0
2007-01-05,2668.5801,2685.8,2617.02,2641.3301,10615600128.0
2007-01-08,2807.804,2807.804,2807.804,2807.804,10681299968.0
2007-01-09,2838.113,2841.741,2770.988,2825.5759,11075099648.0
2007-01-10,2819.3669,2841.1799,2763.886,2770.1101,11176899584.0
2007-01-11,2745.321,2782.0249,2652.5779,2668.1101,12159899648.0
2007-01-12,2745.3201,2782.03,2652.5801,2668.1101,10730399744.0
2007-01-15,2818.6631,2830.803,2757.2051,2821.0171,9176200192.0
2007-01-16,2828.4009,2870.4221,2742.5879,2778.8999,11117899776.0
2007-01-17,2760.9441,2784.043,2679.7051,2756.9829,12737699840.0
2007-01-18,2761.886,2833.4541,2761.886,2832.207,11231399936.0
2007-01-19,2761.8899,2833.45,2761.8899,2832.21,12206199808.0
2007-01-22,2964.687,2970.6851,2851.9189,2949.144,13857599488.0
2007-01-23,2955.4241,2994.282,2927.7209,2975.1289,14279199744.0
2007-01-24,2946.5039,2947.1489,2853.822,2857.365,12205700096.0
2007-01-25,2805.9561,2905.9839,2720.8269,2882.5581,11719700480.0
2007-01-26,2805.96,2905.98,2720.8301,2882.5601,10959899648.0
2007-01-29,2897.25,2954.3401,2885.8601,2945.26,11206800384.0
2007-01-30,2926.075,2929.646,2766.7471,2786.335,11193199616.0
2007-01-31,2744.814,2801.689,2706.291,2785.4319,11426599936.0
2007-02-01,2791.49,2796.436,2666.8621,2673.2119,9344400384.0
2007-02-02,2791.49,2796.4399,2666.8601,2673.21,8544600064.0
2007-02-05,2612.8391,2677.042,2541.5249,2675.697,6922500096.0
2007-02-06,2688.96,2745.387,2681.3291,2716.175,8663000064.0
2007-02-07,2725.1399,2751.1621,2691.2681,2737.7319,9488400384.0
2007-02-08,2741.48,2747.9441,2704.365,2730.386,8843400192.0
2007-02-09,2741.48,2747.9399,2704.3701,2730.3899,8087399936.0
2007-02-12,2819.1379,2835.0891,2801.313,2831.8721,7900899840.0
2007-02-13,2836.8191,2915.063,2823.3821,2905.093,7900199936.0
2007-02-14,2923.666,2994.6221,2923.666,2993.0081,9404499968.0
2007-02-15,3018.1799,3036.3459,2975.8269,2998.4741,10883099648.0
2007-02-16,3018.1799,3036.3501,2975.8301,2998.47,11792199680.0
2007-02-26,3048.8291,3049.771,2763.395,2771.791,11205699584.0
2007-02-27,2734.595,2888.8989,2732.884,2881.073,16137600000.0
2007-02-28,2877.2029,2878.355,2760.9121,2797.1899,12147900416.0
2007-03-01,2792.9409,2846.158,2777.7959,2831.5259,12736499712.0
2007-03-02,2792.9399,2846.1599,2777.8,2831.53,9394400256.0
2007-03-05,2776.167,2866.332,2756.9609,2840.175,10691099648.0
2007-03-06,2851.7471,2911.416,2849.6479,2896.594,7704000000.0
2007-03-07,2904.1851,2928.803,2871.4641,2928.0149,8791400448.0
2007-03-08,2934.4929,2962.4209,2891.814,2937.9099,8895500288.0
2007-03-09,2937.9099,2937.9099,2937.9099,2937.9099,10713900032.0
2007-03-12,2945.9231,2958.6321,2904.7439,2954.9141,10154200064.0
2007-03-13,2958.0959,2966.1941,2932.2339,2964.7939,10718900224.0
2007-03-14,2933.679,2934.4541,2868.8069,2906.334,11373100032.0
2007-03-15,2905.9761,2955.4619,2905.9761,2951.698,10174600192.0
2007-03-16,2964.094,2979.708,2899.032,2930.481,12268099584.0
2007-03-19,2864.2561,3037.999,2852.8579,3014.4419,10997199872.0
2007-03-20,3024.78,3033.02,2998.8,3032.2,9276199936.0
2007-03-21,3042.0979,3057.71,3020.949,3057.3799,9918999552.0
2007-03-22,3080.6021,3099.8191,3059.3811,3071.2251,12606600192.0
2007-03-23,3071.8081,3085.324,3008.1541,3074.2859,11868600320.0
2007-03-26,3083.938,3123.179,3069.4729,3122.811,12266099712.0
2007-03-27,3126.0249,3145.0439,3103.7791,3138.8259,12457900032.0
2007-03-28,3140.6799,3180.332,3052.0779,3173.0181,16726800384.0
2007-03-29,3179.803,3273.7271,3176.5259,3197.5371,14954000384.0
2007-03-30,3178.4961,3212.3889,3157.03,3183.9829,8942399488.0
2007-04-02,3196.5869,3253.4351,3196.5869,3252.595,9735000064.0
2007-04-03,3265.676,3292.5779,3251.5229,3291.2991,10860099584.0
2007-04-04,3295.98,3308.1499,3266.5601,3291.54,11261599744.0
2007-04-05,3286.1631,3326.916,3259.626,3319.1399,11452800000.0
2007-04-06,3287.6841,3334.2241,3273.855,3323.585,11964499968.0
2007-04-09,3333.4221,3399.5149,3333.262,3398.95,13731399680.0
2007-04-10,3405.2329,3444.374,3351.105,3444.291,14780699648.0
2007-04-11,3454.417,3497.52,3428.782,3495.2241,14757199872.0
2007-04-12,3503.2271,3532.8621,3488.0769,3531.0291,13539000320.0
2007-04-13,3537.22,3563.856,3504.1609,3518.2671,15069599744.0
2007-04-16,3523.217,3597.2151,3523.217,3596.4409,13103899648.0
2007-04-17,3611.6299,3622.8879,3510.498,3611.8701,16066100224.0
2007-04-18,3614.678,3623.8669,3564.23,3612.396,15048500224.0
2007-04-19,3610.0239,3617.438,3358.9299,3449.0161,17272600576.0
2007-04-20,3460.9041,3591.4609,3460.9041,3584.2041,13888900096.0
2007-04-23,3615.7891,3710.886,3615.7891,3710.886,16349800448.0
2007-04-24,3736.1541,3762.3879,3689.134,3720.532,17438900224.0
2007-04-25,3708.571,3769.2471,3653.989,3743.959,15176299520.0
2007-04-26,3766.4761,3784.6799,3732.6011,3783.063,11725700096.0
2007-04-27,3788.748,3802.9231,3720.5959,3759.8669,13217500160.0
2007-04-30,3784.272,3851.3501,3759.48,3841.272,14652600320.0
2007-05-08,3937.938,3964.7141,3901.3259,3950.011,16056800256.0
2007-05-09,3961.103,4015.219,3875.384,4013.085,20839700480.0
2007-05-10,4021.4221,4072.1379,3991.4771,4049.7009,17111400448.0
2007-05-11,4024.4221,4039.668,3949.3679,4021.678,14063800320.0
2007-05-14,3970.6609,4081.426,3940.3579,4046.3921,13932600320.0
2007-05-15,4055.834,4069.8459,3891.363,3899.178,15667800064.0
2007-05-16,3890.8091,3987.405,3845.2271,3986.043,13171999744.0
2007-05-17,4002.4851,4064.283,3982.9951,4048.293,13927799808.0
2007-05-18,4041.3899,4052.0969,3999.165,4030.2581,13075600384.0
2007-05-21,3902.3469,4083.416,3892.9751,4072.2251,15617099776.0
2007-05-22,4091.1431,4136.6299,4086.825,4110.3789,17356199936.0
2007-05-23,4125.4258,4175.4438,4093.915,4173.709,16139899904.0
2007-05-24,4188.6768,4208.3882,4089.385,4151.1328,18098399232.0
2007-05-25,4133.1919,4190.4692,4111.2622,4179.7759,15419299840.0
2007-05-28,4221.5781,4283.9302,4215.2432,4272.1108,17861500928.0
2007-05-29,4288.98,4335.9629,4262.0239,4334.9238,17209800704.0
2007-05-30,4087.405,4275.2368,4015.512,4053.0879,18559700992.0
2007-05-31,4006.28,4178.1069,3858.04,4109.6538,17311500288.0
2007-06-01,4120.6279,4181.2798,3966.9771,4000.7419,16093500416.0
2007-06-04,3981.8169,3987.269,3659.0891,3670.4009,11485899776.0
2007-06-05,3564.4331,3768.563,3404.146,3767.1011,15713800192.0
2007-06-06,3781.375,3821.697,3682.7939,3776.3169,14587400192.0
2007-06-07,3787.7019,3891.4031,3779.5,3890.803,14236600320.0
2007-06-08,3900.0271,3935.7859,3852.0449,3913.135,13587699712.0
2007-06-11,3942.0049,4000.416,3930.74,3995.6799,13384299520.0
2007-06-12,4011.679,4073.1809,3910.001,4072.1379,14947200000.0
2007-06-13,4110.7422,4193.4458,4102.041,4176.48,16694899712.0
2007-06-14,4162.207,4179.7251,4085.7849,4115.209,13838600192.0
2007-06-15,4085.656,4152.543,4067.3569,4132.8691,10866599936.0
2007-06-18,4195.3911,4267.7402,4193.314,4253.3481,12897800192.0
2007-06-19,4247.7451,4280.8501,4209.5752,4269.5239,12458200064.0
2007-06-20,4269.4551,4311.9971,4164.2749,4181.3232,13521300480.0
2007-06-21,4170.894,4256.542,4147.0542,4230.8232,11292000256.0
2007-06-22,4230.9668,4249.4312,4024.489,4091.4451,11969200128.0
2007-06-25,4102.7871,4131.1299,3912.4221,3941.0811,10160700416.0
2007-06-26,3863.248,3976.1909,3818.853,3973.3711,9381699584.0
2007-06-27,3985.7161,4090.7151,3948.2871,4078.5991,9511300096.0
2007-06-28,4080.1941,4113.2832,3912.814,3914.2041,9783199744.0
2007-06-29,3824.29,3919.345,3779.813,3820.7029,8609999872.0
2007-07-02,3800.2329,3859.8611,3724.187,3836.2939,7425399808.0
2007-07-03,3854.7161,3906.761,3821.4629,3899.7241,6974900224.0
2007-07-04,3906.012,3916.4751,3800.2749,3816.165,5647499776.0
2007-07-05,3769.6389,3778.3989,3614.531,3615.8721,6340599808.0
2007-07-06,3599.8181,3785.3459,3563.5439,3781.3479,8073699840.0
2007-07-09,3809.6699,3900.9041,3782.7329,3883.2161,8348100096.0
2007-07-10,3895.9089,3929.416,3841.801,3853.021,7656300032.0
2007-07-11,3837.7959,3879.292,3812.1379,3865.7229,5135399936.0
2007-07-12,3874.0391,3925.604,3861.0371,3915.991,5515800064.0
2007-07-13,3920.8269,3935.5061,3878.1841,3914.395,4602399744.0
2007-07-16,3920.6531,3931.8679,3820.574,3821.916,4761500160.0
2007-07-17,3809.5581,3919.7771,3767.2219,3896.1909,4871199744.0
2007-07-18,3880.8521,3971.6101,3861.907,3930.0601,6287200256.0
2007-07-19,3918.5391,3947.3301,3887.5891,3912.9409,4873800192.0
2007-07-20,3918.4089,4062.116,3918.4089,4058.853,8311099904.0
2007-07-23,4091.2419,4220.3218,4091.2419,4213.3608,12166899712.0
2007-07-24,4238.3198,4284.8291,4192.7202,4210.3291,11098900480.0
2007-07-25,4212.9502,4325.3779,4212.23,4323.9658,9395000320.0
2007-07-26,4347.7778,4371.5122,4304.1929,4346.458,9921099776.0
2007-07-27,4315.373,4357.3428,4268.7881,4345.3569,10024599552.0
2007-07-30,4348.6069,4450.188,4345.793,4440.769,11258999808.0
2007-07-31,4432.2651,4476.626,4379.1992,4471.0322,10856099840.0
2007-08-01,4488.7739,4502.2959,4284.8711,4300.563,12629300224.0
2007-08-02,4316.5669,4431.8501,4290.8091,4407.73,9827900416.0
2007-08-03,4440.9761,4562.688,4438.9629,4560.7739,11511700480.0
2007-08-06,4600.1182,4629.9678,4564.313,4628.1079,11170799616.0
2007-08-07,4642.0098,4687.4351,4581.2939,4651.2251,11618100224.0
2007-08-08,4614.5859,4711.3159,4568.6948,4663.1621,11890899968.0
2007-08-09,4658.5918,4768.8862,4658.5918,4754.0952,9765999616.0
2007-08-10,4745.1812,4769.6191,4640.7661,4749.3691,10186699776.0
2007-08-13,4768.6191,4872.5479,4728.8921,4820.064,11418500096.0
2007-08-14,4820.1499,4876.8511,4789.895,4872.7852,8856800256.0
2007-08-15,4875.5112,4916.3101,4762.7178,4869.8828,9050999808.0
2007-08-16,4845.0161,4845.0161,4710.3101,4765.4482,9053800448.0
2007-08-17,4733.1372,4814.3691,4646.4331,4656.5742,9115899904.0
2007-08-20,4773.832,4906.0029,4758.397,4904.855,9915299840.0
2007-08-21,4944.2139,4982.981,4917.8208,4955.207,10420400128.0
2007-08-22,4876.3452,4999.1948,4861.271,4980.0752,10811100160.0
2007-08-23,5002.8408,5050.3828,4968.3271,5032.4941,9930900480.0
2007-08-24,5070.6509,5125.3589,5052.2412,5107.668,10899600384.0
2007-08-27,5144.8242,5192.061,5092.0762,5150.1182,11615399936.0
2007-08-28,5134.1411,5209.5068,5058.4458,5194.689,10543699968.0
2007-08-29,5147.7129,5204.5259,5063.4121,5109.4268,10082400256.0
2007-08-30,5144.1108,5186.5259,5109.6621,5167.8838,10121100288.0
2007-08-31,5184.0908,5235.1572,5158.3682,5218.8252,10355600384.0
2007-09-03,5257.7769,5327.5381,5257.7769,5321.0552,12577999872.0
2007-09-04,5333.3999,5357.9258,5264.9961,5294.0449,12042600448.0
2007-09-05,5296.0698,5337.9292,5223.6699,5310.7158,9624099840.0
2007-09-06,5336.6689,5412.3188,5314.3369,5393.6602,10698800128.0
2007-09-07,5381.186,5405.3579,5269.25,5277.1758,11984100352.0
2007-09-10,5208.3179,5356.856,5169.9048,5355.2871,10236800000.0
2007-09-11,5362.9409,5395.0381,5093.9229,5113.9678,11005500416.0
2007-09-12,5092.5762,5192.3018,5025.3359,5172.627,9705900032.0
2007-09-13,5193.4092,5276.771,5178.8711,5273.5918,8654999552.0
2007-09-14,5290.2559,5324.439,5201.854,5312.1821,9467400192.0
2007-09-17,5309.0571,5427.1709,5307.7739,5421.3921,10563900416.0
2007-09-18,5446.7319,5458.5781,5339.917,5425.208,10269100032.0
2007-09-19,5439.0181,5447.3599,5336.0698,5395.2651,8972600320.0
2007-09-20,5408.4839,5482.4248,5396.1089,5470.0649,8654699520.0
2007-09-21,5482.5068,5489.0742,5363.3472,5454.6738,9283900416.0
2007-09-24,5469.8369,5506.064,5404.4189,5485.0132,8179800064.0
2007-09-25,5500.269,5509.2339,5396.4819,5425.8799,9651000320.0
2007-09-26,5407.8291,5463.8989,5320.02,5338.52,6360900096.0
2007-09-27,5338.1079,5411.189,5306.8232,5409.4028,5888399872.0
2007-09-28,5461.5801,5560.417,5461.5801,5552.3008,8063099904.0
2007-10-08,5683.3101,5729.9629,5620.0,5692.7549,9598300160.0
2007-10-09,5678.9131,5725.4072,5628.3501,5715.8921,8328900096.0
2007-10-10,5742.6479,5860.8589,5727.2378,5771.4639,9244499968.0
2007-10-11,5798.3862,5914.772,5755.9902,5913.23,9470999552.0
2007-10-12,5950.9019,5959.3638,5658.812,5903.2642,11914800128.0
2007-10-15,5934.7749,6039.042,5866.1309,6030.0859,9870699520.0
2007-10-16,6056.9458,6124.0439,6040.7129,6092.0571,8815200256.0
2007-10-17,6057.4282,6088.8921,5982.2031,6036.2808,7131299840.0
2007-10-18,6031.916,6055.4731,5804.9731,5825.2822,6980499968.0
2007-10-19,5869.124,5932.1099,5766.8608,5818.0469,5522500096.0
2007-10-22,5742.791,5804.8359,5654.9072,5667.332,5443400192.0
2007-10-23,5660.0659,5776.0161,5574.8398,5773.3872,5845400064.0
2007-10-24,5804.0151,5906.6948,5793.5571,5843.1089,6029300224.0
2007-10-25,5794.2231,5819.8838,5546.041,5562.394,7171400192.0
2007-10-26,5498.8579,5628.834,5462.0132,5589.6309,5151900160.0
2007-10-29,5641.9829,5750.2539,5617.9761,5747.9971,5016399872.0
2007-10-30,5769.2031,5899.6499,5701.3369,5897.1929,5427899904.0
2007-10-31,5984.7129,6002.1182,5871.48,5954.7651,7103000064.0
2007-11-01,5978.939,6005.1309,5912.502,5914.2852,6488500224.0
2007-11-02,5812.4648,5860.5942,5740.4028,5777.8091,5954200064.0
2007-11-05,5710.0,5785.0,5606.0,5634.4502,6413300224.0
2007-11-06,5593.3472,5649.752,5510.1611,5536.5688,4506800128.0
2007-11-07,5565.6479,5610.9531,5469.7612,5601.7832,4272999936.0
2007-11-08,5559.1509,5559.1509,5328.2012,5330.0229,4892499968.0
2007-11-09,5276.0078,5382.6968,5217.6289,5315.54,4734099968.0
2007-11-12,5182.0,5250.0,5040.0,5187.73,5258299904.0
2007-11-13,5239.3428,5311.6982,5085.4438,5158.1182,4923700224.0
2007-11-14,5246.5742,5414.6089,5165.063,5412.6938,5099299840.0
2007-11-15,5391.0171,5453.7402,5338.9048,5365.2671,4781899776.0
2007-11-16,5273.082,5335.5132,5224.313,5316.2739,3738700032.0
2007-11-19,5325.0,5325.0,5241.5,5269.8198,4109799936.0
2007-11-20,5230.7422,5338.1729,5158.542,5293.7031,4905699840.0
2007-11-21,5307.5,5343.0,5210.0,5214.0,4123200000.0
2007-11-22,5113.8818,5154.8579,4969.894,4984.1611,4036999936.0
2007-11-23,4946.2578,5034.2251,4896.9878,5032.1299,3087300096.0
2007-11-26,5102.5,5110.5,4953.5,4958.75,3675599872.0
2007-11-27,4919.9131,4947.0762,4857.0381,4861.1108,3083399936.0
2007-11-28,4870.8398,4907.75,4778.7202,4803.3901,3275699968.0
2007-11-29,4870.8608,5011.1938,4814.7832,5003.333,5007200256.0
2007-11-30,4994.0,4994.0,4862.0,4871.75,4331500032.0
2007-12-03,4838.0,4881.5,4799.0,4868.5,5375099904.0
2007-12-04,4882.1489,4971.4038,4882.1489,4915.8892,4283599872.0
2007-12-05,4917.3652,5052.748,4893.3232,5042.6538,5430000128.0
2007-12-06,5055.835,5065.5098,4995.4722,5035.0732,4315899904.0
2007-12-07,5038.478,5096.7988,5021.3662,5091.7559,4996199936.0
2007-12-10,5010.8262,5168.7642,4990.7178,5161.9189,6881800192.0
2007-12-11,5180.541,5209.7051,5103.7471,5175.0762,6684800000.0
2007-12-12,5148.2539,5149.9312,5054.5649,5095.543,7215600128.0
2007-12-13,5078.1821,5095.1519,4954.3569,4958.043,6728300032.0
2007-12-14,4899.75,5011.2012,4860.1558,5007.9111,5305299968.0
2007-12-17,5007.2852,5007.3462,4874.624,4876.7612,6354699776.0
2007-12-18,4856.4712,4905.4922,4812.1558,4836.1738,4055800064.0
2007-12-19,4878.0659,4960.417,4868.354,4941.7842,5627599872.0
2007-12-20,4965.29,5050.7852,4923.2949,5043.5352,5774300160.0
2007-12-21,5017.1948,5112.3882,5013.7588,5101.7788,6614300160.0
2007-12-24,5132.9131,5284.3398,5104.645,5234.2622,8508000256.0
2007-12-25,5233.1748,5254.4048,5178.8008,5201.1812,7102400000.0
2007-12-26,5209.0352,5262.5918,5158.7559,5233.3511,7445899776.0
2007-12-27,5248.2222,5316.5229,5203.502,5308.8892,8732399616.0
2007-12-28,5320.0068,5336.499,5248.6919,5261.563,7718700032.0
2007-12-31,5261.563,5261.563,5261.563,5261.563,0.0
2008-01-02,5265.0,5295.0161,5201.8921,5272.814,7656699904.0
2008-01-03,5269.8008,5321.457,5211.0459,5319.8608,9850999808.0
2008-01-04,5328.4111,5372.4609,5318.4609,5361.5742,8087499776.0
2008-01-07,5357.4502,5403.3491,5332.5972,5393.3428,9193299968.0
2008-01-08,5414.5581,5480.0698,5344.6479,5386.5308,10247799808.0
2008-01-09,5365.2222,5437.7642,5346.8462,5435.8071,7680600064.0
2008-01-10,5449.1602,5483.8271,5407.3071,5456.541,9655300096.0
2008-01-11,5471.3872,5500.061,5423.8071,5484.6768,8772500480.0
2008-01-14,5507.5781,5522.7778,5456.9292,5497.9009,7871399936.0
2008-01-15,5503.9312,5505.0352,5405.5952,5443.791,8072000000.0
2008-01-16,5395.2769,5396.0439,5288.7651,5290.606,8927800320.0
2008-01-17,5235.9082,5312.2871,5039.7861,5151.626,9894200320.0
2008-01-18,5141.3711,5187.605,5093.1338,5180.5142,6863600128.0
2008-01-21,5188.7949,5200.9258,4891.2852,4914.4351,7564400128.0
2008-01-22,4817.9971,4817.9971,4511.9531,4559.751,9249099776.0
2008-01-23,4572.9019,4705.0732,4510.5039,4703.0469,8796399616.0
2008-01-24,4753.4448,4767.7988,4625.46,4717.7339,9003799552.0
2008-01-25,4716.9771,4806.8892,4657.709,4761.688,7792799744.0
2008-01-28,4720.564,4720.564,4409.0791,4419.2939,6935000064.0
2008-01-29,4426.2671,4517.6011,4389.5171,4457.9438,5035599872.0
2008-01-30,4505.6348,4554.3428,4330.6968,4417.8491,5507999744.0
2008-01-31,4408.0239,4487.3179,4368.2959,4383.3931,4514200064.0
2008-02-01,4388.2539,4411.7041,4195.7529,4320.7671,5930699776.0
2008-02-04,4415.0229,4672.2139,4415.0229,4672.1699,6337500160.0
2008-02-05,4622.5391,4662.9712,4550.4292,4599.6958,5262000128.0
2008-02-13,4525.0259,4547.5391,4454.6421,4490.7212,3691399936.0
2008-02-14,4527.0542,4576.9829,4507.9429,4552.3159,3491300096.0
2008-02-15,4523.792,4523.792,4431.4629,4497.127,4138700032.0
2008-02-18,4546.752,4601.2241,4517.5962,4568.1509,5582499840.0
2008-02-19,4582.2842,4665.5542,4544.9438,4664.2949,6066299904.0
2008-02-20,4682.5879,4695.8018,4556.814,4567.0259,6647499776.0
2008-02-21,4534.1689,4568.208,4452.6748,4527.1768,6130899968.0
2008-02-22,4500.3848,4500.3848,4333.0332,4370.2852,6760200192.0
2008-02-25,4370.188,4391.333,4182.7739,4192.5332,5881200128.0
2008-02-26,4302.7349,4331.6401,4123.3052,4238.1792,5568699904.0
2008-02-27,4256.5322,4360.7002,4222.459,4334.0469,5052499968.0
2008-02-28,4343.2769,4344.9258,4265.498,4299.5132,4792200192.0
2008-02-29,4293.5332,4364.814,4275.8989,4348.543,4783499776.0
2008-03-03,4323.6982,4456.9629,4279.3452,4438.2651,7851400192.0
2008-03-04,4454.1802,4472.1509,4321.2661,4335.4458,8695700480.0
2008-03-05,4316.25,4352.8218,4210.9629,4292.6538,7410999808.0
2008-03-06,4310.354,4427.498,4260.7871,4360.9858,8493199872.0
2008-03-07,4315.8081,4341.2949,4265.8291,4300.5151,5674699776.0
2008-03-10,4265.6108,4265.6108,4120.5298,4146.2988,6568200192.0
2008-03-11,4121.6528,4165.915,4063.47,4165.8779,5133300224.0
2008-03-12,4254.6729,4272.979,4068.781,4070.116,5722399744.0
2008-03-13,4033.3191,4055.446,3902.248,3971.2571,6365300224.0
2008-03-14,3956.7461,4000.78,3891.7,3962.6731,4140699904.0
2008-03-17,3941.2581,3941.2581,3812.999,3820.0481,4910000128.0
2008-03-18,3789.5649,3862.772,3607.25,3668.897,5786100224.0
2008-03-19,3746.0471,3813.885,3677.8169,3761.605,6158700032.0
2008-03-20,3721.5039,3857.6201,3516.3301,3804.054,7326300160.0
2008-03-21,3790.1111,3838.0581,3746.395,3796.5759,6509300224.0
2008-03-24,3830.3459,3840.479,3624.936,3626.188,5896000000.0
2008-03-25,3559.9419,3659.21,3521.5281,3629.6189,5276499968.0
2008-03-26,3644.1299,3698.325,3591.1079,3606.8569,4625200128.0
2008-03-27,3541.2759,3541.2759,3407.896,3411.4929,5506999808.0
2008-03-28,3378.6279,3590.7529,3357.229,3580.146,6329200128.0
2008-03-31,3465.908,3555.824,3445.5559,3472.7129,4711300096.0
2008-04-01,3461.085,3493.1331,3308.9021,3329.1621,5483100160.0
2008-04-02,3370.604,3464.531,3283.6399,3347.8821,6548700160.0
2008-04-03,3323.426,3456.948,3271.29,3446.2439,5088900096.0
2008-04-07,3418.5161,3613.48,3386.512,3599.6179,6099500032.0
2008-04-08,3604.2629,3656.9609,3563.8501,3612.5391,6548499968.0
2008-04-09,3585.8469,3606.887,3413.072,3413.907,5985200128.0
2008-04-10,3378.1389,3474.312,3344.8701,3471.7429,4545500160.0
2008-04-11,3498.5549,3517.8181,3462.136,3492.8931,4328399872.0
2008-04-14,3419.0471,3427.884,3285.2981,3296.6721,5031199744.0
2008-04-15,3282.572,3349.76,3212.1499,3348.353,4466800128.0
2008-04-16,3349.9309,3363.2161,3283.0779,3291.5991,4009100032.0
2008-04-17,3286.4141,3352.9509,3180.199,3222.741,4584300032.0
2008-04-18,3200.5701,3203.71,3078.1741,3094.668,4366499840.0
2008-04-21,3305.1521,3305.168,3073.563,3116.9771,5995500032.0
2008-04-22,3076.7151,3148.731,2990.7881,3147.793,4878700032.0
2008-04-23,3116.4121,3296.717,3089.8931,3278.3301,6623499776.0
2008-04-24,3539.8679,3593.197,3461.6431,3583.0281,14206600192.0
2008-04-25,3572.5471,3658.551,3527.8379,3557.749,12962100224.0
2008-04-28,3497.3831,3530.905,3460.2549,3474.7219,7574499840.0
2008-04-29,3457.3511,3544.229,3453.2791,3523.405,6717499904.0
2008-04-30,3545.573,3705.093,3543.019,3693.106,10761799680.0
2008-05-05,3739.7971,3768.2161,3696.697,3761.009,9969699840.0
2008-05-06,3735.8491,3786.0239,3680.99,3733.5029,9893199872.0
2008-05-07,3716.446,3774.0659,3577.991,3579.147,9049700352.0
2008-05-08,3656.8391,3656.8391,3656.8391,3656.8391,7517300224.0
2008-05-09,3682.9551,3693.1599,3552.4729,3613.4939,8789799936.0
2008-05-12,3626.9819,3626.9819,3626.9819,3626.9819,7989100032.0
2008-05-13,3515.7109,3615.0601,3508.3201,3560.2429,9074700288.0
2008-05-14,3549.668,3661.9709,3549.668,3657.4319,8859199488.0
2008-05-15,3676.8391,3706.7219,3636.2241,3637.324,8395500032.0
2008-05-16,3637.636,3661.071,3582.5,3624.2329,6481299968.0
2008-05-19,3615.594,3624.844,3563.6089,3604.761,4845000192.0
2008-05-20,3601.5491,3632.0061,3432.3821,3443.1621,6637700096.0
2008-05-21,3414.344,3560.5281,3355.084,3544.186,7364100096.0
2008-05-22,3493.0669,3558.019,3469.792,3485.6299,6850500096.0
2008-05-23,3473.801,3521.3931,3435.8411,3473.0911,5995100160.0
2008-05-26,3442.291,3443.988,3361.9851,3364.5439,5277700096.0
2008-05-27,3355.114,3383.679,3333.9509,3375.407,4249900032.0
2008-05-28,3382.7739,3486.332,3354.2539,3459.0259,5247699968.0
2008-05-29,3447.7681,3481.7339,3400.7729,3401.437,5144000000.0
2008-05-30,3414.2539,3450.4929,3390.8831,3433.354,4849500160.0
2008-06-02,3426.1951,3483.6101,3400.7229,3459.0439,4918600192.0
2008-06-03,3456.5801,3469.063,3409.2261,3436.3979,5664200192.0
2008-06-04,3424.0371,3428.467,3341.739,3369.9131,4803800064.0
2008-06-05,3355.928,3376.3411,3326.5371,3351.645,4183500032.0
2008-06-06,3362.0049,3371.283,3312.7209,3329.6699,3476300032.0
2008-06-10,3202.113,3215.501,3045.0581,3072.333,5090999808.0
2008-06-11,3042.158,3064.2,2992.3511,3024.24,4693899776.0
2008-06-12,3011.5581,3031.064,2900.116,2957.532,4953600000.0
2008-06-13,2960.905,2976.45,2865.5,2868.8,4106899968.0
2008-06-16,2876.2939,2917.8101,2811.7161,2874.103,4038599936.0
2008-06-17,2873.1289,2893.4709,2769.1179,2794.751,4329800192.0
2008-06-18,2772.3669,2945.4221,2729.7109,2941.115,6634999808.0
2008-06-19,2921.7209,2921.7209,2742.1509,2748.874,5679600128.0
2008-06-20,2811.084,2917.325,2695.6279,2831.7361,7415699968.0
2008-06-23,2780.1479,2813.137,2741.1899,2760.417,4067000064.0
2008-06-24,2747.322,2817.168,2728.8301,2803.019,4838700032.0
2008-06-25,2794.04,2910.481,2784.416,2905.0139,6481900032.0
2008-06-26,2904.094,2931.3059,2851.116,2901.8501,6551900160.0
2008-06-27,2809.3091,2822.2639,2723.158,2748.4319,6053000192.0
2008-06-30,2724.4041,2766.803,2693.4041,2736.103,3851899904.0
2008-07-01,2743.1641,2753.3301,2644.7759,2651.605,4068100096.0
2008-07-02,2656.0381,2700.9031,2627.8979,2651.7251,4018200064.0
2008-07-03,2610.8149,2746.3689,2566.5281,2703.5291,6814700032.0
2008-07-04,2691.207,2713.4761,2645.8291,2669.8921,5729200128.0
2008-07-07,2673.55,2801.5339,2673.55,2792.397,7740599808.0
2008-07-08,2805.6079,2843.603,2754.616,2814.947,8020499968.0
2008-07-09,2838.863,2920.5459,2838.863,2920.5459,9702599680.0
2008-07-10,2879.624,2952.0391,2862.0591,2875.45,9090499584.0
2008-07-11,2863.813,2888.2871,2821.311,2856.634,6482100224.0
2008-07-14,2837.4951,2895.302,2828.2361,2878.2561,5446600192.0
2008-07-15,2886.1121,2896.3279,2769.9141,2779.448,7091500032.0
2008-07-16,2753.8979,2765.1479,2656.613,2705.8669,6004400128.0
2008-07-17,2747.9509,2773.281,2676.1489,2684.7781,5084199936.0
2008-07-18,2711.7419,2785.53,2665.907,2778.3669,5787400192.0
2008-07-21,2759.8831,2865.0649,2745.6421,2861.418,6648800256.0
2008-07-22,2852.4419,2868.6211,2830.7649,2846.1169,6151900160.0
2008-07-23,2870.9341,2887.5759,2831.1111,2837.8491,6149799936.0
2008-07-24,2861.8101,2912.7019,2846.1169,2846.1169,7250500096.0
2008-07-25,2875.77,2888.5779,2851.929,2865.1011,6253100032.0
2008-07-28,2883.761,2924.447,2883.761,2903.012,6231900160.0
2008-07-29,2868.0081,2868.0081,2827.697,2850.311,5863199744.0
2008-07-30,2884.5859,2894.3689,2822.188,2836.668,4894700032.0
2008-07-31,2844.6509,2847.9961,2774.104,2775.717,4453000192.0
2008-08-01,2751.02,2830.7639,2721.9519,2801.8169,4921500160.0
2008-08-04,2782.9851,2793.2571,2738.8501,2741.74,3716999936.0
2008-08-05,2751.2,2762.2629,2684.7339,2690.7461,4237900032.0
2008-08-06,2711.6021,2743.113,2678.8621,2719.3679,4060600064.0
2008-08-07,2717.502,2742.7051,2691.355,2727.5769,3949199872.0
2008-08-08,2724.4299,2725.9309,2595.917,2605.719,4850699776.0
2008-08-11,2595.895,2601.502,2453.707,2470.074,4716100096.0
2008-08-12,2445.2161,2484.7461,2430.8491,2457.198,3663300096.0
2008-08-13,2440.5249,2458.769,2370.7371,2446.2971,4100499968.0
2008-08-14,2432.197,2454.251,2409.01,2437.082,3130500096.0
2008-08-15,2434.408,2476.8579,2414.573,2450.6101,3129600000.0
2008-08-18,2451.7781,2455.5039,2318.926,2319.8679,5365700096.0
2008-08-19,2297.2451,2355.929,2284.585,2344.469,3859399936.0
2008-08-20,2332.4839,2523.469,2306.6621,2523.282,7373700096.0
2008-08-21,2484.4851,2518.4431,2431.0459,2431.7161,6133199872.0
2008-08-22,2414.459,2426.707,2362.093,2405.2261,4628499968.0
2008-08-25,2408.095,2443.99,2382.291,2413.374,3375699968.0
2008-08-26,2384.946,2403.0161,2327.22,2350.084,4097900032.0
2008-08-27,2343.8821,2385.991,2310.4551,2342.147,4095300096.0
2008-08-28,2341.9561,2374.2461,2333.03,2350.1431,3475300096.0
2008-08-29,2361.0459,2420.8479,2352.0991,2397.3689,4640600064.0
2008-09-01,2380.468,2380.468,2311.7271,2325.135,3626500096.0
2008-09-02,2312.1021,2329.009,2284.9199,2304.8911,3419000064.0
2008-09-03,2301.9409,2321.5349,2248.0669,2276.6721,4224999936.0
2008-09-04,2270.5239,2295.355,2249.1201,2277.4109,3416300032.0
2008-09-05,2224.5271,2238.324,2199.365,2202.446,3860800000.0
2008-09-08,2210.344,2220.5459,2135.375,2143.4209,3766899968.0
2008-09-09,2152.2771,2161.3501,2114.5029,2145.7791,3072300032.0
2008-09-10,2131.8,2185.6941,2102.906,2150.759,3901199872.0
2008-09-11,2143.3999,2148.124,2070.427,2078.981,3644199936.0
2008-09-12,2077.55,2104.6299,2064.29,2079.6699,3031200000.0
2008-09-16,2049.813,2049.813,1974.3879,1986.636,4622300160.0
2008-09-17,1971.944,1999.953,1922.6801,1929.047,4585299968.0
2008-09-18,1876.1219,1942.8459,1802.3311,1895.837,6633299968.0
2008-09-19,2067.6431,2075.0911,2043.316,2075.0911,5843400192.0
2008-09-22,2241.7229,2269.7329,2164.7981,2236.4099,13993100288.0
2008-09-23,2209.1221,2253.395,2181.96,2201.51,10016499712.0
2008-09-24,2133.0979,2218.291,2116.96,2216.811,6454799872.0
2008-09-25,2214.584,2333.2771,2211.45,2297.501,10122999808.0
2008-09-26,2304.1189,2310.4451,2246.2791,2293.7839,7825900032.0
2008-10-06,2267.394,2267.394,2172.5691,2173.738,6093799936.0
2008-10-07,2101.093,2182.998,2072.896,2157.8391,5690299904.0
2008-10-08,2095.9109,2127.085,2059.0859,2092.2241,5075899904.0
2008-10-09,2125.5669,2130.8701,2063.408,2074.583,4507100160.0
2008-10-10,1995.957,2027.8311,1963.183,2000.572,5407799808.0
2008-10-13,1978.5601,2074.468,1931.472,2073.5681,5663399936.0
2008-10-14,2139.0649,2146.73,2016.184,2017.321,6804199936.0
2008-10-15,1995.885,2013.491,1963.103,1994.667,4081799936.0
2008-10-16,1916.1331,1943.3199,1901.5031,1909.941,5067200000.0
2008-10-17,1921.842,1941.299,1902.598,1930.651,3864699904.0
2008-10-20,1924.177,1979.839,1890.92,1974.006,4456999936.0
2008-10-21,1978.674,1996.658,1956.11,1958.5291,5409699840.0
2008-10-22,1932.677,1950.791,1894.3101,1895.822,4831000064.0
2008-10-23,1851.259,1879.849,1828.308,1875.561,4783000064.0
2008-10-24,1875.631,1888.101,1825.526,1839.621,4624500224.0
2008-10-27,1809.225,1809.225,1721.604,1723.351,5053499904.0
2008-10-28,1671.396,1786.4351,1664.925,1771.821,5984699904.0
2008-10-29,1786.2,1795.087,1719.335,1719.812,5218899968.0
2008-10-30,1732.772,1788.204,1710.726,1763.6071,5356100096.0
2008-10-31,1754.2061,1765.679,1721.59,1728.786,4022000128.0
2008-11-03,1713.7629,1750.319,1702.981,1719.774,3585799936.0
2008-11-04,1707.925,1717.101,1678.957,1706.703,3925299968.0
2008-11-05,1716.219,1788.2581,1716.219,1760.609,6031799808.0
2008-11-06,1720.421,1728.219,1703.099,1717.722,4568099840.0
2008-11-07,1686.524,1762.233,1680.6021,1747.713,4680800256.0
2008-11-10,1782.3051,1876.162,1782.3051,1874.801,9127300096.0
2008-11-11,1872.067,1887.795,1840.916,1843.6071,9087899648.0
2008-11-12,1820.439,1863.896,1815.076,1859.11,6587299840.0
2008-11-13,1837.274,1942.897,1825.8831,1927.613,12106699776.0
2008-11-14,1943.964,1987.261,1921.8361,1986.438,13043900416.0
2008-11-17,1981.264,2031.103,1963.854,2030.485,13684100096.0
2008-11-18,2020.986,2050.8789,1889.865,1902.4301,15669900288.0
2008-11-19,1889.351,2023.911,1883.835,2017.474,12881000448.0
2008-11-20,1977.208,2030.868,1956.734,1983.76,13084099584.0
2008-11-21,1932.5959,2013.179,1893.147,1969.389,12712299520.0
2008-11-24,1961.2061,1974.47,1893.343,1897.0601,8451899904.0
2008-11-25,1925.248,1939.369,1858.165,1888.715,6954100224.0
2008-11-26,1890.333,1914.708,1873.179,1897.884,6513999872.0
2008-11-27,2012.686,2022.483,1916.4659,1917.861,12233700352.0
2008-11-28,1901.675,1915.274,1856.286,1871.156,7772199936.0
2008-12-01,1865.743,1895.756,1838.1,1894.615,8189000192.0
2008-12-02,1856.97,1907.775,1846.533,1889.6379,10428900352.0
2008-12-03,1903.429,1965.83,1902.9399,1965.4139,13491600384.0
2008-12-04,1992.72,2055.207,1985.198,2001.504,17595199488.0
2008-12-05,1984.2581,2019.748,1975.7111,2018.656,11848999936.0
2008-12-08,2049.1621,2091.2839,2038.189,2090.7729,16497300480.0
2008-12-09,2100.772,2100.8059,2036.889,2037.74,14533399552.0
2008-12-10,2025.027,2079.552,2005.558,2079.1169,12825100288.0
2008-12-11,2072.5769,2087.196,2028.726,2031.681,12169700352.0
2008-12-12,2014.58,2023.177,1932.272,1954.215,10814799872.0
2008-12-15,1977.028,1989.303,1936.561,1964.374,8153699840.0
2008-12-16,1948.859,1976.719,1907.826,1975.006,7832900096.0
2008-12-17,1983.8361,2003.375,1971.816,1976.819,9724699648.0
2008-12-18,1978.974,2016.569,1958.975,2015.694,9216000000.0
2008-12-19,2006.208,2038.657,1997.12,2018.463,10218300416.0
2008-12-22,2016.454,2016.454,1965.354,1987.755,8682099712.0
2008-12-23,1990.049,1990.049,1895.178,1897.225,9898600448.0
2008-12-24,1873.577,1887.314,1850.855,1863.8,7449600000.0
2008-12-25,1865.7209,1877.7679,1832.355,1852.4189,6456600064.0
2008-12-26,1852.911,1866.63,1840.191,1851.5179,5325599744.0
2008-12-29,1846.304,1856.334,1815.407,1850.48,5502099968.0
2008-12-30,1851.9091,1862.937,1826.98,1832.91,5646600192.0
2008-12-31,1834.949,1844.3669,1814.752,1820.8051,5039600128.0
2009-01-05,1849.02,1880.7159,1844.094,1880.7159,6713699840.0
2009-01-06,1878.827,1938.6899,1871.9709,1937.145,9906700288.0
2009-01-07,1938.974,1948.233,1920.515,1924.012,9235999744.0
2009-01-08,1890.2419,1894.171,1862.2629,1878.181,8037400064.0
2009-01-09,1875.1639,1909.349,1875.1639,1904.861,7122500096.0
2009-01-12,1897.703,1924.441,1886.833,1900.347,8364599808.0
2009-01-13,1880.868,1888.309,1861.811,1863.3669,7383600128.0
2009-01-14,1862.3101,1929.276,1862.309,1928.869,8791799808.0
2009-01-15,1912.772,1937.728,1902.542,1920.2061,11598399488.0
2009-01-16,1928.922,1984.728,1928.922,1954.438,13297300480.0
2009-01-19,1971.0,2018.51,1966.188,1986.672,10940099584.0
2009-01-20,1981.147,1994.809,1956.1021,1994.1071,7456500224.0
2009-01-21,1965.944,2007.911,1960.5291,1985.016,8728899584.0
2009-01-22,1996.0861,2009.851,1980.438,2004.951,8828399616.0
2009-01-23,2001.172,2008.788,1986.348,1990.657,8596799488.0
2009-02-02,2008.134,2012.7419,1987.129,2011.683,8476599808.0
2009-02-03,2011.77,2060.925,2005.022,2060.8081,13440799744.0
2009-02-04,2068.0859,2108.2571,2067.7859,2107.749,15178600448.0
2009-02-05,2106.835,2149.4761,2082.5959,2098.0181,16535199744.0
2009-02-06,2102.0779,2185.0859,2102.0779,2181.239,16085999616.0
2009-02-09,2211.3169,2238.894,2196.708,2224.7141,19231299584.0
2009-02-10,2218.489,2266.3979,2197.0071,2265.1609,17258700800.0
2009-02-11,2230.49,2305.7051,2218.2971,2260.8201,20932800512.0
2009-02-12,2265.7891,2274.2009,2191.887,2248.0911,17397700608.0
2009-02-13,2249.1851,2323.1201,2236.178,2320.792,19971600384.0
2009-02-16,2338.7581,2389.8779,2328.179,2389.387,21142800384.0
2009-02-17,2387.354,2402.8069,2316.9341,2319.4409,19811799040.0
2009-02-18,2271.26,2295.741,2206.062,2209.8621,16246200320.0
2009-02-19,2224.49,2247.616,2190.4729,2227.125,12984399872.0
2009-02-20,2234.365,2262.332,2206.2109,2261.478,12893800448.0
2009-02-23,2249.2891,2313.594,2219.7141,2305.7771,16028900352.0
2009-02-24,2273.7549,2295.5901,2193.2681,2200.6541,18385299456.0
2009-02-25,2222.5061,2234.0181,2142.6011,2206.574,15237699584.0
2009-02-26,2201.6721,2237.5471,2102.3459,2121.251,14863899648.0
2009-02-27,2100.063,2123.2439,2064.918,2082.8521,12290499584.0
2009-03-02,2066.229,2102.1121,2052.9919,2093.447,8746300416.0
2009-03-03,2047.213,2088.6279,2037.024,2071.4309,9778199552.0
2009-03-04,2076.616,2201.7271,2076.616,2198.1069,15481100288.0
2009-03-05,2220.1499,2241.761,2173.491,2221.0759,18244100096.0
2009-03-06,2180.7881,2221.04,2171.668,2193.0071,12386299904.0
2009-03-09,2205.7461,2232.6741,2116.4529,2118.748,12430100480.0
2009-03-10,2097.1389,2159.2681,2088.1621,2158.5681,8393999872.0
2009-03-11,2199.9829,2203.5339,2133.1411,2139.0249,10372299776.0
2009-03-12,2127.7261,2136.7949,2086.0181,2133.8811,8721300480.0
2009-03-13,2148.418,2166.022,2124.979,2128.8479,8350499840.0
2009-03-16,2122.408,2158.8999,2108.6121,2153.291,7338299904.0
2009-03-17,2156.7739,2225.1919,2151.7759,2218.3259,13080500224.0
2009-03-18,2227.981,2255.009,2221.5879,2223.7251,14699499520.0
2009-03-19,2227.344,2268.144,2220.1641,2265.759,14582200320.0
2009-03-20,2272.437,2294.1169,2250.405,2281.0869,15052399616.0
2009-03-23,2286.2461,2329.1831,2276.8101,2325.48,16005999616.0
2009-03-24,2359.679,2369.4541,2327.4299,2338.4199,16272700416.0
2009-03-25,2333.1631,2355.6899,2291.3589,2291.5549,14484200448.0
2009-03-26,2296.0471,2362.0481,2274.895,2361.7041,15855699968.0
2009-03-27,2380.626,2392.769,2361.0911,2374.438,18652798976.0
2009-03-30,2377.9641,2380.1941,2348.5271,2358.04,13988100096.0
2009-03-31,2313.8831,2375.7119,2299.158,2373.2129,14269500416.0
2009-04-01,2380.979,2422.625,2380.979,2408.0171,17985800192.0
2009-04-02,2417.217,2450.0029,2417.1111,2425.291,18838599680.0
2009-04-03,2446.124,2456.811,2406.4961,2419.7781,17025200128.0
2009-04-07,2422.1001,2449.5371,2407.5061,2439.1819,12420899840.0
2009-04-08,2429.8789,2435.3879,2346.5371,2347.385,14680899584.0
2009-04-09,2345.009,2380.9351,2331.877,2379.876,11323499520.0
2009-04-10,2400.0139,2444.981,2392.8,2444.2261,15749099520.0
2009-04-13,2468.083,2522.4451,2464.061,2513.7009,19134500864.0
2009-04-14,2512.009,2532.0891,2495.3369,2527.1809,16517999616.0
2009-04-15,2514.5911,2542.54,2485.926,2536.0559,18108600320.0
2009-04-16,2542.3359,2549.312,2497.1221,2534.134,18616299520.0
2009-04-17,2524.626,2539.3521,2481.8989,2503.9351,16159399936.0
2009-04-20,2500.1731,2559.0359,2497.321,2557.4561,14790400000.0
2009-04-21,2523.262,2552.5979,2499.6011,2535.8279,16462199808.0
2009-04-22,2548.105,2579.218,2449.895,2461.3459,19398400000.0
2009-04-23,2440.676,2474.146,2422.7891,2463.9541,12611999744.0
2009-04-24,2477.156,2481.5271,2445.6641,2448.595,11379699712.0
2009-04-27,2443.436,2452.928,2393.1621,2405.3479,11300800512.0
2009-04-28,2382.884,2411.438,2372.343,2401.438,9481499648.0
2009-04-29,2401.658,2477.7251,2395.4829,2468.1919,12653100032.0
2009-04-30,2477.928,2491.072,2461.365,2477.5691,13115400192.0
2009-05-04,2486.6851,2560.5439,2486.2251,2559.9109,15336999936.0
2009-05-05,2577.429,2590.7759,2552.3899,2567.3369,15842199552.0
2009-05-06,2563.564,2596.925,2552.6321,2592.52,16070899712.0
2009-05-07,2612.123,2622.1121,2566.1211,2597.447,18181099520.0
2009-05-08,2586.759,2634.061,2574.572,2625.645,16192100352.0
2009-05-11,2646.2871,2663.95,2579.7471,2579.7471,17824800768.0
2009-05-12,2562.363,2619.6919,2558.9629,2618.1721,12300600320.0
2009-05-13,2629.031,2670.2129,2608.3169,2663.7661,14583600128.0
2009-05-14,2631.4451,2651.488,2610.2229,2639.887,12476199936.0
2009-05-15,2646.8911,2661.366,2623.364,2645.2629,11089000448.0
2009-05-18,2632.5691,2656.844,2589.613,2652.7791,11904900096.0
2009-05-19,2679.396,2688.1121,2660.5601,2676.6819,14746600448.0
2009-05-20,2680.5471,2686.345,2651.011,2651.4141,13824600064.0
2009-05-21,2639.1411,2663.2271,2598.8689,2610.6221,13892700160.0
2009-05-22,2595.988,2617.749,2578.593,2597.6011,9914699776.0
2009-05-25,2555.342,2618.3589,2538.6221,2610.01,11200100352.0
2009-05-26,2615.0061,2618.8,2585.9099,2588.575,11451499520.0
2009-05-27,2601.24,2635.313,2592.7939,2632.9299,10316800000.0
2009-06-01,2668.3999,2726.7161,2668.3999,2721.28,14796000256.0
2009-06-02,2739.4419,2750.8799,2713.4661,2724.302,15635600384.0
2009-06-03,2722.2661,2778.6831,2717.863,2778.5891,15568199680.0
2009-06-04,2753.248,2778.2419,2728.199,2767.2439,17087899648.0
2009-06-05,2783.8589,2791.6489,2750.377,2753.8911,14664800256.0
2009-06-08,2753.345,2795.1489,2729.0281,2768.3359,13323100160.0
2009-06-09,2766.51,2788.366,2721.854,2787.887,13260199936.0
2009-06-10,2796.9031,2820.575,2789.9961,2816.2471,14526699520.0
2009-06-11,2812.2791,2828.739,2787.449,2797.3201,13411500032.0
2009-06-12,2793.968,2812.679,2722.217,2743.762,12769500160.0
2009-06-15,2743.031,2790.9771,2727.739,2789.5491,10622499840.0
2009-06-16,2762.741,2797.4829,2753.6941,2776.022,10338299904.0
2009-06-17,2771.521,2813.613,2744.218,2810.123,11078400000.0
2009-06-18,2812.989,2855.415,2810.853,2853.9031,13884300288.0
2009-06-19,2861.177,2886.499,2847.3579,2880.4919,15302299648.0
2009-06-22,2900.572,2923.2361,2884.1311,2896.302,14697199616.0
2009-06-23,2853.491,2941.0549,2841.9021,2892.697,14446499840.0
2009-06-24,2889.0459,2923.47,2880.2849,2922.2991,14057400320.0
2009-06-25,2926.6201,2946.8979,2909.0901,2925.0459,11961299968.0
2009-06-26,2930.502,2937.614,2910.345,2928.2109,10956099584.0
2009-06-29,2930.313,2976.9221,2918.3899,2975.314,12854400000.0
2009-06-30,2990.1179,2997.272,2953.364,2959.3621,12581399552.0
2009-07-01,2950.1689,3009.7061,2947.6899,3008.1499,13825000448.0
2009-07-02,3015.0769,3062.564,3015.0769,3060.2539,16195999744.0
2009-07-03,3035.814,3088.8621,3029.5459,3088.3669,15946800128.0
2009-07-06,3091.478,3128.3101,3090.0991,3124.667,18323699712.0
2009-07-07,3118.2681,3130.0669,3077.4761,3089.45,17877600256.0
2009-07-08,3057.46,3097.9641,3011.2141,3080.7739,15548900352.0
2009-07-09,3073.5181,3123.51,3064.209,3123.0349,16728800256.0
2009-07-10,3124.7891,3140.0439,3099.9871,3113.9319,16116200448.0
2009-07-13,3098.9561,3112.875,3076.302,3080.5559,15660999680.0
2009-07-14,3088.5801,3147.592,3088.5801,3145.157,16168800256.0
2009-07-15,3156.625,3188.9099,3156.625,3188.551,19591100416.0
2009-07-16,3209.7749,3221.0681,3175.957,3183.7419,19122999296.0
2009-07-17,3181.063,3197.231,3158.5659,3189.741,16469099520.0
2009-07-20,3203.8879,3269.1799,3192.9041,3266.9199,19887099904.0
2009-07-21,3275.667,3279.5869,3207.501,3213.2061,19756599296.0
2009-07-22,3207.9871,3301.427,3207.2571,3296.615,16821300224.0
2009-07-23,3301.103,3331.063,3289.2241,3328.49,16639800320.0
2009-07-24,3343.7561,3398.0491,3306.9109,3372.603,18973900800.0
2009-07-27,3377.7161,3435.9331,3376.2859,3435.2119,19762399232.0
2009-07-28,3434.3201,3439.9241,3392.428,3438.3711,20424599552.0
2009-07-29,3419.991,3454.019,3174.2141,3266.4319,27580100608.0
2009-07-30,3281.2029,3336.6399,3215.7529,3321.5601,19800999936.0
2009-07-31,3354.679,3414.145,3333.718,3412.062,19371399168.0
2009-08-03,3429.6931,3465.1731,3398.448,3462.5901,20081399808.0
2009-08-04,3477.1121,3478.01,3404.8181,3471.4419,21148999680.0
2009-08-05,3467.0471,3468.0969,3385.4241,3428.501,20250300416.0
2009-08-06,3401.479,3419.7439,3309.606,3356.3301,17482700800.0
2009-08-07,3352.6589,3374.4609,3244.1011,3260.6899,15315999744.0
2009-08-10,3287.759,3307.885,3201.0601,3249.76,12668399616.0
2009-08-11,3261.406,3273.021,3222.707,3264.7261,10375199744.0
2009-08-12,3255.9851,3255.9861,3104.5649,3112.719,13444700160.0
2009-08-13,3112.573,3150.365,3060.1189,3140.5601,11693400064.0
2009-08-14,3138.146,3146.0049,3039.3049,3046.9719,12581600256.0
2009-08-17,2994.866,3020.2639,2867.394,2870.6299,12505900032.0
2009-08-18,2845.335,2920.6389,2827.113,2910.884,10625200128.0
2009-08-19,2916.095,2929.063,2761.395,2785.584,11446899712.0
2009-08-20,2798.3701,2914.6399,2798.3701,2911.582,11003899904.0
2009-08-21,2905.053,2969.521,2883.2729,2960.771,12679000064.0
2009-08-24,2982.1919,3004.9041,2944.9231,2993.429,12287599616.0
2009-08-25,2980.1001,2980.1001,2823.637,2915.803,14523599872.0
2009-08-26,2889.7351,2995.803,2872.2639,2967.595,13042499584.0
2009-08-27,2947.8269,2988.0281,2909.8931,2946.395,13674600448.0
2009-08-28,2938.4231,2949.4319,2843.1089,2860.688,12304900096.0
2009-08-31,2817.6289,2817.6289,2662.9971,2667.7451,11824600064.0
2009-09-01,2649.168,2727.0769,2639.759,2683.7241,9804300288.0
2009-09-02,2681.3301,2729.7061,2669.217,2714.9741,8393500160.0
2009-09-03,2722.3049,2854.1609,2715.6189,2845.0239,12988999680.0
2009-09-04,2841.1709,2875.9829,2827.5759,2861.6089,12888999936.0
2009-09-07,2877.6221,2919.3501,2860.0,2881.116,13118300160.0
2009-09-08,2865.6951,2931.23,2831.8521,2930.4751,12792899584.0
2009-09-09,2944.1741,2962.2871,2900.1111,2946.259,13075399680.0
2009-09-10,2934.958,2958.9541,2911.2119,2924.8831,10589500416.0
2009-09-11,2917.1931,2999.3279,2915.9041,2989.792,12324700160.0
2009-09-14,2990.9331,3033.083,2984.835,3026.741,14371099648.0
2009-09-15,3029.0969,3050.426,2999.4331,3033.728,14446799872.0
2009-09-16,3027.5061,3028.564,2960.5911,2999.71,14741600256.0
2009-09-17,3015.5859,3064.2339,3015.5859,3060.26,16074000384.0
2009-09-18,3063.3091,3068.0281,2940.8301,2962.667,16807700480.0
2009-09-21,2937.926,2968.7009,2871.646,2967.011,13623199744.0
2009-09-22,2956.1289,2982.895,2896.937,2897.553,12407499776.0
2009-09-23,2897.8081,2924.198,2825.8589,2842.7209,10762600448.0
2009-09-24,2824.583,2886.2561,2783.106,2853.554,10254100480.0
2009-09-25,2836.699,2864.075,2812.918,2838.842,7516800000.0
2009-09-28,2844.3701,2857.948,2752.7729,2763.5249,7187500032.0
2009-09-29,2763.7639,2779.6909,2712.2991,2754.54,7356599808.0
2009-09-30,2772.5691,2803.8579,2763.7119,2779.426,6483299840.0
2009-10-09,2840.1311,2912.55,2834.6179,2911.7151,8554699776.0
2009-10-12,2927.021,2932.0779,2893.573,2894.4829,8818700288.0
2009-10-13,2889.7881,2937.824,2886.959,2936.1909,7999799808.0
2009-10-14,2945.6689,3010.6111,2943.7419,2970.532,12963000320.0
2009-10-15,2994.8899,3014.26,2967.1079,2979.7881,9861799936.0
2009-10-16,2992.7451,3008.179,2931.9199,2976.6331,9222299648.0
2009-10-19,2974.644,3039.605,2962.3069,3038.2729,12061599744.0
2009-10-20,3062.551,3084.9441,3053.6431,3084.4541,14365100032.0
2009-10-21,3080.52,3105.5139,3062.5601,3070.5891,13548300288.0
2009-10-22,3068.678,3080.6631,3045.033,3051.4121,10303099904.0
2009-10-23,3057.387,3123.4629,3057.387,3107.8469,13860100096.0
2009-10-26,3114.2939,3123.364,3083.1831,3109.5659,11482600448.0
2009-10-27,3086.0911,3086.0911,3020.4939,3021.459,12088699904.0
2009-10-28,3014.1819,3038.0591,2974.2581,3031.3291,10097300480.0
2009-10-29,2975.199,2993.4351,2952.0139,2960.4661,11028200448.0
2009-10-30,3007.25,3027.1311,2983.9299,2995.8479,10479200256.0
2009-11-02,2933.8169,3077.907,2923.5249,3076.6489,13728600064.0
2009-11-03,3085.7439,3121.2019,3078.9441,3114.2271,15055200256.0
2009-11-04,3119.313,3141.4529,3096.354,3128.5371,14536999936.0
2009-11-05,3133.5049,3158.718,3122.5239,3155.053,14546599936.0
2009-11-06,3176.137,3183.574,3156.9929,3164.0371,16349100032.0
2009-11-09,3162.146,3176.6609,3141.77,3175.585,13918999552.0
2009-11-10,3203.1709,3211.105,3176.2549,3178.6101,14244800512.0
2009-11-11,3176.311,3186.595,3149.071,3175.1919,12682200064.0
2009-11-12,3181.457,3199.8689,3163.0779,3172.9451,13803299840.0
2009-11-13,3164.6499,3189.0911,3127.502,3187.647,15114699776.0
2009-11-16,3206.428,3275.5491,3206.428,3275.0481,20037900288.0
2009-11-17,3291.0439,3298.3789,3275.3049,3282.8889,16603700224.0
2009-11-18,3287.2649,3315.8721,3274.2119,3303.2339,15866399744.0
2009-11-19,3311.188,3329.0281,3285.8049,3320.6121,17461999616.0
2009-11-20,3309.376,3332.531,3280.1841,3308.3459,17607399424.0
2009-11-23,3312.9741,3339.3049,3305.502,3338.6631,16953199616.0
2009-11-24,3352.22,3361.386,3214.0259,3223.5259,25021200384.0
2009-11-25,3214.8149,3291.1731,3188.019,3290.165,18902700032.0
2009-11-26,3296.0139,3305.3269,3160.3501,3170.98,21797900288.0
2009-11-27,3137.2971,3169.7549,3080.885,3096.2649,14880300032.0
2009-11-30,3114.29,3195.8789,3114.29,3195.301,13886000128.0
2009-12-01,3191.0581,3240.6609,3173.416,3235.363,16528000000.0
2009-12-02,3252.979,3278.27,3245.9641,3269.752,17505099776.0
2009-12-03,3267.9951,3270.3669,3227.772,3264.6279,15921999872.0
2009-12-04,3256.614,3319.1289,3214.8401,3317.0439,21594499072.0
2009-12-07,3313.0601,3334.011,3302.134,3331.897,13987600384.0
2009-12-08,3330.3259,3330.3821,3260.6709,3296.6641,13706600448.0
2009-12-09,3258.0029,3284.645,3228.2041,3239.5681,11509499904.0
2009-12-10,3258.354,3276.126,3225.562,3254.2639,9430700032.0
2009-12-11,3260.448,3280.939,3242.373,3247.3181,9154299904.0
2009-12-14,3246.9509,3315.0339,3178.229,3302.9041,11824300032.0
2009-12-15,3283.5979,3303.176,3267.9351,3274.46,10148500480.0
2009-12-16,3262.8621,3299.3311,3246.6069,3255.2129,10387399680.0
2009-12-17,3261.6079,3272.9751,3176.626,3179.0779,10564700160.0
2009-12-18,3154.8149,3169.582,3108.03,3113.886,10186600448.0
2009-12-21,3108.0669,3123.9861,3088.0029,3122.9729,7456799744.0
2009-12-22,3126.615,3129.314,3039.8579,3050.52,8508100096.0
2009-12-23,3048.199,3078.8369,3041.3479,3073.7771,8005799936.0
2009-12-24,3080.874,3156.531,3075.1069,3153.4099,10240600064.0
2009-12-25,3149.2261,3154.7739,3128.1499,3141.353,8454600192.0
2009-12-28,3148.8601,3202.0869,3148.8601,3188.7849,9121200128.0
2009-12-29,3190.1721,3212.5161,3166.7581,3211.761,10261300224.0
2009-12-30,3211.8279,3267.001,3206.217,3262.6001,12945600512.0
2009-12-31,3264.998,3282.2109,3250.0259,3277.1389,11651999744.0
2010-01-04,3289.75,3295.28,3243.3201,3243.76,10944799744.0
2010-01-05,3254.468,3290.512,3221.4619,3282.179,12611500032.0
2010-01-06,3277.5171,3295.8679,3253.0439,3254.2151,12365100032.0
2010-01-07,3253.991,3268.8191,3176.707,3192.7759,12865300480.0
2010-01-08,3177.259,3198.9199,3149.0171,3195.9971,9837700096.0
2010-01-11,3301.6111,3306.751,3197.3279,3212.75,13632700416.0
2010-01-12,3205.7051,3275.2019,3180.085,3273.9661,14065500160.0
2010-01-13,3204.9761,3232.8181,3165.4851,3172.658,15834399744.0
2010-01-14,3183.3811,3219.0161,3165.5959,3215.55,13595499520.0
2010-01-15,3217.1899,3241.8149,3197.2209,3224.1521,12054099968.0
2010-01-18,3213.637,3238.2419,3202.207,3237.0979,13506700288.0
2010-01-19,3242.2161,3268.8059,3236.8391,3246.874,12994400256.0
2010-01-20,3252.0371,3255.1279,3148.334,3151.8501,15824300032.0
2010-01-21,3154.189,3176.147,3126.9021,3158.863,11433700352.0
2010-01-22,3118.7241,3147.8291,3062.6289,3128.5879,13775899648.0
2010-01-25,3103.3201,3136.999,3092.926,3094.4109,7836199936.0
2010-01-26,3094.8479,3107.198,3001.9561,3019.394,9350700032.0
2010-01-27,3020.54,3028.647,2972.627,2986.6069,7655199744.0
2010-01-28,2985.2141,3006.0391,2963.8911,2994.1431,7336600064.0
2010-01-29,2979.7429,3024.8479,2968.4529,2989.292,8047600128.0
2010-02-01,2981.374,2981.374,2912.887,2941.3601,8814699520.0
2010-02-02,2955.7529,2990.748,2930.5591,2934.7129,8248600064.0
2010-02-03,2945.0339,3005.1311,2890.021,3003.835,10102299648.0
2010-02-04,2983.05,3015.126,2968.6799,2995.3081,9991799808.0
2010-02-05,2936.197,2959.2329,2918.9089,2939.4021,9727500288.0
2010-02-08,2936.4519,2954.2661,2922.187,2935.1741,6329999872.0
2010-02-09,2932.0901,2957.4741,2929.21,2948.842,6228199936.0
2010-02-10,2967.1379,2983.179,2958.217,2982.5,5558799872.0
2010-02-11,2985.082,3001.636,2976.0791,2985.499,5664600064.0
2010-02-12,2996.0879,3018.8579,2993.437,3018.1331,5609200128.0
2010-02-22,3016.7029,3026.6589,3002.811,3003.3979,6850500096.0
2010-02-23,2998.907,2998.907,2938.7529,2982.575,8039300096.0
2010-02-24,2964.9839,3023.739,2955.0691,3022.177,9291899904.0
2010-02-25,3026.656,3063.0039,3022.373,3060.6179,11967099904.0
2010-02-26,3053.498,3067.5249,3041.689,3051.9431,10129600512.0
2010-03-01,3057.0061,3093.095,3054.554,3087.842,11103899648.0
2010-03-02,3089.7061,3095.9919,3060.9561,3073.1079,10532800512.0
2010-03-03,3074.0991,3098.4561,3061.467,3097.0049,11715699712.0
2010-03-04,3098.0691,3102.3979,3016.2151,3023.373,12638400512.0
2010-03-05,3026.6389,3044.165,3011.0879,3031.0649,9226000384.0
2010-03-08,3036.415,3058.832,3030.905,3053.2319,8101199872.0
2010-03-09,3053.26,3084.8501,3028.6899,3069.1411,9238200320.0
2010-03-10,3067.1499,3085.9939,3034.739,3048.927,8461300224.0
2010-03-11,3050.644,3070.9351,3025.3091,3051.282,7987200000.0
2010-03-12,3051.4741,3057.519,3011.9719,3013.4121,7141899776.0
2010-03-15,3010.7219,3013.5171,2963.4939,2976.939,6375000064.0
2010-03-16,2974.4871,2993.843,2963.438,2992.8411,5962800128.0
2010-03-17,2999.8149,3050.7571,2994.8931,3050.479,8708599808.0
2010-03-18,3053.158,3063.5859,3035.019,3046.0891,9137899520.0
2010-03-19,3046.749,3069.6621,3031.0229,3067.75,8848100352.0
2010-03-22,3069.6599,3083.345,3061.759,3074.5759,9649899520.0
2010-03-23,3076.957,3082.9651,3051.2109,3053.125,9286700032.0
2010-03-24,3058.928,3076.749,3052.2129,3056.8081,8926600192.0
2010-03-25,3051.356,3051.356,3012.3081,3019.176,9019100160.0
2010-03-26,3017.2151,3067.707,3009.905,3059.7151,9307799552.0
2010-03-29,3076.0481,3130.2791,3071.6899,3123.7981,13189499904.0
2010-03-30,3123.832,3132.5759,3113.7671,3128.468,10243200000.0
2010-03-31,3129.574,3130.1121,3101.7561,3109.105,10114299904.0
2010-04-01,3111.9351,3148.344,3111.9351,3147.416,12677900288.0
2010-04-02,3154.77,3159.5979,3141.866,3157.957,12278899712.0
2010-04-06,3170.6121,3177.968,3141.9299,3158.6809,11681500160.0
2010-04-07,3156.314,3161.0811,3132.2361,3148.2219,10352199680.0
2010-04-08,3143.4509,3143.8269,3110.2561,3118.709,11464299520.0
2010-04-09,3118.926,3146.459,3114.7881,3145.3469,10542600192.0
2010-04-12,3151.8879,3156.2109,3111.8989,3129.2629,13796299776.0
2010-04-13,3129.6919,3173.634,3101.4829,3161.251,14398199808.0
2010-04-14,3161.551,3167.658,3145.5549,3166.1831,10643600384.0
2010-04-15,3168.1389,3181.6631,3135.99,3164.9661,10626400256.0
2010-04-16,3159.6721,3159.6721,3121.366,3130.302,8093499904.0
2010-04-19,3096.7849,3096.7849,2977.7739,2980.2971,12936099840.0
2010-04-20,2980.0811,2998.9131,2941.3501,2979.533,10173200384.0
2010-04-21,2984.6179,3034.3269,2972.0959,3033.2781,11630900224.0
2010-04-22,3021.2891,3023.6411,2978.457,2999.4839,12172699648.0
2010-04-23,2995.5681,3015.6331,2966.7849,2983.5371,10351899648.0
2010-04-26,2988.0769,2996.8279,2965.832,2969.5029,8914700288.0
2010-04-27,2962.145,2962.145,2866.342,2907.928,10827100160.0
2010-04-28,2883.167,2916.676,2865.469,2900.3311,8374900224.0
2010-04-29,2912.196,2928.9299,2867.938,2868.4319,8934400000.0
2010-04-30,2867.6489,2875.8059,2820.949,2870.6111,8873400320.0
2010-05-04,2821.354,2862.5549,2809.1321,2835.2771,6608000000.0
2010-05-05,2804.5139,2857.293,2770.3279,2857.1509,9534100480.0
2010-05-06,2838.9509,2838.9509,2734.999,2739.7019,9264900096.0
2010-05-07,2685.9919,2732.1831,2665.812,2688.3831,9202599936.0
2010-05-10,2690.8589,2713.061,2646.5891,2698.7571,8185399808.0
2010-05-11,2745.604,2751.0701,2638.533,2647.574,8789699584.0
2010-05-12,2628.019,2668.1179,2604.198,2655.7141,8254400000.0
2010-05-13,2653.5791,2711.0659,2646.896,2710.5071,8307800064.0
2010-05-14,2692.0959,2712.863,2677.1899,2696.6289,7336800256.0
2010-05-17,2663.8821,2663.8821,2557.239,2559.9309,8264800256.0
2010-05-18,2555.1411,2603.3201,2529.625,2594.783,8279199744.0
2010-05-19,2581.6299,2623.959,2554.9839,2587.8069,7137200128.0
2010-05-20,2571.54,2609.6389,2551.4519,2555.9399,6639000064.0
2010-05-21,2492.575,2584.4519,2481.9741,2583.522,8385600000.0
2010-05-24,2596.3181,2680.4929,2596.3181,2673.4231,11249699840.0
2010-05-25,2654.3589,2659.74,2609.0859,2622.6299,9326900224.0
2010-05-26,2620.853,2644.9409,2610.51,2625.793,6871000064.0
2010-05-27,2615.105,2662.0811,2583.5481,2655.918,8788400128.0
2010-05-28,2680.4031,2686.542,2641.405,2655.7671,8694800384.0
2010-05-31,2647.8679,2665.3899,2591.5349,2592.147,7874400256.0
2010-06-01,2577.7629,2598.897,2534.2671,2568.283,7466599936.0
2010-06-02,2548.542,2572.343,2521.0569,2571.4231,6486700032.0
2010-06-03,2575.77,2596.137,2551.5291,2552.656,6950199808.0
2010-06-04,2536.231,2556.969,2527.873,2553.593,5651800064.0
2010-06-07,2508.3291,2527.104,2491.6609,2511.729,6569800192.0
2010-06-08,2510.084,2531.8821,2491.647,2513.947,6303200256.0
2010-06-09,2523.8789,2589.4729,2501.1179,2583.8701,9603099648.0
2010-06-10,2561.5491,2581.0471,2554.7871,2562.5801,7458400256.0
2010-06-11,2574.8989,2590.979,2566.616,2569.9419,6651899904.0
2010-06-17,2588.9651,2595.509,2559.7229,2560.2451,5495699968.0
2010-06-18,2556.6021,2568.8611,2505.3269,2513.2219,6721800192.0
2010-06-21,2517.292,2587.3401,2504.3149,2586.21,7855399936.0
2010-06-22,2579.6311,2598.353,2572.9619,2588.698,6368099840.0
2010-06-23,2576.343,2593.6731,2546.52,2569.8721,5877700096.0
2010-06-24,2563.6389,2586.8979,2554.342,2566.7451,4885700096.0
2010-06-25,2556.54,2572.832,2534.269,2552.8169,5007900160.0
2010-06-28,2550.6489,2561.4851,2528.385,2535.2781,4320399872.0
2010-06-29,2534.4961,2541.1421,2425.927,2427.053,7374499840.0
2010-06-30,2409.542,2411.4409,2382.3579,2398.3701,5521099776.0
2010-07-01,2393.947,2410.769,2371.7781,2373.792,4996800000.0
2010-07-02,2371.323,2386.3999,2319.739,2382.9009,6832999936.0
2010-07-05,2358.7571,2378.0879,2335.571,2363.947,4799600128.0
2010-07-06,2358.2839,2409.783,2356.553,2409.4241,6136399872.0
2010-07-07,2407.665,2421.679,2392.5669,2421.1169,5611100160.0
2010-07-08,2429.676,2436.283,2402.002,2415.1499,5448600064.0
2010-07-09,2416.5801,2485.6001,2398.676,2470.9231,8589000192.0
2010-07-12,2468.541,2501.0239,2455.814,2490.718,8292199936.0
2010-07-13,2468.6899,2468.6899,2439.2429,2450.2859,6632699904.0
2010-07-14,2456.103,2494.5891,2456.103,2470.4399,7294600192.0
2010-07-15,2465.989,2487.2371,2423.6489,2424.304,10553900032.0
2010-07-16,2414.6809,2428.4641,2389.071,2424.271,7079300096.0
2010-07-19,2399.5801,2484.1941,2392.2729,2475.4209,8883900416.0
2010-07-20,2477.7529,2530.3311,2477.46,2528.73,11859800064.0
2010-07-21,2529.6189,2553.4519,2520.1489,2535.394,11424799744.0
2010-07-22,2525.9761,2563.239,2522.2009,2562.406,10593399808.0
2010-07-23,2566.8511,2579.5229,2549.2371,2572.0281,11437299712.0
2010-07-26,2576.3721,2589.4839,2556.4661,2588.6831,9332599808.0
2010-07-27,2581.5901,2587.9971,2565.636,2575.3679,8660500480.0
2010-07-28,2574.322,2636.002,2564.156,2633.6631,12897999872.0
2010-07-29,2635.0481,2656.408,2623.9441,2648.116,13912399872.0
2010-07-30,2642.8521,2643.0349,2614.7319,2637.5029,9477399552.0
2010-08-02,2635.8069,2675.762,2633.647,2672.5161,11294499840.0
2010-08-03,2678.791,2681.7859,2626.7219,2627.002,12797100032.0
2010-08-04,2620.499,2638.8979,2589.988,2638.522,11212399616.0
2010-08-05,2636.2429,2640.5891,2606.6221,2620.7571,11351400448.0
2010-08-06,2618.7129,2659.4121,2598.9131,2658.3921,12092699648.0
2010-08-09,2656.364,2676.0901,2650.397,2672.533,11996499968.0
2010-08-10,2672.793,2675.313,2594.3359,2595.2739,12700999680.0
2010-08-11,2587.615,2618.4509,2586.0181,2607.4971,8694099968.0
2010-08-12,2584.9189,2608.761,2570.9629,2575.4751,9267500032.0
2010-08-13,2576.687,2607.033,2564.8379,2606.7,8881999872.0
2010-08-16,2603.792,2665.314,2596.771,2661.708,12586300416.0
2010-08-17,2663.1841,2677.5701,2654.011,2671.8931,12263799808.0
2010-08-18,2674.501,2687.76,2654.408,2666.301,13625400320.0
2010-08-19,2669.4309,2701.9299,2659.2971,2687.979,12844199936.0
2010-08-20,2677.019,2683.2881,2636.908,2642.3069,11617200128.0
2010-08-23,2637.8201,2656.116,2629.707,2639.366,8813700096.0
2010-08-24,2636.532,2667.1709,2614.563,2650.3069,10724400128.0
2010-08-25,2634.95,2645.5029,2595.728,2596.5801,10969600000.0
2010-08-26,2604.8821,2616.9619,2590.614,2603.481,8031399936.0
2010-08-27,2602.501,2613.4871,2588.6431,2610.7419,7046600192.0
2010-08-30,2622.2661,2656.355,2620.1899,2652.6641,11047999488.0
2010-08-31,2644.7871,2647.2529,2626.793,2638.7981,11089000448.0
2010-09-01,2641.053,2662.876,2604.4871,2622.8821,12716499968.0
2010-09-02,2646.8931,2659.978,2636.418,2655.7759,12407600128.0
2010-09-03,2658.1289,2660.5391,2631.8511,2655.394,12945699840.0
2010-09-06,2667.1951,2698.6011,2664.239,2696.25,14420899840.0
2010-09-07,2698.218,2704.9331,2679.0229,2698.363,11223199744.0
2010-09-08,2687.7109,2695.845,2674.321,2695.291,11351900160.0
2010-09-09,2698.6379,2698.6379,2651.6021,2656.3521,13298899968.0
2010-09-10,2657.2351,2667.8369,2628.8291,2663.209,11304099840.0
2010-09-13,2665.655,2696.6741,2660.6069,2688.3201,11791899648.0
2010-09-14,2694.0691,2703.781,2678.9741,2688.522,12071199744.0
2010-09-15,2688.386,2688.49,2645.864,2652.5029,12204000256.0
2010-09-16,2646.9209,2653.272,2583.3369,2602.4651,11899799552.0
2010-09-17,2607.551,2615.0791,2592.5349,2598.689,8317100032.0
2010-09-20,2601.4819,2607.3469,2573.6289,2588.7129,7946999808.0
2010-09-21,2593.7629,2601.0991,2580.177,2591.55,5810100224.0
2010-09-27,2600.54,2629.0449,2597.1389,2627.967,7684499968.0
2010-09-28,2625.3259,2625.3259,2607.0181,2611.354,9311699968.0
2010-09-29,2608.9189,2634.124,2603.927,2610.678,8861899776.0
2010-09-30,2599.7151,2655.999,2597.5969,2655.658,8958000128.0
2010-10-08,2681.2529,2747.8049,2677.9939,2738.7439,13575999488.0
2010-10-11,2755.0259,2823.5969,2755.0259,2806.9419,20753500160.0
2010-10-12,2795.7639,2843.428,2782.3411,2841.407,16742800384.0
2010-10-13,2842.1379,2862.0349,2826.2209,2861.3611,18528200704.0
2010-10-14,2881.552,2919.4141,2864.519,2879.636,22946199552.0
2010-10-15,2863.738,2971.1599,2858.2161,2971.1599,23656900608.0
2010-10-18,2985.4619,3026.0991,2944.7151,2955.2271,26331699200.0
2010-10-19,2949.6299,3002.3711,2931.9099,3001.853,17066800128.0
2010-10-20,2947.511,3041.1509,2942.5049,3003.9509,20780400640.0
2010-10-21,3009.2251,3018.2439,2958.5459,2983.533,16143599616.0
2010-10-22,2976.7539,2997.624,2954.6189,2975.043,14707999744.0
2010-10-25,2979.7061,3051.5391,2959.2981,3051.4189,19211399168.0
2010-10-26,3065.844,3073.384,3017.8181,3041.543,19877900288.0
2010-10-27,3031.645,3056.3989,2988.8711,2997.0481,17626800128.0
2010-10-28,2989.29,3007.0129,2969.304,2992.5791,14353800192.0
2010-10-29,2993.2959,2996.7739,2955.48,2978.835,14711000064.0
2010-11-01,2986.886,3054.05,2986.886,3054.021,18624299008.0
2010-11-02,3061.6311,3089.5681,3029.324,3045.4341,22494699520.0
2010-11-03,3044.022,3069.0659,3017.0979,3030.988,18984800256.0
2010-11-04,3035.366,3087.4209,3035.366,3086.939,17685700608.0
2010-11-05,3129.8701,3142.5891,3105.9209,3129.4971,21195599872.0
2010-11-08,3140.395,3160.699,3124.0911,3159.512,20541800448.0
2010-11-09,3159.019,3159.019,3110.343,3135.0,19245600768.0
2010-11-10,3120.4399,3124.2561,3093.8779,3115.356,18505199616.0
2010-11-11,3108.511,3186.72,3102.7739,3147.7439,21027500032.0
2010-11-12,3121.9221,3150.146,2975.1631,2985.4351,23308500992.0
2010-11-15,2984.8721,3016.1311,2939.6799,3014.4131,15315200000.0
2010-11-16,3007.6431,3007.6431,2885.7529,2894.5381,17108899840.0
2010-11-17,2852.478,2891.052,2824.1211,2838.8569,12378000384.0
2010-11-18,2855.605,2873.696,2827.179,2865.4519,10222600192.0
2010-11-19,2879.655,2888.75,2806.644,2888.5659,12377799680.0
2010-11-22,2861.606,2904.97,2852.7739,2884.3711,12711799808.0
2010-11-23,2872.1721,2872.1721,2791.584,2828.282,11631200256.0
2010-11-24,2794.864,2861.4851,2794.864,2859.936,11615599616.0
2010-11-25,2875.8579,2901.675,2856.9619,2898.261,13160800256.0
2010-11-26,2890.2871,2894.4209,2851.957,2871.698,11086600192.0
2010-11-29,2861.1489,2878.8269,2841.7949,2866.356,10245300224.0
2010-11-30,2863.4121,2881.1599,2758.9241,2820.1809,13932499968.0
2010-12-01,2810.543,2834.199,2795.811,2823.449,8126300160.0
2010-12-02,2860.4641,2870.8059,2841.4729,2843.6069,10419600384.0
2010-12-03,2846.7251,2853.4009,2822.7429,2842.4309,8352099840.0
2010-12-06,2850.3821,2871.407,2831.697,2857.178,8977300480.0
2010-12-07,2843.7671,2884.53,2809.1101,2875.8611,8678500352.0
2010-12-08,2868.7329,2880.5581,2843.9399,2848.5459,8670699520.0
2010-12-09,2837.615,2854.7,2808.5061,2810.949,9462299648.0
2010-12-10,2798.7361,2850.4221,2792.522,2841.04,8049600000.0
2010-12-13,2850.325,2923.7739,2847.658,2922.9541,12887799808.0
2010-12-14,2928.3,2933.407,2912.4199,2927.0769,12094499840.0
2010-12-15,2927.2639,2939.05,2905.6489,2911.4141,10946199552.0
2010-12-16,2908.865,2921.2749,2891.8579,2898.1379,8760599552.0
2010-12-17,2896.77,2898.812,2881.0039,2893.74,7367699968.0
2010-12-20,2901.47,2911.561,2804.5559,2852.916,11375500288.0
2010-12-21,2857.5891,2908.166,2846.6331,2904.115,10682600448.0
2010-12-22,2910.731,2917.199,2867.0491,2877.8999,9832599552.0
2010-12-23,2874.2019,2893.7109,2849.8359,2855.22,8900200448.0
2010-12-24,2841.3459,2853.4861,2813.4961,2835.157,8121699840.0
2010-12-27,2842.8069,2876.811,2774.5381,2781.4021,9780700160.0
2010-12-28,2768.031,2775.1489,2730.407,2732.99,8433299968.0
2010-12-29,2735.4761,2753.0249,2721.479,2751.5271,6394100224.0
2010-12-30,2751.9729,2768.126,2724.541,2759.575,7317199872.0
2010-12-31,2759.1621,2808.926,2758.1311,2808.0769,8335000064.0
2011-01-04,2825.3291,2855.396,2810.1079,2852.6479,11007299584.0
2011-01-05,2833.1169,2850.4929,2824.2959,2838.593,10441499648.0
2011-01-06,2838.4351,2853.875,2816.9509,2824.197,8470600192.0
2011-01-07,2820.665,2868.0049,2807.8701,2838.801,11313000448.0
2011-01-10,2832.6221,2847.3579,2786.8611,2792.376,9078099968.0
2011-01-11,2783.4761,2810.762,2770.3379,2805.4031,8055399936.0
2011-01-12,2811.7849,2828.468,2788.1299,2821.002,7924599808.0
2011-01-13,2830.5339,2837.5259,2810.874,2827.627,7488600064.0
2011-01-14,2817.0481,2817.0481,2780.438,2790.678,7675400192.0
2011-01-17,2772.45,2780.9419,2698.781,2707.1001,9251900416.0
2011-01-18,2696.147,2715.406,2683.3669,2709.168,6037700096.0
2011-01-19,2707.8159,2759.6021,2700.811,2759.26,7849299968.0
2011-01-20,2752.7991,2752.7991,2676.1289,2678.4551,8604699648.0
2011-01-21,2668.677,2746.178,2667.2859,2715.946,9563899904.0
2011-01-24,2716.5239,2736.1089,2690.6521,2696.719,8792099840.0
2011-01-25,2691.6931,2701.0439,2661.448,2677.4319,6948100096.0
2011-01-26,2677.1721,2710.738,2676.769,2708.738,6075100160.0
2011-01-27,2690.825,2753.001,2677.21,2748.6909,10556900352.0
2011-01-28,2741.314,2759.4399,2733.291,2752.9541,8542799872.0
2011-01-31,2751.5271,2790.9209,2748.5381,2789.822,9150300160.0
2011-02-01,2795.071,2805.0491,2785.2959,2799.3979,7335000064.0
2011-02-09,2778.7009,2804.208,2764.8669,2773.1641,8725799936.0
2011-02-10,2769.646,2819.063,2760.175,2819.063,9792000000.0
2011-02-11,2815.1189,2835.4109,2807.605,2827.7661,10775799808.0
2011-02-14,2828.5701,2906.26,2828.5701,2898.9709,15424300032.0
2011-02-15,2900.427,2934.467,2892.637,2899.6211,15244999680.0
2011-02-16,2893.6819,2924.188,2882.5491,2924.188,12780600320.0
2011-02-17,2929.2549,2939.2839,2905.032,2926.9641,13041500160.0
2011-02-18,2924.23,2924.23,2890.262,2899.979,11377500160.0
2011-02-21,2886.54,2932.8201,2884.1909,2932.7561,11885599744.0
2011-02-22,2941.3181,2944.4131,2851.6201,2855.96,15300500480.0
2011-02-23,2844.99,2868.4839,2839.1951,2862.634,11108299776.0
2011-02-24,2861.3931,2881.5371,2854.564,2879.208,10977300480.0
2011-02-25,2876.7771,2890.324,2848.6499,2878.5811,10009400320.0
2011-02-28,2880.1699,2906.1689,2861.8169,2905.4561,11870600192.0
2011-03-01,2906.2849,2931.5801,2901.552,2919.8491,13655499776.0
2011-03-02,2905.5139,2924.9629,2883.5659,2914.2749,13344199680.0
2011-03-03,2918.731,2937.5569,2900.761,2903.8259,15048899584.0
2011-03-04,2902.1899,2944.459,2898.084,2942.1689,11827699712.0
2011-03-07,2952.7219,3000.429,2952.7219,2996.9741,16010600448.0
2011-03-08,2996.7271,3001.624,2976.6001,3000.571,12668099584.0
2011-03-09,3002.5459,3012.0439,2989.342,3003.1741,12479099904.0
2011-03-10,2995.7681,2995.7681,2954.3669,2958.1609,12380000256.0
2011-03-11,2942.4189,2966.98,2927.6831,2935.606,11599399936.0
2011-03-14,2923.9819,2939.6521,2914.458,2938.908,11691100160.0
2011-03-15,2927.9839,2927.9839,2850.9451,2897.0591,15495199744.0
2011-03-16,2894.252,2934.0181,2894.252,2931.104,13077699584.0
2011-03-17,2906.9551,2935.625,2885.6509,2897.2981,13779800064.0
2011-03-18,2920.8059,2930.606,2900.8721,2909.3979,10063699968.0
2011-03-21,2913.9131,2927.073,2895.1541,2909.811,9676000256.0
2011-03-22,2917.687,2923.3921,2884.751,2919.167,9511700480.0
2011-03-23,2919.0161,2950.4221,2911.626,2949.073,11260300288.0
2011-03-24,2949.8501,2958.6631,2942.134,2946.6731,10895599616.0
2011-03-25,2948.543,2985.083,2946.697,2978.2891,13639600128.0
2011-03-28,2985.356,3005.782,2979.196,2984.1331,15601699840.0
2011-03-29,2979.865,2994.1731,2953.54,2958.429,16854299648.0
2011-03-30,2955.4529,2968.1819,2935.7471,2955.9109,12649400320.0
2011-03-31,2954.6531,2961.6299,2914.384,2929.8931,10893599744.0
2011-04-01,2932.481,2967.8469,2924.394,2967.0029,9984400384.0
2011-04-06,2964.2119,3005.238,2963.8989,3001.2329,14165099520.0
2011-04-07,3003.2041,3012.2881,2990.311,3008.071,12473499648.0
2011-04-08,3005.3679,3031.0969,2998.3401,3030.104,11433799680.0
2011-04-11,3037.9099,3059.5681,3019.885,3022.5371,14718999552.0
2011-04-12,3012.7949,3039.124,3003.4451,3023.3259,14599100416.0
2011-04-13,3006.8301,3050.4009,2994.4651,3049.926,12820299776.0
2011-04-14,3049.667,3058.239,3036.7261,3043.0569,12948700160.0
2011-04-15,3036.345,3062.53,3020.156,3050.8069,12853099520.0
2011-04-18,3040.531,3067.4561,3037.189,3056.9839,13748899840.0
2011-04-19,3038.8069,3038.8069,2996.2219,3000.0779,14189599744.0
2011-04-20,3005.9751,3019.123,2992.6721,3007.7661,11974200320.0
2011-04-21,3021.77,3035.4709,3012.5439,3027.2129,12151100416.0
2011-04-22,3025.699,3032.9651,3004.4651,3010.999,11852600320.0
2011-04-25,3003.031,3003.6101,2964.6431,2965.062,11731699712.0
2011-04-26,2956.949,2970.2781,2931.502,2939.178,9515499520.0
2011-04-27,2946.3269,2961.1331,2907.6621,2925.5259,10549199872.0
2011-04-28,2937.947,2953.1931,2884.8391,2887.6699,10523100160.0
2011-04-29,2886.6289,2913.5559,2871.01,2912.137,8753399808.0
2011-05-03,2911.51,2933.46,2890.2251,2932.188,9640299520.0
2011-05-04,2916.845,2916.97,2860.075,2866.929,11148099584.0
2011-05-05,2854.7681,2880.125,2849.9099,2873.3811,9108400128.0
2011-05-06,2842.7649,2881.7061,2834.4561,2864.1499,9106400256.0
2011-05-09,2868.2351,2885.178,2861.4199,2873.0291,8157599744.0
2011-05-10,2876.98,2891.0339,2865.104,2889.824,8129699840.0
2011-05-11,2890.353,2897.1411,2868.3491,2883.8931,9247699968.0
2011-05-12,2864.9761,2876.448,2843.0969,2845.1079,10024099840.0
2011-05-13,2846.311,2871.9919,2832.2539,2871.8689,9323899904.0
2011-05-16,2864.377,2877.0911,2846.3069,2849.9529,8464799744.0
2011-05-17,2846.447,2869.23,2821.2029,2852.7729,9482000384.0
2011-05-18,2846.7241,2877.427,2843.676,2872.751,7682699776.0
2011-05-19,2879.387,2884.1411,2856.8291,2859.74,7699500032.0
2011-05-20,2858.311,2866.7629,2850.4451,2858.384,7074400256.0
2011-05-23,2853.2859,2853.2859,2771.1169,2775.52,9862200320.0
2011-05-24,2766.0591,2771.748,2744.7771,2767.6111,7485300224.0
2011-05-25,2764.5601,2771.177,2737.3301,2742.1689,7440699904.0
2011-05-26,2755.394,2764.8899,2734.5359,2735.2129,7874100224.0
2011-05-27,2739.387,2746.842,2708.5481,2709.6221,8252100096.0
2011-05-30,2704.4851,2728.062,2689.2061,2706.116,6517400064.0
2011-05-31,2707.5591,2744.9341,2702.095,2743.7161,6790000128.0
2011-06-01,2737.0569,2744.5591,2726.4951,2743.967,6855600128.0
2011-06-02,2715.3159,2727.9951,2676.5381,2705.1809,8602099712.0
2011-06-03,2701.7729,2732.427,2701.25,2728.2261,6798400000.0
2011-06-07,2720.97,2745.77,2717.313,2745.522,6502099968.0
2011-06-08,2742.043,2754.1221,2715.25,2750.29,7429499904.0
2011-06-09,2743.5391,2747.332,2702.6951,2703.323,8346899968.0
2011-06-10,2696.1299,2707.7419,2672.3201,2706.179,7340000256.0
2011-06-13,2687.6531,2703.4231,2669.395,2700.6951,6306899968.0
2011-06-14,2696.2229,2735.552,2691.6709,2730.051,8309799936.0
2011-06-15,2717.677,2730.4761,2705.072,2705.4309,7485700096.0
2011-06-16,2685.6321,2691.9441,2663.1201,2664.4199,7092800000.0
2011-06-17,2661.4141,2675.0259,2641.3921,2643.647,6444299776.0
2011-06-20,2635.834,2637.8831,2610.99,2622.626,6006000128.0
2011-06-21,2628.022,2648.0239,2618.8069,2647.6831,6482200064.0
2011-06-22,2648.5339,2657.7251,2633.4741,2648.978,5831399936.0
2011-06-23,2640.6599,2693.417,2630.3359,2687.5911,7377299968.0
2011-06-24,2678.052,2759.71,2674.303,2745.749,12577399808.0
2011-06-27,2746.7871,2769.043,2743.4961,2757.7539,10160100352.0
2011-06-28,2759.7129,2763.28,2736.3979,2759.9741,8827700224.0
2011-06-29,2757.3999,2759.231,2727.2529,2728.4829,8822400000.0
2011-06-30,2729.9919,2774.365,2729.9919,2762.78,9096699904.0
2011-07-01,2767.834,2778.668,2752.9661,2759.446,9207300096.0
2011-07-04,2770.9399,2813.27,2770.9399,2813.0769,12196200448.0
2011-07-05,2812.7219,2818.1411,2799.1101,2816.4961,11012400128.0
2011-07-06,2811.8149,2811.8149,2780.728,2809.9319,10310400000.0
2011-07-07,2813.1931,2825.123,2793.8921,2795.1509,11651200000.0
2011-07-08,2797.0259,2807.3799,2784.126,2797.061,8621200384.0
2011-07-11,2789.4541,2807.322,2780.665,2803.6641,8606400512.0
2011-07-12,2783.7219,2783.7219,2752.186,2755.1731,9667399680.0
2011-07-13,2756.032,2797.2661,2756.032,2795.7981,9192899584.0
2011-07-14,2798.2119,2811.7041,2788.9829,2811.4871,10450199552.0
2011-07-15,2803.5847,2821.3386,2794.1589,2819.3193,10746999808.0
2011-07-18,2821.3579,2826.959,2807.1079,2817.313,10810900480.0
2011-07-19,2804.9231,2809.3149,2790.6851,2798.323,9274099712.0
2011-07-20,2810.436,2817.2849,2779.3811,2795.0,8403100160.0
2011-07-21,2795.896,2799.8521,2763.418,2766.1599,8176099840.0
2011-07-22,2769.863,2782.1689,2763.8,2770.2971,7021199872.0
2011-07-25,2759.6279,2759.6279,2680.7471,2688.9541,11124200448.0
2011-07-26,2685.7539,2704.939,2677.1189,2704.207,7288099840.0
2011-07-27,2690.144,2726.801,2680.4331,2724.4419,8040800256.0
2011-07-28,2701.771,2712.0901,2684.6609,2709.061,7847499776.0
2011-07-29,2706.4971,2721.53,2681.272,2701.7681,7547200000.0
2011-08-01,2697.575,2712.8879,2688.5291,2704.5491,5900100096.0
2011-08-02,2689.9709,2689.9709,2651.28,2679.667,6999300096.0
2011-08-03,2659.1179,2688.0649,2654.364,2678.0991,6398199808.0
2011-08-04,2683.1909,2698.8149,2675.5339,2684.136,5887200256.0
2011-08-05,2620.2771,2644.5811,2605.137,2627.083,7857200128.0
2011-08-08,2599.2891,2614.1899,2497.918,2527.311,11030200320.0
2011-08-09,2468.032,2537.4089,2437.6799,2526.2329,10372400128.0
2011-08-10,2562.3931,2579.156,2544.9519,2549.199,10036899840.0
2011-08-11,2508.8569,2582.155,2505.012,2581.6101,9559700480.0
2011-08-12,2593.395,2605.447,2585.8459,2593.926,9717099520.0
2011-08-15,2598.1379,2627.104,2584.407,2626.0549,8867699712.0
2011-08-16,2627.854,2636.3601,2601.501,2608.2471,8522699776.0
2011-08-17,2603.9609,2617.165,2596.0391,2600.979,7010899968.0
2011-08-18,2601.99,2603.4851,2556.8589,2559.7771,7098899968.0
2011-08-19,2519.645,2538.272,2513.7539,2535.0649,7060700160.0
2011-08-22,2534.5701,2553.415,2507.782,2516.8989,6121399808.0
2011-08-23,2524.877,2554.178,2514.949,2553.1111,6094400000.0
2011-08-24,2562.4109,2569.2781,2536.2561,2541.0649,6546200064.0
2011-08-25,2546.4021,2616.304,2545.054,2615.093,10453799936.0
2011-08-26,2602.208,2616.636,2593.238,2612.792,7784999936.0
2011-08-29,2595.4661,2595.4661,2570.844,2576.7981,7369600000.0
2011-08-30,2592.5969,2615.135,2563.689,2566.613,7591099904.0
2011-08-31,2566.5291,2574.415,2545.0959,2567.614,5917000192.0
2011-09-01,2569.7991,2584.804,2547.855,2555.53,5729099776.0
2011-09-02,2551.5559,2557.3101,2517.6179,2529.7571,5443700224.0
2011-09-05,2510.1001,2510.1001,2478.1951,2479.812,5503099904.0
2011-09-06,2465.5649,2482.2419,2459.543,2471.2661,4922299904.0
2011-09-07,2480.9409,2516.7539,2475.218,2516.0901,5966600192.0
2011-09-08,2523.9619,2524.376,2498.113,2498.699,5527199744.0
2011-09-09,2506.969,2528.4221,2487.144,2498.0969,5125300224.0
2011-09-13,2467.73,2477.083,2453.7959,2471.675,4993099776.0
2011-09-14,2478.5859,2485.9341,2439.3721,2484.8269,5406600192.0
2011-09-15,2482.8589,2496.572,2477.6509,2479.949,5600399872.0
2011-09-16,2490.177,2499.481,2475.7581,2481.2871,4798700032.0
2011-09-19,2469.6001,2469.6001,2437.165,2438.772,4874699776.0
2011-09-20,2433.7209,2460.0339,2426.7029,2448.375,4626599936.0
2011-09-21,2450.116,2517.6731,2438.8521,2513.1919,8668900352.0
2011-09-22,2491.2119,2499.9761,2442.4609,2443.114,7469499904.0
2011-09-23,2411.833,2440.751,2400.1411,2433.615,6730299904.0
2011-09-26,2416.2261,2441.729,2384.6399,2392.6089,5742499840.0
2011-09-27,2410.99,2423.9131,2395.1641,2416.282,5523100160.0
2011-09-28,2427.2891,2430.27,2383.396,2392.281,5575799808.0
2011-09-29,2378.4231,2387.5381,2358.572,2364.5471,5919099904.0
2011-09-30,2368.3979,2377.541,2348.217,2359.4719,4881800192.0
2011-10-10,2363.0779,2368.1489,2338.6851,2345.0991,4174500096.0
2011-10-11,2401.738,2412.376,2323.4121,2347.1541,6397599744.0
2011-10-12,2335.488,2421.6931,2318.6279,2420.176,9150900224.0
2011-10-13,2412.8311,2439.6399,2406.282,2439.1851,8785999872.0
2011-10-14,2429.885,2437.594,2409.2881,2430.4829,6067299840.0
2011-10-17,2434.4861,2452.99,2424.7261,2440.3979,5826800128.0
2011-10-18,2423.282,2425.646,2378.667,2383.063,7952600064.0
2011-10-19,2387.8311,2401.688,2374.417,2377.998,5853499904.0
2011-10-20,2365.9089,2368.6399,2315.8999,2331.959,6542499840.0
2011-10-21,2330.512,2340.3149,2313.782,2317.9309,4843700224.0
2011-10-24,2322.02,2371.092,2307.146,2370.7839,7087399936.0
2011-10-25,2366.3979,2414.0491,2357.387,2408.9209,9088900096.0
2011-10-26,2398.187,2448.981,2394.7329,2428.3169,10744699904.0
2011-10-27,2432.4719,2449.7009,2426.3149,2436.072,8240900096.0
2011-10-28,2462.085,2483.7581,2456.177,2473.4099,11003299840.0
2011-10-31,2470.2539,2478.3069,2455.2051,2468.147,8417299968.0
2011-11-01,2450.3311,2491.355,2445.5271,2469.8911,8889199616.0
2011-11-02,2437.8701,2505.1211,2433.7151,2504.332,10546799616.0
2011-11-03,2510.842,2535.24,2507.2971,2508.0381,13657600000.0
2011-11-04,2525.2439,2536.7791,2512.9041,2528.217,10187400192.0
2011-11-07,2518.8979,2536.1799,2507.615,2509.792,7886700032.0
2011-11-08,2514.259,2524.8201,2500.019,2504.9199,7867299840.0
2011-11-09,2512.5869,2527.7029,2489.0249,2524.8989,7820899840.0
2011-11-10,2498.594,2507.4519,2478.1389,2479.46,8711100416.0
2011-11-11,2483.957,2496.5271,2472.761,2480.3469,6613799936.0
2011-11-14,2498.6721,2529.6321,2496.335,2528.7939,8122999808.0
2011-11-15,2525.948,2534.0591,2518.7019,2528.9199,7922800128.0
2011-11-16,2529.073,2529.458,2456.856,2467.782,9338200064.0
2011-11-17,2467.7041,2482.5281,2459.165,2462.1741,6641399808.0
2011-11-18,2448.387,2448.51,2411.042,2415.8501,7218100224.0
2011-11-21,2416.7319,2419.2439,2396.0859,2415.9189,5016999936.0
2011-11-22,2400.9839,2414.8491,2387.8259,2413.894,5144300032.0
2011-11-23,2415.197,2418.5601,2390.6541,2395.0071,5054799872.0
2011-11-24,2379.146,2409.719,2370.6951,2398.7061,5215399936.0
2011-11-25,2393.3269,2403.9419,2372.6221,2380.7671,4536300032.0
2011-11-28,2383.8931,2396.8269,2372.156,2386.1389,4606499840.0
2011-11-29,2398.9939,2413.3259,2388.2019,2413.0291,5512300032.0
2011-11-30,2406.3291,2407.3259,2319.4399,2334.762,7661100032.0
2011-12-01,2392.4851,2423.5591,2376.916,2386.5491,9864999936.0
2011-12-02,2374.8989,2378.2991,2344.8459,2361.177,5986899968.0
2011-12-05,2363.1111,2363.127,2327.6101,2333.2009,5221499904.0
2011-12-06,2326.6599,2331.8921,2310.155,2325.948,4591699968.0
2011-12-07,2325.562,2339.8469,2317.814,2334.679,4156999936.0
2011-12-08,2329.9109,2346.6541,2302.6421,2329.6389,5147400192.0
2011-12-09,2315.5129,2331.259,2309.457,2315.345,3998899968.0
2011-12-12,2312.1509,2315.811,2290.2639,2292.376,3963300096.0
2011-12-13,2283.2229,2285.814,2245.8679,2247.9741,5862700032.0
2011-12-14,2241.387,2256.7439,2224.7251,2229.2141,4408000000.0
2011-12-15,2215.792,2216.9089,2179.467,2181.521,5671199744.0
2011-12-16,2179.509,2225.5371,2170.748,2224.699,5726600192.0
2011-12-19,2208.071,2221.448,2164.887,2218.2471,5781799936.0
2011-12-20,2209.699,2239.8589,2206.519,2215.626,5276100096.0
2011-12-21,2230.1799,2237.4661,2188.71,2191.085,5087699968.0
2011-12-22,2178.572,2201.5869,2149.4231,2186.5879,5898599936.0
2011-12-23,2183.9109,2219.7859,2178.1411,2204.928,5242100224.0
2011-12-26,2193.6589,2213.4529,2186.0701,2190.0491,4361399808.0
2011-12-27,2186.709,2196.9719,2162.7229,2166.3491,4571200000.0
2011-12-28,2157.6499,2170.6721,2134.0171,2170.238,4963299840.0
2011-12-29,2161.1841,2181.9551,2157.115,2173.561,4474899968.0
2011-12-30,2177.5171,2200.988,2177.5171,2200.1279,5194399744.0
2012-01-04,2211.9951,2217.52,2168.644,2169.7539,4924599808.0
2012-01-05,2160.8979,2183.4041,2145.5559,2148.719,5874299904.0
2012-01-06,2148.147,2164.322,2132.626,2163.439,5058299904.0
2012-01-09,2164.741,2226.218,2148.4529,2225.999,7676000256.0
2012-01-10,2221.8311,2288.6279,2218.2749,2286.1931,10958499840.0
2012-01-11,2282.9131,2290.644,2265.1851,2276.8269,8444199936.0
2012-01-12,2268.739,2295.2241,2265.2561,2276.3479,7157000192.0
2012-01-13,2277.0801,2281.532,2225.7361,2244.261,7147400192.0
2012-01-16,2230.4331,2241.259,2206.0449,2206.6289,4585999872.0
2012-01-17,2206.531,2298.376,2196.1169,2297.2671,8780399616.0
2012-01-18,2298.834,2311.5791,2257.8979,2266.823,8993999872.0
2012-01-19,2266.0759,2305.707,2259.3369,2296.5029,7249900032.0
2012-01-20,2300.5,2322.8911,2293.8931,2319.7371,6992300032.0
2012-01-30,2324.4929,2324.4929,2284.291,2286.3469,5841399808.0
2012-01-31,2285.9541,2296.384,2277.0559,2292.4761,4873800192.0
2012-02-01,2288.0659,2305.863,2263.342,2268.6841,5355400192.0
2012-02-02,2273.8501,2312.5559,2268.687,2311.6899,6347200000.0
2012-02-03,2306.655,2336.2671,2300.9819,2330.416,7894400000.0
2012-02-06,2334.248,2341.575,2317.4221,2331.6021,7573400064.0
2012-02-07,2319.4209,2319.708,2278.825,2292.876,6732700160.0
2012-02-08,2291.812,2350.9651,2286.8191,2347.012,8711499776.0
2012-02-09,2344.2241,2363.613,2333.9341,2349.8521,9803200512.0
2012-02-10,2342.011,2368.979,2339.885,2352.7991,9650199552.0
2012-02-13,2332.0549,2365.3391,2325.0281,2352.2429,8626400256.0
2012-02-14,2348.877,2352.468,2332.2471,2345.377,7312999936.0
2012-02-15,2340.4551,2374.282,2335.1011,2367.1819,9886100480.0
2012-02-16,2363.897,2373.804,2342.073,2357.425,9505099776.0
2012-02-17,2366.6299,2372.512,2344.76,2358.1609,7192500224.0
2012-02-20,2383.686,2388.009,2362.012,2363.0171,8891199488.0
2012-02-21,2365.4871,2382.146,2345.053,2381.5481,7934900224.0
2012-02-22,2380.5029,2404.4419,2374.03,2403.8511,11868399616.0
2012-02-23,2401.738,2416.8049,2396.71,2410.2759,11255400448.0
2012-02-24,2410.8811,2439.9771,2405.2739,2439.469,13490299904.0
2012-02-27,2447.406,2478.375,2444.6289,2446.981,15807299584.0
2012-02-28,2440.9141,2458.6509,2431.8279,2452.2939,11836199936.0
2012-02-29,2446.228,2453.0659,2426.3291,2428.0439,9553699840.0
2012-03-01,2418.7871,2437.874,2418.334,2427.615,7508299776.0
2012-03-02,2430.0969,2461.1211,2430.0969,2459.938,10322799616.0
2012-03-05,2464.8491,2469.8411,2442.115,2445.905,11269300224.0
2012-03-06,2439.7791,2442.001,2406.0559,2411.2549,10370899968.0
2012-03-07,2391.2019,2413.6951,2388.519,2395.0669,9479100416.0
2012-03-08,2401.1021,2426.698,2401.1021,2419.936,9678199808.0
2012-03-09,2425.885,2440.511,2414.9651,2439.49,10062399488.0
2012-03-12,2438.5459,2440.8569,2420.8401,2434.5491,10622300160.0
2012-03-13,2432.843,2457.22,2428.6089,2456.354,10465000448.0
2012-03-14,2464.915,2476.2161,2382.8359,2392.272,17978599424.0
2012-03-15,2388.063,2403.7419,2366.0239,2374.3201,12002499584.0
2012-03-16,2377.7571,2406.1479,2368.311,2405.106,10367599616.0
2012-03-19,2401.217,2412.3359,2383.6741,2410.499,10215300096.0
2012-03-20,2407.542,2407.542,2376.031,2377.5039,9790400512.0
2012-03-21,2384.709,2396.7219,2361.2219,2378.8879,9568700416.0
2012-03-22,2376.991,2386.0991,2364.1299,2376.457,7934900224.0
2012-03-23,2369.0769,2371.262,2342.1189,2351.1909,7686199808.0
2012-03-26,2349.0859,2357.9961,2339.1411,2350.8511,5542799872.0
2012-03-27,2358.5449,2363.7661,2344.304,2347.804,6088099840.0
2012-03-28,2341.0029,2341.4199,2281.4331,2285.5391,8364499968.0
2012-03-29,2276.74,2280.958,2242.345,2252.167,7424799744.0
2012-03-30,2256.042,2266.208,2246.2451,2262.3899,6202399744.0
2012-04-05,2258.031,2303.824,2251.3931,2302.655,8010100224.0
2012-04-06,2299.0549,2309.6399,2291.5591,2306.553,7213700096.0
2012-04-09,2300.051,2304.6499,2284.4419,2285.3579,5976099840.0
2012-04-10,2281.0239,2306.387,2258.853,2306.092,6734600192.0
2012-04-11,2286.7161,2319.053,2280.0349,2308.6831,7512999936.0
2012-04-12,2310.4839,2351.0549,2307.8411,2350.0801,9768800256.0
2012-04-13,2351.5129,2369.7009,2346.9441,2359.1521,9877399552.0
2012-04-16,2346.3069,2364.1111,2342.199,2356.282,8532299776.0
2012-04-17,2355.3689,2363.0129,2333.3411,2334.1621,8468800000.0
2012-04-18,2341.135,2383.6399,2337.856,2380.8479,10861299712.0
2012-04-19,2378.6321,2386.978,2369.459,2378.7151,9427200000.0
2012-04-20,2374.6621,2407.2939,2372.1299,2406.5081,11552199680.0
2012-04-23,2403.521,2411.51,2383.0681,2389.501,12290799616.0
2012-04-24,2380.2361,2415.749,2350.3989,2389.071,13372199936.0
2012-04-25,2382.2109,2411.4209,2376.626,2406.4651,13097299968.0
2012-04-26,2408.5569,2414.7529,2393.2649,2404.541,11553000448.0
2012-04-27,2402.4309,2408.4199,2393.8669,2396.2771,9122799616.0
2012-05-02,2421.082,2446.3501,2407.7871,2438.2639,12800600064.0
2012-05-03,2433.5891,2441.9529,2427.728,2440.054,10224799744.0
2012-05-04,2437.4651,2453.731,2427.969,2452.3469,10220499968.0
2012-05-07,2441.7571,2451.947,2432.7361,2451.1221,10883000320.0
2012-05-08,2451.575,2451.5979,2431.0249,2448.761,10485600256.0
2012-05-09,2432.4719,2432.4719,2407.5081,2409.313,9790199808.0
2012-05-10,2409.9451,2419.1211,2402.2041,2410.678,8169800192.0
2012-05-11,2406.074,2415.9771,2393.3779,2395.3999,7486400000.0
2012-05-14,2408.262,2411.271,2377.9829,2381.7839,9052600320.0
2012-05-15,2367.083,2376.594,2354.614,2374.821,7792300032.0
2012-05-16,2369.2949,2372.032,2344.5,2346.2471,7673399808.0
2012-05-17,2347.177,2383.3059,2342.3521,2379.0149,8686999552.0
2012-05-18,2364.8989,2369.5979,2338.241,2345.425,8968899584.0
2012-05-21,2343.575,2360.386,2330.325,2348.4861,7484000256.0
2012-05-22,2355.7319,2374.0559,2354.8679,2373.9541,7678000128.0
2012-05-23,2369.2649,2378.0769,2350.5481,2364.314,8421700096.0
2012-05-24,2359.6819,2373.0569,2344.5801,2352.0491,7920699904.0
2012-05-25,2350.541,2355.8081,2327.408,2334.0139,7401900032.0
2012-05-28,2325.3169,2361.7439,2309.072,2361.1021,9496200192.0
2012-05-29,2361.0029,2393.2791,2358.374,2389.25,11715800064.0
2012-05-30,2385.3921,2391.6909,2378.1331,2383.343,8981000192.0
2012-05-31,2370.0071,2382.989,2362.314,2373.054,7789000192.0
2012-06-01,2373.2241,2388.0859,2365.4419,2374.3291,7702199808.0
2012-06-04,2346.9839,2348.199,2308.229,2309.583,9017900032.0
2012-06-05,2313.741,2323.2981,2304.0459,2311.5391,6607900160.0
2012-06-06,2315.561,2323.113,2301.0349,2309.616,5853199872.0
2012-06-07,2324.6721,2328.6721,2288.665,2293.509,6023199744.0
2012-06-08,2306.218,2306.8821,2276.7141,2281.5139,6792500224.0
2012-06-11,2282.8911,2311.772,2278.1631,2305.1541,6419800064.0
2012-06-12,2295.0701,2298.95,2280.9509,2290.689,5994200064.0
2012-06-13,2289.707,2319.7141,2284.6499,2319.5769,7845400064.0
2012-06-14,2306.781,2314.585,2293.0649,2296.301,7163400192.0
2012-06-15,2299.781,2314.2419,2283.3999,2308.2461,6868800000.0
2012-06-18,2313.53,2325.052,2309.709,2316.604,6059500032.0
2012-06-19,2313.4541,2313.4541,2298.394,2301.0039,6013599744.0
2012-06-20,2300.406,2304.458,2291.541,2294.542,5410400256.0
2012-06-21,2288.4541,2288.4541,2253.7891,2262.019,5899200000.0
2012-06-25,2253.5139,2253.5139,2223.054,2224.7219,5976900096.0
2012-06-26,2214.6489,2229.24,2203.9441,2221.884,5294099968.0
2012-06-27,2219.9441,2233.543,2213.323,2216.8181,5104900096.0
2012-06-28,2220.2361,2224.155,2195.356,2195.97,5418200064.0
2012-06-29,2190.575,2226.4851,2188.7161,2225.7759,6144200192.0
2012-07-02,2234.3201,2234.873,2215.3579,2225.4961,6219599872.0
2012-07-03,2225.5681,2244.832,2219.05,2229.1179,6270300160.0
2012-07-04,2233.335,2239.269,2219.448,2226.7549,5527399936.0
2012-07-05,2218.2161,2218.2161,2192.6479,2200.9619,5796800000.0
2012-07-06,2203.73,2227.4729,2185.522,2224.554,7655799808.0
2012-07-09,2210.7141,2216.697,2168.6079,2171.324,7511099904.0
2012-07-10,2166.947,2178.1951,2156.7261,2164.8931,5899400192.0
2012-07-11,2160.02,2176.491,2156.5959,2176.491,5861400064.0
2012-07-12,2172.064,2197.0439,2152.675,2185.3401,8213400064.0
2012-07-13,2180.1721,2198.6609,2177.9231,2185.7329,5754699776.0
2012-07-16,2187.887,2188.063,2146.1531,2147.9551,6748800000.0
2012-07-17,2142.4299,2165.335,2141.481,2161.186,5518400000.0
2012-07-18,2159.8569,2170.2959,2138.792,2169.0991,6655300096.0
2012-07-19,2164.2739,2197.79,2159.9431,2184.8411,7933799936.0
2012-07-20,2180.012,2185.7329,2162.064,2168.6379,6434699776.0
2012-07-23,2154.1709,2154.1709,2135.563,2141.4009,5567699968.0
2012-07-24,2132.3169,2158.948,2131.0129,2146.5879,5441099776.0
2012-07-25,2141.0359,2151.45,2132.833,2136.1509,4857600000.0
2012-07-26,2134.9871,2147.6641,2124.155,2126.0039,5288399872.0
2012-07-27,2132.0081,2139.1531,2120.6299,2128.7649,5207699968.0
2012-07-30,2128.1589,2137.7361,2107.634,2109.9141,5199200256.0
2012-07-31,2109.325,2116.9041,2100.252,2103.634,5345600000.0
2012-08-01,2101.7229,2130.7119,2101.708,2123.3601,5380499968.0
2012-08-02,2120.146,2126.46,2103.4951,2111.1819,5346800128.0
2012-08-03,2113.9641,2133.2661,2108.3301,2132.7959,5337099776.0
2012-08-06,2129.1479,2158.6809,2127.2629,2154.916,7184300032.0
2012-08-07,2153.093,2159.6831,2148.897,2157.6201,7504999936.0
2012-08-08,2158.9819,2168.7339,2153.02,2160.99,7287000064.0
2012-08-09,2159.4341,2175.5449,2148.6941,2174.1021,7252899840.0
2012-08-10,2172.9641,2176.7949,2165.2839,2168.814,6836899840.0
2012-08-13,2164.043,2164.043,2134.554,2136.0779,7135200256.0
2012-08-14,2137.0471,2144.0061,2119.2529,2142.5249,6757199872.0
2012-08-15,2138.2781,2139.1421,2118.5029,2118.9451,5460899840.0
2012-08-16,2116.0801,2122.6831,2109.658,2112.197,4517300224.0
2012-08-17,2111.6531,2120.7141,2100.7871,2114.8911,4439099904.0
2012-08-20,2102.231,2110.78,2089.0181,2106.9561,4671699968.0
2012-08-21,2106.3811,2124.1951,2103.071,2118.2681,6075700224.0
2012-08-22,2118.8811,2121.1489,2097.605,2107.7109,5844100096.0
2012-08-23,2106.96,2118.7361,2097.083,2113.072,5847199744.0
2012-08-24,2108.3601,2109.822,2089.217,2092.104,6017900032.0
2012-08-27,2085.373,2085.373,2055.376,2055.708,6031499776.0
2012-08-28,2054.967,2083.9561,2052.4919,2073.1541,5442200064.0
2012-08-29,2066.8201,2073.949,2051.7749,2053.2351,5221000192.0
2012-08-30,2044.033,2060.1841,2032.537,2052.585,6196400128.0
2012-08-31,2046.2889,2059.302,2044.65,2047.522,4614400000.0
2012-09-03,2044.824,2066.78,2041.161,2059.147,6063499776.0
2012-09-04,2060.613,2063.8169,2039.266,2043.649,5746200064.0
2012-09-05,2038.873,2048.3191,2029.054,2037.681,5765000192.0
2012-09-06,2040.668,2052.95,2036.366,2051.918,5609200128.0
2012-09-07,2062.99,2145.0029,2062.99,2127.762,13993299968.0
2012-09-10,2128.0649,2140.168,2120.4861,2134.8931,10357999616.0
2012-09-11,2127.519,2127.519,2107.219,2120.554,8042699776.0
2012-09-12,2129.687,2137.8899,2109.137,2126.554,8411500032.0
2012-09-13,2123.8401,2130.0791,2109.9961,2110.3789,7904500224.0
2012-09-14,2127.3889,2136.2261,2111.1201,2123.8469,9124800512.0
2012-09-17,2120.6169,2121.583,2077.4839,2078.5,7639199744.0
2012-09-18,2069.343,2074.762,2053.6621,2059.543,5379500032.0
2012-09-19,2061.061,2069.95,2055.198,2067.8311,5224399872.0
2012-09-20,2060.3059,2060.3059,2023.085,2024.837,6748299776.0
2012-09-21,2020.554,2041.948,2018.2629,2026.6899,6028899840.0
2012-09-24,2015.767,2040.85,2005.2629,2033.191,5763800064.0
2012-09-25,2028.632,2039.0959,2021.809,2029.293,4821899776.0
2012-09-26,2027.855,2033.036,1999.484,2004.172,5040099840.0
2012-09-27,2003.099,2068.071,2002.324,2056.323,7669100032.0
2012-09-28,2042.886,2089.6331,2040.35,2086.1689,7944900096.0
2012-10-08,2084.8491,2096.259,2063.0891,2074.4189,5513200128.0
2012-10-09,2081.5879,2119.3359,2081.5879,2115.229,8456399872.0
2012-10-10,2111.5869,2121.9919,2102.5349,2119.9419,7891200000.0
2012-10-11,2114.2319,2117.8391,2101.1399,2102.8679,7449699840.0
2012-10-12,2109.0701,2127.3069,2092.511,2104.9319,6826299904.0
2012-10-15,2105.0239,2107.199,2085.115,2098.7029,5394100224.0
2012-10-16,2097.05,2111.78,2089.6951,2098.8081,5781799936.0
2012-10-17,2104.28,2113.1621,2088.0439,2105.6179,5987400192.0
2012-10-18,2108.498,2137.686,2107.4919,2131.688,8719099904.0
2012-10-19,2129.8201,2136.8689,2125.7361,2128.302,6764100096.0
2012-10-22,2118.521,2138.0271,2112.752,2132.7581,6011700224.0
2012-10-23,2132.1079,2136.218,2111.9231,2114.447,7268400128.0
2012-10-24,2106.8301,2123.998,2104.6699,2115.99,7288699904.0
2012-10-25,2114.7639,2128.74,2100.6089,2101.5791,8539299840.0
2012-10-26,2100.1001,2102.1621,2058.063,2066.209,7860599808.0
2012-10-29,2061.8469,2068.2371,2053.092,2058.9431,5363500032.0
2012-10-30,2059.2019,2075.905,2054.2639,2062.3469,6056900096.0
2012-10-31,2061.124,2070.479,2053.583,2068.8799,5952699904.0
2012-11-01,2070.02,2109.4961,2069.947,2104.428,8288699904.0
2012-11-02,2105.449,2119.2241,2096.531,2117.0459,7655699968.0
2012-11-05,2113.3279,2123.3269,2104.584,2114.0271,7153900032.0
2012-11-06,2113.658,2114.791,2078.4719,2105.999,7134400000.0
2012-11-07,2102.4189,2112.6311,2093.2891,2105.73,5937999872.0
2012-11-08,2091.2539,2092.5649,2070.6499,2071.509,6659500032.0
2012-11-09,2066.4951,2077.228,2062.416,2069.0669,5422300160.0
2012-11-12,2069.2141,2079.571,2061.8401,2079.2729,5669499904.0
2012-11-13,2078.1331,2078.1331,2044.036,2047.889,6108700160.0
2012-11-14,2047.257,2056.488,2040.172,2055.4189,4809299968.0
2012-11-15,2045.4561,2053.5601,2029.874,2030.29,5055699968.0
2012-11-16,2026.563,2028.686,2001.7159,2014.725,4958199808.0
2012-11-19,2013.246,2018.38,1995.7209,2016.9821,4532700160.0
2012-11-20,2020.433,2023.611,2004.17,2008.923,4258099968.0
2012-11-21,2008.2111,2031.149,1995.174,2030.319,5328200192.0
2012-11-22,2021.209,2023.085,2009.72,2015.611,4557799936.0
2012-11-23,2020.015,2034.884,2017.004,2027.384,5155100160.0
2012-11-26,2023.339,2027.274,2014.0291,2017.464,4478000128.0
2012-11-27,2012.075,2014.21,1990.3361,1991.165,5662700032.0
2012-11-28,1984.48,1984.863,1968.213,1973.5229,5050599936.0
2012-11-29,1972.925,1980.556,1961.822,1963.488,4953999872.0
2012-11-30,1961.8149,1983.4189,1959.334,1980.1169,5689299968.0
2012-12-03,1977.254,1988.191,1957.884,1959.767,6165300224.0
2012-12-04,1956.616,1980.119,1949.457,1975.1429,6237799936.0
2012-12-05,1973.1071,2040.604,1970.201,2031.907,11997299712.0
2012-12-06,2029.562,2036.609,2018.379,2029.2371,8145900032.0
2012-12-07,2028.766,2065.7439,2023.9611,2061.7859,11515700224.0
2012-12-10,2067.324,2087.0071,2064.615,2083.77,11538299904.0
2012-12-11,2077.5569,2088.635,2070.1919,2074.7041,9337100288.0
2012-12-12,2073.271,2085.9341,2066.3911,2082.7261,7855900160.0
2012-12-13,2077.416,2081.363,2059.4719,2061.4761,7227200000.0
2012-12-14,2062.689,2152.4961,2062.543,2150.625,16087400448.0
2012-12-17,2152.0969,2169.5701,2151.936,2160.342,14424200192.0
2012-12-18,2155.8579,2183.7129,2144.7329,2162.4641,12609899520.0
2012-12-19,2158.6699,2175.395,2154.2871,2162.239,9439200256.0
2012-12-20,2156.1931,2174.8191,2142.9509,2168.353,9938400256.0
2012-12-21,2169.5701,2190.3979,2148.1699,2153.3101,10337300480.0
2012-12-24,2150.6531,2170.394,2149.825,2159.053,7847000064.0
2012-12-25,2154.3201,2220.2629,2146.8621,2213.6111,14332800000.0
2012-12-26,2211.594,2220.4751,2206.7871,2219.1321,12185900032.0
2012-12-27,2223.655,2234.7241,2204.79,2205.897,12902400000.0
2012-12-28,2207.9121,2234.8689,2204.0029,2233.252,11592500224.0
2012-12-31,2236.4609,2269.512,2236.4609,2269.1279,12803099648.0
2013-01-04,2289.51,2296.113,2256.5601,2276.9919,13946999808.0
2013-01-07,2271.6631,2293.3169,2266.8621,2285.364,11816299520.0
2013-01-08,2284.6541,2289.1389,2262.979,2276.0701,12290799616.0
2013-01-09,2271.2991,2283.896,2259.051,2275.3401,12201499648.0
2013-01-10,2274.377,2295.4839,2268.6479,2283.657,12006700032.0
2013-01-11,2285.1851,2290.2051,2234.947,2242.9971,12506800128.0
2013-01-14,2236.2881,2317.6169,2235.1069,2311.74,14474999808.0
2013-01-15,2312.468,2332.783,2309.323,2325.6819,16564599808.0
2013-01-16,2322.158,2326.7639,2279.5071,2309.499,15351100416.0
2013-01-17,2305.1399,2305.6021,2275.877,2284.9089,11910200320.0
2013-01-18,2295.8091,2324.509,2285.9719,2317.0701,12543800320.0
2013-01-21,2321.49,2329.5811,2305.0991,2328.2209,13468000256.0
2013-01-22,2326.49,2335.8059,2301.301,2315.1389,14946700288.0
2013-01-23,2308.521,2325.1179,2296.491,2320.9109,11818000384.0
2013-01-24,2320.2581,2362.9431,2287.2959,2302.5979,16103199744.0
2013-01-25,2300.001,2308.3799,2288.262,2291.304,9260600320.0
2013-01-28,2295.3521,2346.9209,2295.3521,2346.5049,12838400000.0
2013-01-29,2347.2151,2363.7971,2337.353,2358.9771,14185400320.0
2013-01-30,2360.748,2383.7629,2347.8899,2382.4751,14987899904.0
2013-01-31,2383.426,2391.821,2371.2261,2385.4221,13970799616.0
2013-02-01,2377.4141,2421.1541,2369.5701,2419.02,14081800192.0
2013-02-04,2425.9209,2440.376,2417.585,2428.1541,16755099648.0
2013-02-05,2411.001,2437.415,2403.302,2433.1299,15075500032.0
2013-02-06,2432.677,2441.7261,2427.699,2434.4771,11658000384.0
2013-02-07,2430.688,2433.8931,2394.218,2418.53,12000900096.0
2013-02-08,2416.6189,2443.032,2414.3979,2432.4021,10906999808.0
2013-02-18,2441.906,2444.804,2415.429,2421.5581,11617500160.0
2013-02-19,2420.2649,2427.075,2373.5349,2382.9141,12347299840.0
2013-02-20,2383.4929,2397.9409,2370.6079,2397.178,11028100096.0
2013-02-21,2378.822,2378.822,2309.1709,2325.9509,14405900288.0
2013-02-22,2322.9399,2330.8789,2308.76,2314.1641,9698199552.0
2013-02-25,2320.6179,2338.78,2315.012,2325.8191,8836700160.0
2013-02-26,2313.74,2340.709,2289.887,2293.3401,11763900416.0
2013-02-27,2297.7671,2324.627,2292.0339,2313.22,9782500352.0
2013-02-28,2322.323,2366.1641,2308.916,2365.593,12695000064.0
2013-03-01,2364.5439,2369.6489,2330.8579,2359.5061,12031299584.0
2013-03-04,2332.0801,2333.54,2259.2471,2273.4041,16174999552.0
2013-03-05,2274.8081,2328.1431,2270.1001,2326.3059,13113700352.0
2013-03-06,2333.615,2351.4409,2321.6001,2347.179,14133399552.0
2013-03-07,2340.436,2352.021,2304.27,2324.293,13975600128.0
2013-03-08,2326.417,2333.667,2314.5869,2318.6111,9879400448.0
2013-03-11,2314.6831,2320.9609,2296.583,2310.593,8411200000.0
2013-03-12,2309.158,2333.2859,2264.8291,2286.605,11766400000.0
2013-03-13,2282.1699,2286.3291,2253.249,2263.968,9097299968.0
2013-03-14,2255.7749,2276.2219,2253.3101,2270.2771,8029400064.0
2013-03-15,2269.3149,2312.0779,2250.0049,2278.4009,11647800320.0
2013-03-18,2267.2871,2276.05,2239.2141,2240.0161,9312300032.0
2013-03-19,2244.2649,2261.314,2232.0229,2257.4341,8758200320.0
2013-03-20,2257.7371,2317.8601,2257.4209,2317.374,13124100096.0
2013-03-21,2318.2051,2330.813,2311.603,2324.2419,11920100352.0
2013-03-22,2321.4031,2331.9951,2314.967,2328.2781,10116700160.0
2013-03-25,2334.7351,2344.894,2319.908,2326.7151,9703199744.0
2013-03-26,2318.5779,2319.988,2281.1179,2297.6689,10444900352.0
2013-03-27,2299.377,2323.4771,2288.9951,2301.259,9633099776.0
2013-03-28,2273.552,2273.552,2232.905,2236.302,12765899776.0
2013-03-29,2238.4851,2246.8679,2228.813,2236.6211,8556499968.0
2013-04-01,2229.46,2243.949,2227.314,2234.395,7741199872.0
2013-04-02,2234.9009,2253.4209,2220.439,2227.74,8971400192.0
2013-04-03,2232.6941,2241.3401,2217.252,2225.2949,8179500032.0
2013-04-08,2196.238,2212.5859,2180.6731,2211.592,8625699840.0
2013-04-09,2215.467,2234.7251,2215.467,2225.7749,8289699840.0
2013-04-10,2224.9341,2233.04,2212.561,2226.126,8062000128.0
2013-04-11,2236.9829,2242.479,2217.2649,2219.553,7363299840.0
2013-04-12,2218.095,2226.262,2204.438,2206.78,6684599808.0
2013-04-15,2199.9141,2204.9871,2177.3879,2181.9409,7163200000.0
2013-04-16,2169.6299,2196.4319,2165.7839,2194.845,7999200256.0
2013-04-17,2195.032,2197.5081,2178.468,2193.7959,6831399936.0
2013-04-18,2181.822,2206.0271,2175.4441,2197.6021,7161699840.0
2013-04-19,2201.1221,2250.1101,2200.584,2244.6431,10966099968.0
2013-04-22,2236.4021,2245.1189,2232.2581,2242.1689,9523399680.0
2013-04-23,2242.616,2242.616,2182.8059,2184.5381,9654099968.0
2013-04-24,2187.3491,2226.1169,2184.1089,2218.3181,9159999488.0
2013-04-25,2213.1851,2224.6299,2191.8479,2199.3069,9670400000.0
2013-04-26,2203.8889,2210.5811,2173.863,2177.9121,7667400192.0
2013-05-02,2170.783,2179.647,2161.1399,2174.123,6833800192.0
2013-05-03,2179.0491,2222.8101,2179.0491,2205.4971,8858300416.0
2013-05-06,2212.4939,2236.0649,2212.4939,2231.165,9226800128.0
2013-05-07,2227.8611,2240.2561,2219.4351,2235.574,8645199872.0
2013-05-08,2242.3931,2255.207,2235.417,2246.3,9037200384.0
2013-05-09,2246.8999,2247.8,2221.3,2232.8999,9853200384.0
2013-05-10,2228.8191,2247.6731,2225.811,2246.8311,9033499648.0
2013-05-13,2247.678,2250.853,2231.363,2241.9189,8621100032.0
2013-05-14,2238.8999,2239.9199,2205.8701,2217.01,8324499968.0
2013-05-15,2217.0801,2225.1799,2213.5801,2224.79,7172299776.0
2013-05-16,2221.3359,2252.8721,2210.769,2251.8049,11028400128.0
2013-05-17,2249.8101,2288.0901,2248.4131,2282.8689,12612599808.0
2013-05-20,2286.3201,2309.3899,2281.8899,2299.98,13915100160.0
2013-05-21,2297.1101,2305.3,2290.123,2305.113,12417300480.0
2013-05-22,2303.749,2314.1819,2292.4309,2302.4031,12835999744.0
2013-05-23,2293.8081,2304.9519,2274.1011,2275.666,12401999872.0
2013-05-24,2281.4451,2292.595,2270.249,2288.532,10144100352.0
2013-05-27,2286.6609,2301.7019,2283.9341,2293.0769,10732499968.0
2013-05-28,2293.3999,2322.0,2281.3999,2321.3,13263299584.0
2013-05-29,2323.5381,2334.334,2321.165,2324.0171,12525100032.0
2013-05-30,2316.2529,2325.7209,2310.4919,2317.748,11191300096.0
2013-05-31,2320.738,2325.533,2299.3679,2300.594,10816300032.0
2013-06-03,2300.209,2313.425,2294.113,2299.252,9688299520.0
2013-06-04,2297.1001,2297.1001,2264.7,2272.3999,10189599744.0
2013-06-05,2270.7109,2276.864,2260.8701,2270.9299,7648300032.0
2013-06-06,2264.4241,2266.6909,2240.0691,2242.1089,8153900032.0
2013-06-07,2242.26,2250.6201,2205.0601,2210.8899,8997799936.0
2013-06-13,2190.1011,2190.1011,2126.2151,2148.355,9437100032.0
2013-06-14,2150.0601,2163.845,2142.78,2162.041,7785699840.0
2013-06-17,2165.9939,2169.356,2147.0281,2156.2141,7575799808.0
2013-06-18,2158.5449,2161.6799,2138.3469,2159.291,6963200000.0
2013-06-19,2150.8149,2150.8149,2115.792,2143.4541,7542499840.0
2013-06-20,2132.813,2132.813,2082.824,2084.021,7778800128.0
2013-06-21,2058.97,2085.8601,2042.87,2073.0901,7967300096.0
2013-06-24,2068.8611,2068.8611,1958.401,1963.235,10919799808.0
2013-06-25,1948.3149,1963.566,1849.653,1959.5081,13815900160.0
2013-06-26,1954.473,1959.157,1922.823,1951.495,10119300096.0
2013-06-27,1955.125,1980.5389,1942.371,1950.012,10581300224.0
2013-06-28,1935.515,1987.984,1925.651,1979.2061,10073799680.0
2013-07-01,1965.986,1995.915,1957.5699,1995.2419,7805100032.0
2013-07-02,1992.889,2007.619,1978.427,2006.559,8641500160.0
2013-07-03,1996.5,1996.53,1965.51,1994.26,9346599936.0
2013-07-04,1982.869,2022.136,1974.103,2006.097,10039400448.0
2013-07-05,2006.191,2021.541,2002.3669,2007.199,9134499840.0
2013-07-08,1983.214,1983.214,1953.121,1958.272,8413599744.0
2013-07-09,1953.6021,1969.1479,1946.365,1965.454,6453899776.0
2013-07-10,1962.839,2009.359,1960.276,2008.125,8979800064.0
2013-07-11,2011.02,2092.8679,2010.4,2072.991,15997100032.0
2013-07-12,2068.0439,2074.8569,2036.05,2039.486,12117399552.0
2013-07-15,2046.119,2076.6641,2037.248,2059.3899,10147000320.0
2013-07-16,2054.6001,2066.363,2038.535,2065.72,9673700352.0
2013-07-17,2061.186,2075.813,2043.231,2044.922,10325099520.0
2013-07-18,2038.4,2043.3719,2016.899,2023.396,9213200384.0
2013-07-19,2025.317,2035.22,1990.2531,1992.6479,10457799680.0
2013-07-22,1977.733,2005.474,1970.639,2004.762,8292199936.0
2013-07-23,2008.955,2051.5259,2005.092,2043.876,10951700480.0
2013-07-24,2035.691,2042.7729,2010.424,2033.329,10665600000.0
2013-07-25,2037.3361,2045.365,2016.431,2021.174,9854499840.0
2013-07-26,2013.1899,2021.574,2000.797,2010.85,7379999744.0
2013-07-29,1997.838,1997.838,1969.853,1976.306,7868299776.0
2013-07-30,1981.452,2006.2321,1965.361,1990.064,7721999872.0
2013-07-31,2000.7939,2015.472,1987.88,1993.799,7016099840.0
2013-08-01,2000.818,2029.928,1997.058,2029.067,9125699584.0
2013-08-02,2039.514,2047.084,2025.6541,2029.418,9359299584.0
2013-08-05,2031.724,2050.9109,2025.226,2050.481,8551799808.0
2013-08-06,2043.653,2066.74,2034.957,2060.5,10558100480.0
2013-08-07,2056.3669,2069.561,2043.75,2046.778,10771300352.0
2013-08-08,2044.436,2058.561,2037.251,2044.895,8413300224.0
2013-08-09,2052.2439,2061.708,2030.127,2052.2351,9531599872.0
2013-08-12,2058.416,2102.3469,2055.7151,2101.283,13512899584.0
2013-08-13,2101.324,2106.396,2093.7959,2106.156,11770900480.0
2013-08-14,2109.2251,2122.9651,2093.043,2100.137,11443800064.0
2013-08-15,2099.2791,2108.405,2079.969,2081.8799,9939699712.0
2013-08-16,2075.9829,2198.8479,2061.6541,2068.4519,15306300416.0
2013-08-19,2055.1279,2091.1321,2052.7029,2085.6021,9744700416.0
2013-08-20,2081.9651,2098.98,2066.072,2072.595,10738199552.0
2013-08-21,2076.271,2076.3169,2056.9131,2072.9609,8744599552.0
2013-08-22,2069.313,2083.333,2062.3669,2067.124,9092800512.0
2013-08-23,2075.929,2079.8459,2029.365,2057.458,11242600448.0
2013-08-26,2061.417,2097.343,2056.1331,2096.4741,11993299968.0
2013-08-27,2095.4399,2105.376,2090.425,2103.5659,12634200064.0
2013-08-28,2092.311,2113.8159,2080.8611,2101.301,16139200512.0
2013-08-29,2108.436,2110.894,2088.2361,2097.2271,13326799872.0
2013-08-30,2097.217,2114.3931,2089.095,2098.3821,17007599616.0
2013-09-02,2104.0901,2108.6831,2078.4551,2098.448,14915900416.0
2013-09-03,2100.449,2123.8469,2095.4551,2123.1121,13889300480.0
2013-09-04,2121.6799,2132.9961,2115.7529,2127.6179,14200000512.0
2013-09-05,2125.2549,2127.855,2115.2361,2122.4299,12654399488.0
2013-09-06,2119.333,2143.2439,2119.021,2139.9929,14326099968.0
2013-09-09,2151.3469,2218.5291,2151.3469,2212.5161,21942700032.0
2013-09-10,2214.814,2238.551,2202.8159,2237.9839,23720699904.0
2013-09-11,2244.9619,2258.075,2233.0029,2241.2681,24434900992.0
2013-09-12,2236.1709,2270.2681,2226.2881,2255.604,20971499520.0
2013-09-13,2251.4619,2259.4241,2228.4829,2236.217,17198399488.0
2013-09-16,2244.4629,2248.4709,2226.1709,2231.4009,15488400384.0
2013-09-17,2230.3879,2230.929,2184.9221,2185.5601,15454300160.0
2013-09-18,2185.936,2195.9041,2172.043,2191.8511,11511199744.0
2013-09-23,2199.3611,2223.0681,2198.3359,2221.0439,13317499904.0
2013-09-24,2219.467,2219.543,2187.2361,2207.531,16041499648.0
2013-09-25,2206.2251,2217.9741,2193.7219,2198.5149,16021300224.0
2013-09-26,2192.2261,2192.2261,2154.7209,2155.8091,14041499648.0
2013-09-27,2150.9609,2165.7771,2149.594,2160.0271,10540199936.0
2013-09-30,2167.7339,2176.303,2165.1621,2174.665,9281000448.0
2013-10-08,2171.9041,2200.0181,2161.489,2198.199,12670999552.0
2013-10-09,2191.3921,2212.3469,2185.1799,2211.769,13087200256.0
2013-10-10,2214.405,2214.592,2186.48,2190.929,14977599488.0
2013-10-11,2201.4089,2228.8711,2200.53,2228.146,15689199616.0
2013-10-14,2232.218,2242.9839,2226.4031,2237.7729,16598299648.0
2013-10-15,2237.9309,2240.249,2221.1389,2233.4121,15372300288.0
2013-10-16,2228.113,2228.113,2183.4031,2193.074,15463900160.0
2013-10-17,2201.71,2211.03,2183.2461,2188.542,12676800512.0
2013-10-18,2188.7141,2203.291,2184.3601,2193.78,10372500480.0
2013-10-21,2198.114,2230.2849,2190.394,2229.2371,13669399552.0
2013-10-22,2227.3411,2227.3411,2204.2439,2210.6521,14913300480.0
2013-10-23,2213.2739,2226.8469,2177.7251,2183.1069,14634699776.0
2013-10-24,2178.8201,2183.4121,2159.8711,2164.322,10300900352.0
2013-10-25,2163.689,2170.6121,2122.677,2132.9551,11392499712.0
2013-10-28,2135.8779,2140.957,2123.0691,2133.8689,8840099840.0
2013-10-29,2135.2261,2163.657,2093.197,2128.864,14309300224.0
2013-10-30,2126.6899,2161.9351,2121.8411,2160.4629,11964300288.0
2013-10-31,2155.511,2155.511,2137.4661,2141.614,10806299648.0
2013-11-01,2139.8799,2157.313,2132.6289,2149.562,8911800320.0
2013-11-04,2156.0869,2160.5779,2143.207,2149.634,7614799872.0
2013-11-05,2139.8369,2158.1479,2124.845,2157.24,9189999616.0
2013-11-06,2149.3899,2166.1709,2138.78,2139.6069,10048700416.0
2013-11-07,2136.626,2141.6001,2119.186,2129.3999,8184300032.0
2013-11-08,2120.9231,2128.5811,2103.51,2106.127,8309700096.0
2013-11-11,2103.2991,2117.28,2093.626,2109.4709,6967799808.0
2013-11-12,2110.7241,2127.938,2108.396,2126.772,7944699904.0
2013-11-13,2117.886,2117.9121,2086.0061,2087.9409,8825700352.0
2013-11-14,2087.1189,2102.3799,2078.988,2100.5061,8379899904.0
2013-11-15,2100.8999,2153.2129,2100.7859,2135.8269,12589500416.0
2013-11-18,2147.373,2198.3159,2143.7681,2197.219,15750299648.0
2013-11-19,2198.3181,2203.2971,2186.114,2193.125,12508199936.0
2013-11-20,2201.4741,2207.105,2186.6421,2206.613,11896200192.0
2013-11-21,2197.0081,2206.531,2177.7351,2205.7661,13724600320.0
2013-11-22,2206.4709,2211.0659,2188.7671,2196.3779,11386600448.0
2013-11-25,2186.0581,2209.1479,2181.418,2186.115,10828300288.0
2013-11-26,2184.332,2192.5791,2176.177,2183.073,10046100480.0
2013-11-27,2181.7251,2207.6169,2176.8469,2201.0701,11538400256.0
2013-11-28,2204.3779,2234.387,2202.623,2219.3721,13445699584.0
2013-11-29,2221.6179,2224.9441,2212.262,2220.5039,10695900160.0
2013-12-02,2203.1221,2231.9209,2172.6331,2207.3711,17428199424.0
2013-12-03,2196.824,2227.925,2193.251,2222.6699,11350599680.0
2013-12-04,2219.9651,2260.8711,2215.916,2251.762,15729300480.0
2013-12-05,2252.7229,2255.261,2239.144,2247.063,12204800000.0
2013-12-06,2242.563,2248.147,2228.6321,2237.1079,10370100224.0
2013-12-09,2241.793,2249.1689,2231.7329,2238.2,9327399936.0
2013-12-10,2239.864,2250.5039,2231.6799,2237.4919,10904299520.0
2013-12-11,2228.6331,2228.6331,2193.1599,2204.166,10947300352.0
2013-12-12,2199.3169,2214.5481,2194.9009,2202.7959,8610899968.0
2013-12-13,2188.259,2204.637,2183.842,2196.075,8510099968.0
2013-12-16,2197.2339,2201.696,2159.9871,2160.8611,10138800128.0
2013-12-17,2161.5359,2165.543,2146.314,2151.0791,7857900032.0
2013-12-18,2150.4121,2156.593,2142.624,2148.2849,6417399808.0
2013-12-19,2153.6741,2159.1421,2126.2461,2127.792,7312300032.0
2013-12-20,2128.374,2131.7371,2082.854,2084.7939,8677499904.0
2013-12-23,2089.5391,2099.522,2068.543,2089.707,6814700032.0
2013-12-24,2094.073,2111.8049,2079.8101,2092.905,7025099776.0
2013-12-25,2095.019,2107.2319,2088.2971,2106.354,6513900032.0
2013-12-26,2102.6599,2102.6599,2070.5459,2073.0991,7854099968.0
2013-12-27,2074.592,2110.3569,2069.5901,2101.251,7675700224.0
2013-12-30,2108.8831,2112.009,2095.063,2097.5291,7408500224.0
2013-12-31,2090.679,2120.2739,2087.415,2115.978,8047399936.0
2014-01-02,2112.126,2113.1101,2101.0161,2109.387,6848500224.0
2014-01-03,2101.542,2102.167,2075.8989,2083.135,8449699840.0
2014-01-06,2078.6841,2078.6841,2034.006,2045.709,8958799872.0
2014-01-07,2034.224,2052.2781,2029.246,2047.317,6340299776.0
2014-01-08,2047.256,2062.9519,2037.11,2044.34,7164700160.0
2014-01-09,2041.7729,2057.196,2026.446,2027.6219,7594200064.0
2014-01-10,2023.535,2029.297,2008.007,2013.298,7561600000.0
2014-01-13,2014.978,2027.181,2000.403,2009.564,6654499840.0
2014-01-14,2007.156,2027.428,2001.135,2026.842,7036700160.0
2014-01-15,2024.228,2027.4091,2010.204,2023.348,6743600128.0
2014-01-16,2022.538,2034.707,2014.407,2023.701,7275599872.0
2014-01-17,2017.522,2017.868,2001.33,2004.949,6730599936.0
2014-01-20,2001.894,2005.938,1984.824,1991.2531,5627100160.0
2014-01-21,1992.015,2014.152,1992.015,2008.313,5984500224.0
2014-01-22,2009.969,2052.3391,2008.9301,2051.749,9889300480.0
2014-01-23,2048.3311,2052.5281,2039.052,2042.1801,8421100032.0
2014-01-24,2037.667,2060.9861,2034.453,2054.3921,9294799872.0
2014-01-27,2044.272,2044.8459,2029.626,2033.3,8881500160.0
2014-01-28,2036.402,2047.129,2026.9871,2038.5129,7252899840.0
2014-01-29,2042.176,2051.583,2039.771,2049.9141,7386500096.0
2014-01-30,2045.931,2045.931,2031.4659,2033.083,6261499904.0
2014-02-07,2022.323,2044.73,2014.698,2044.4969,7359900160.0
2014-02-10,2049.9839,2087.9751,2049.9839,2086.0669,12433200128.0
2014-02-11,2086.177,2111.061,2082.521,2103.6709,14221100032.0
2014-02-12,2103.8279,2110.9041,2096.509,2109.9551,12633299968.0
2014-02-13,2106.9341,2122.8259,2096.9661,2098.4009,14653299712.0
2014-02-14,2097.3201,2116.186,2095.0901,2115.8479,11151800320.0
2014-02-17,2124.8799,2136.447,2117.689,2135.415,14024399872.0
2014-02-18,2134.1431,2134.1431,2113.1279,2119.0659,14286900224.0
2014-02-19,2116.9189,2152.9609,2111.168,2142.554,15126099968.0
2014-02-20,2152.8911,2177.978,2136.481,2138.782,15705199616.0
2014-02-21,2131.592,2132.7029,2098.3279,2113.6931,11766299648.0
2014-02-24,2099.717,2099.717,2058.791,2076.686,12355500032.0
2014-02-25,2077.2849,2087.616,2026.543,2034.219,14013299712.0
2014-02-26,2026.61,2041.627,2014.381,2041.254,11011300352.0
2014-02-27,2045.095,2068.314,2036.391,2047.354,13216400384.0
2014-02-28,2040.624,2058.489,2020.9351,2056.302,11163799552.0
2014-03-03,2052.075,2078.333,2047.067,2075.2351,12746099712.0
2014-03-04,2068.1069,2074.0249,2050.125,2071.4729,11592579072.0
2014-03-05,2073.2949,2074.8149,2050.175,2053.084,10773300224.0
2014-03-06,2050.032,2065.79,2030.946,2059.5779,10929000448.0
2014-03-07,2058.375,2079.49,2050.47,2057.908,10371000320.0
2014-03-10,2042.3521,2042.634,1995.549,1999.0649,11569699840.0
2014-03-11,1994.415,2008.071,1985.599,2001.157,9270500352.0
2014-03-12,1996.239,2011.0601,1974.382,1997.692,10136200192.0
2014-03-13,2000.6949,2029.12,1996.5291,2019.111,10097800192.0
2014-03-14,2008.824,2017.913,1990.98,2004.339,8777499648.0
2014-03-17,2009.882,2024.3719,1999.249,2023.672,8625000448.0
2014-03-18,2026.224,2034.917,2020.41,2025.196,9677700096.0
2014-03-19,2019.98,2022.1801,2002.441,2021.734,9518100480.0
2014-03-20,2017.22,2030.847,1993.002,1993.479,11033299968.0
2014-03-21,1987.679,2052.4719,1986.071,2047.619,14447800320.0
2014-03-24,2050.8269,2074.0559,2043.33,2066.2791,14769999872.0
2014-03-25,2063.323,2079.551,2057.491,2067.311,13182199808.0
2014-03-26,2070.574,2074.572,2057.6479,2063.6699,10261099520.0
2014-03-27,2060.812,2073.981,2042.713,2046.588,11914900480.0
2014-03-28,2046.851,2060.134,2035.243,2041.712,12168200192.0
2014-03-31,2043.045,2048.134,2024.1851,2033.306,9435700224.0
2014-04-01,2031.005,2050.6809,2028.0959,2047.46,8328699904.0
2014-04-02,2049.4231,2060.7781,2046.7419,2058.988,10265900032.0
2014-04-03,2063.4971,2066.0071,2037.447,2043.702,10861800448.0
2014-04-04,2037.552,2060.104,2035.2209,2058.8311,8318900224.0
2014-04-08,2054.53,2102.4519,2052.8999,2098.2839,13337100288.0
2014-04-09,2100.6509,2108.75,2095.6399,2105.2371,10533999616.0
2014-04-10,2105.876,2146.6699,2098.0791,2134.3,15678999552.0
2014-04-11,2130.3679,2138.6509,2120.179,2130.542,13176800256.0
2014-04-14,2127.4089,2134.4341,2116.6101,2131.5391,10207800320.0
2014-04-15,2125.9021,2125.9021,2098.1499,2101.6011,10753099776.0
2014-04-16,2097.2129,2112.05,2092.157,2105.1221,8936200192.0
2014-04-17,2108.947,2110.7161,2095.7141,2098.885,8989599744.0
2014-04-18,2091.48,2099.637,2081.1851,2097.7471,8815599616.0
2014-04-21,2085.98,2103.0779,2065.2339,2065.8259,9637799936.0
2014-04-22,2062.7871,2073.6631,2047.332,2072.8311,9872000000.0
2014-04-23,2068.084,2076.3491,2059.1089,2067.3821,7853199872.0
2014-04-24,2064.156,2075.7571,2056.1931,2057.033,7818599936.0
2014-04-25,2060.5381,2065.6421,2035.566,2036.519,9304200192.0
2014-04-28,2033.337,2035.99,2000.137,2003.4871,8979500032.0
2014-04-29,2001.896,2021.6801,1997.64,2020.3409,7622099968.0
2014-04-30,2020.438,2029.538,2016.577,2026.358,7452899840.0
2014-05-05,2022.178,2028.957,2007.351,2027.353,7993299968.0
2014-05-06,2024.256,2038.705,2021.485,2028.038,7460899840.0
2014-05-07,2023.152,2024.631,2008.45,2010.083,7436000256.0
2014-05-08,2006.853,2036.941,2005.6851,2015.274,7786500096.0
2014-05-09,2016.501,2020.454,2001.3,2011.135,7622400000.0
2014-05-12,2022.932,2055.5061,2016.6379,2052.8711,11574200320.0
2014-05-13,2055.0791,2061.0591,2043.547,2050.728,9722300416.0
2014-05-14,2049.27,2056.574,2042.744,2047.91,7201099776.0
2014-05-15,2044.377,2047.316,2022.861,2024.974,7584500224.0
2014-05-16,2023.5959,2027.756,2012.694,2026.504,6635400192.0
2014-05-19,2023.014,2023.267,1996.015,2005.183,6532899840.0
2014-05-20,2011.845,2018.156,2002.759,2008.119,6134499840.0
2014-05-21,2001.306,2025.194,1991.0551,2024.951,6181199872.0
2014-05-22,2023.1479,2041.96,2018.877,2021.285,7472799744.0
2014-05-23,2020.115,2034.569,2017.739,2034.569,6348800000.0
2014-05-26,2042.028,2045.381,2035.093,2041.476,7028100096.0
2014-05-27,2039.791,2044.1479,2032.839,2034.5649,6757799936.0
2014-05-28,2034.561,2052.656,2029.3361,2050.228,8133899776.0
2014-05-29,2051.8401,2057.0769,2039.238,2040.595,8124299776.0
2014-05-30,2040.394,2046.96,2031.373,2039.212,7514899968.0
2014-06-03,2039.196,2049.5759,2037.3,2038.3051,7158400000.0
2014-06-04,2037.989,2038.481,2012.913,2024.834,7241299968.0
2014-06-05,2019.442,2041.701,2016.175,2040.8781,6794999808.0
2014-06-06,2040.864,2041.573,2022.158,2029.9561,6602200064.0
2014-06-09,2024.942,2045.255,2023.198,2030.502,6478799872.0
2014-06-10,2033.207,2052.7649,2026.389,2052.532,7962399744.0
2014-06-11,2049.1279,2056.6311,2045.407,2054.948,7444400128.0
2014-06-12,2051.582,2057.105,2045.962,2051.7129,8171100160.0
2014-06-13,2049.2061,2073.5959,2048.6179,2070.7151,9717499904.0
2014-06-16,2070.699,2087.322,2069.4409,2085.9829,9594000384.0
2014-06-17,2080.4819,2080.4819,2064.666,2066.698,8780000256.0
2014-06-18,2064.3831,2066.9131,2051.7461,2055.519,8724500480.0
2014-06-19,2054.6201,2059.2549,2017.653,2023.735,9291400192.0
2014-06-20,2013.4139,2027.1479,2010.53,2026.674,6716700160.0
2014-06-23,2026.226,2033.3199,2022.917,2024.365,7048500224.0
2014-06-24,2023.699,2034.707,2021.75,2033.931,7121500160.0
2014-06-25,2030.432,2030.616,2018.36,2025.502,6753999872.0
2014-06-26,2025.662,2040.754,2025.314,2038.677,8095600128.0
2014-06-27,2031.907,2043.9821,2025.073,2036.51,9759200256.0
2014-06-30,2038.613,2052.342,2038.526,2048.3269,9666700288.0
2014-07-01,2051.2251,2052.635,2041.937,2050.3811,9845699584.0
2014-07-02,2049.4851,2060.595,2044.035,2059.418,10955400192.0
2014-07-03,2051.6321,2066.6411,2048.0811,2063.229,12292700160.0
2014-07-04,2062.3579,2065.0779,2054.217,2059.375,10500899840.0
2014-07-07,2058.1279,2064.043,2050.887,2059.927,9716899840.0
2014-07-08,2058.134,2064.4331,2047.204,2064.021,9505300480.0
2014-07-09,2061.635,2062.4741,2037.601,2038.6121,11330599936.0
2014-07-10,2036.54,2045.527,2034.9561,2038.342,9794400256.0
2014-07-11,2033.869,2051.7371,2033.004,2046.9611,10508800000.0
2014-07-14,2047.744,2067.342,2044.901,2066.646,11512000512.0
2014-07-15,2065.8999,2070.3579,2059.679,2070.3569,12448900096.0
2014-07-16,2068.343,2075.4929,2061.572,2067.2759,13712799744.0
2014-07-17,2062.887,2062.887,2046.189,2055.5911,10449200128.0
2014-07-18,2047.498,2067.2329,2045.996,2059.0669,10664099840.0
2014-07-21,2057.7671,2061.823,2049.175,2054.479,9385799680.0
2014-07-22,2050.499,2078.085,2049.8149,2075.481,12319200256.0
2014-07-23,2074.1951,2088.1919,2072.229,2078.489,13729200128.0
2014-07-24,2079.6321,2107.946,2079.6321,2105.062,16567700480.0
2014-07-25,2108.7141,2127.217,2106.7141,2126.614,14249600000.0
2014-07-28,2135.249,2181.4961,2135.249,2177.948,23618600960.0
2014-07-29,2179.8259,2193.5229,2172.1021,2183.1919,20026400768.0
2014-07-30,2178.179,2194.572,2177.2439,2181.2429,18492200960.0
2014-07-31,2179.543,2202.126,2173.8999,2201.562,16469199872.0
2014-08-01,2194.1699,2218.7891,2184.6411,2185.303,19147499520.0
2014-08-04,2190.0359,2224.0681,2186.917,2223.3311,17409699840.0
2014-08-05,2224.6321,2226.8379,2206.8501,2219.9451,17538699264.0
2014-08-06,2212.0029,2223.8931,2192.9929,2217.4651,17771200512.0
2014-08-07,2216.6589,2220.5681,2185.7629,2187.6689,17523300352.0
2014-08-08,2188.709,2199.5779,2180.5969,2194.425,13518100480.0
2014-08-11,2199.4331,2225.9609,2198.314,2224.6531,15058299904.0
2014-08-12,2222.696,2222.979,2210.0,2221.595,15479900160.0
2014-08-13,2223.051,2230.991,2202.4431,2222.877,17806299136.0
2014-08-14,2221.541,2230.894,2204.384,2206.4661,17014899712.0
2014-08-15,2207.2261,2230.8721,2203.2419,2226.7329,14997900288.0
2014-08-18,2229.804,2242.0349,2228.1331,2239.4661,16392899584.0
2014-08-19,2242.3401,2246.0161,2227.925,2245.3301,17774499840.0
2014-08-20,2241.6641,2248.939,2233.8921,2240.2109,16765800448.0
2014-08-21,2239.5681,2240.0769,2211.6299,2230.458,16573299712.0
2014-08-22,2228.9741,2243.302,2225.2671,2240.812,16011200512.0
2014-08-25,2241.0991,2241.553,2222.009,2229.2739,16211999744.0
2014-08-26,2225.291,2232.7849,2200.6179,2207.106,16350699520.0
2014-08-27,2207.03,2216.6699,2204.0481,2209.4651,12088599552.0
2014-08-28,2210.4839,2219.4719,2194.8611,2195.8181,12422899712.0
2014-08-29,2198.9451,2218.696,2193.2629,2217.2,10520200192.0
2014-09-01,2220.1289,2236.2859,2217.6851,2235.511,12916700160.0
2014-09-02,2239.6841,2267.509,2234.3779,2266.0459,19212500992.0
2014-09-03,2268.395,2290.5471,2268.1001,2288.626,21247899648.0
2014-09-04,2290.0291,2307.7009,2283.2771,2306.8621,19949000704.0
2014-09-05,2311.3049,2327.5569,2307.447,2326.4319,21318199296.0
2014-09-09,2328.426,2331.917,2315.894,2326.5271,19698999296.0
2014-09-10,2318.4961,2321.908,2306.4209,2318.3049,18982899712.0
2014-09-11,2315.7319,2343.595,2304.6021,2311.679,22222200832.0
2014-09-12,2308.3459,2331.95,2302.7749,2331.95,19347200000.0
2014-09-15,2330.187,2340.449,2321.593,2339.1399,21511200768.0
2014-09-16,2341.0271,2347.9351,2293.8689,2296.5549,30269399040.0
2014-09-17,2298.9819,2309.0481,2282.7949,2307.8931,21084200960.0
2014-09-18,2303.8501,2319.875,2297.9309,2315.927,18908899328.0
2014-09-19,2312.9839,2331.561,2305.5171,2329.4509,17464799232.0
2014-09-22,2323.554,2323.554,2284.3779,2289.866,17584199680.0
2014-09-23,2289.0911,2311.5249,2289.0239,2309.718,15685499904.0
2014-09-24,2302.231,2345.7471,2297.876,2343.575,22252599296.0
2014-09-25,2352.865,2365.1541,2336.8049,2345.103,22568800256.0
2014-09-26,2339.2881,2350.1089,2329.9551,2347.718,17474799616.0
2014-09-29,2353.708,2363.0591,2346.5791,2357.7109,20011100160.0
2014-09-30,2361.3181,2365.491,2354.2681,2363.8701,19391899648.0
2014-10-08,2368.5759,2382.7939,2354.29,2382.7939,20439699456.0
2014-10-09,2383.8589,2391.3479,2367.1111,2389.3711,23591999488.0
2014-10-10,2380.7549,2386.2771,2365.075,2374.54,22467100672.0
2014-10-13,2366.426,2366.8621,2341.124,2366.009,20089899008.0
2014-10-14,2362.802,2380.5149,2349.1941,2359.4751,19683100672.0
2014-10-15,2358.2329,2374.8081,2344.373,2373.6699,20280500224.0
2014-10-16,2361.1299,2389.675,2353.406,2356.499,24820099072.0
2014-10-17,2352.7839,2360.5969,2312.8259,2341.1841,21230100480.0
2014-10-20,2346.052,2357.509,2340.459,2356.728,16002199552.0
2014-10-21,2355.033,2361.6531,2337.551,2339.657,16882799616.0
2014-10-22,2339.2229,2352.124,2324.5901,2326.553,15269799936.0
2014-10-23,2322.3159,2329.927,2297.3301,2302.418,16263600128.0
2014-10-24,2303.0801,2314.875,2296.657,2302.28,13222500352.0
2014-10-27,2293.573,2293.644,2279.8359,2290.437,13026199552.0
2014-10-28,2294.012,2338.2781,2294.012,2337.8711,17859000320.0
2014-10-29,2343.72,2381.6431,2339.7119,2373.03,26558900224.0
2014-10-30,2371.8911,2397.2561,2365.9189,2391.0759,29464600576.0
2014-10-31,2393.178,2423.5959,2384.4829,2420.178,32576399360.0
2014-11-03,2425.2251,2436.7849,2418.167,2430.032,29882099712.0
2014-11-04,2428.271,2435.2229,2417.2209,2430.677,30901299200.0
2014-11-05,2432.1689,2434.363,2415.502,2419.2539,26360700928.0
2014-11-06,2419.6169,2426.8899,2401.75,2425.864,22200500224.0
2014-11-07,2427.8979,2454.4231,2407.4419,2418.1709,29117200384.0
2014-11-10,2436.6279,2474.156,2428.1851,2473.6731,30062800896.0
2014-11-11,2483.6479,2508.623,2445.96,2469.6731,41190400000.0
2014-11-12,2454.6021,2494.917,2444.814,2494.4761,25293400064.0
2014-11-13,2494.998,2507.7429,2471.407,2485.606,29503700992.0
2014-11-14,2477.9661,2481.0249,2457.0449,2478.824,22060800000.0
2014-11-17,2506.864,2508.7671,2472.446,2474.009,21568800768.0
2014-11-18,2474.1819,2477.052,2449.813,2456.366,20106299392.0
2014-11-19,2452.1499,2461.491,2442.71,2450.9861,18623600640.0
2014-11-20,2443.2759,2458.3191,2437.4761,2452.6599,16549499904.0
2014-11-21,2452.635,2488.2009,2446.646,2486.791,21223999488.0
2014-11-24,2505.532,2546.7461,2495.521,2532.8789,36348600320.0
2014-11-25,2531.998,2568.3811,2527.0769,2567.5969,31431600128.0
2014-11-26,2572.6489,2605.0701,2570.4041,2604.345,33712699392.0
2014-11-27,2615.3669,2631.3989,2599.1079,2630.4861,36407599104.0
2014-11-28,2629.626,2683.1799,2622.061,2682.835,46587998208.0
2014-12-01,2691.7251,2720.7429,2668.8411,2680.155,44679200768.0
2014-12-02,2667.8201,2777.3721,2665.686,2763.5449,43773300736.0
2014-12-03,2768.678,2824.179,2733.8679,2779.5249,56212000768.0
2014-12-04,2783.469,2900.5081,2772.4319,2899.4561,53268799488.0
2014-12-05,2926.573,2978.0291,2813.052,2937.647,64049999872.0
2014-12-08,2907.8149,3041.657,2879.8469,3020.2581,58757099520.0
2014-12-09,2992.49,3091.324,2834.592,2856.269,77199802368.0
2014-12-10,2855.9399,2946.707,2807.678,2940.0061,51288698880.0
2014-12-11,2912.3459,2965.675,2892.6111,2925.7429,48263299072.0
2014-12-12,2929.3601,2962.51,2914.9561,2938.1731,40948101120.0
2014-12-15,2921.446,2960.2271,2890.9041,2953.4209,40037199872.0
2014-12-16,2953.811,3021.897,2943.9121,3021.5181,45384298496.0
2014-12-17,3031.9519,3076.5991,2993.333,3061.02,54250299392.0
2014-12-18,3062.801,3089.791,3030.3191,3057.521,43590500352.0
2014-12-19,3053.075,3117.5271,3018.4209,3108.5959,52107399168.0
2014-12-22,3129.2671,3189.8669,3090.509,3127.4451,67937198080.0
2014-12-23,3085.0801,3136.8379,3025.667,3032.6121,43776200704.0
2014-12-24,3039.2061,3050.5071,2934.9109,2972.532,37680500736.0
2014-12-25,2992.4619,3073.345,2969.874,3072.5359,37694799872.0
2014-12-26,3078.0049,3164.155,3064.176,3157.603,46070099968.0
2014-12-29,3212.5591,3223.8601,3126.9441,3168.0161,51011100672.0
2014-12-30,3160.801,3190.2991,3130.353,3165.8149,39772499968.0
2014-12-31,3172.5969,3239.3569,3157.259,3234.677,40599900160.0
2015-01-05,3258.627,3369.281,3253.8831,3350.519,53135200256.0
2015-01-06,3330.7991,3394.2241,3303.1841,3351.446,50166198272.0
2015-01-07,3326.6489,3374.896,3312.2109,3373.9541,39191900160.0
2015-01-08,3371.957,3381.5659,3285.095,3293.4561,37113098240.0
2015-01-09,3276.9651,3404.834,3267.509,3285.4121,41024098304.0
2015-01-12,3258.2129,3275.1851,3191.582,3229.3159,32206499840.0
2015-01-13,3223.542,3259.386,3214.4121,3235.301,23072600064.0
2015-01-14,3242.3369,3268.4829,3193.978,3222.437,24019099648.0
2015-01-15,3224.0701,3337.084,3207.5449,3336.4551,28254599168.0
2015-01-16,3343.603,3400.3181,3340.49,3376.4951,33987700736.0
2015-01-19,3189.7271,3262.207,3095.0659,3116.3511,40109899776.0
2015-01-20,3114.5601,3190.2451,3100.4771,3173.052,35708100608.0
2015-01-21,3189.085,3337.0039,3178.343,3323.6111,41095598080.0
2015-01-22,3327.3191,3352.384,3293.978,3343.344,35338301440.0
2015-01-23,3357.0959,3406.7859,3328.293,3351.7639,36624900096.0
2015-01-26,3347.2571,3384.7981,3321.3149,3383.1819,31754100736.0
2015-01-27,3389.853,3390.2161,3290.219,3352.96,37451800576.0
2015-01-28,3325.7219,3354.802,3294.655,3305.738,30192699392.0
2015-01-29,3258.9971,3286.7859,3234.241,3262.3049,27465900032.0
2015-01-30,3273.7471,3288.5029,3210.3081,3210.363,25831299072.0
2015-02-02,3148.136,3175.134,3122.572,3128.3,25086199808.0
2015-02-03,3156.0859,3207.9351,3129.7319,3204.907,24819200000.0
2015-02-04,3212.822,3238.9819,3171.144,3174.126,24909799424.0
2015-02-05,3251.2119,3251.2119,3135.8191,3136.531,30613899264.0
2015-02-06,3120.0901,3129.5391,3052.939,3075.907,24675000320.0
2015-02-09,3063.51,3119.0339,3049.1111,3095.124,20610799616.0
2015-02-10,3090.49,3142.0991,3084.2529,3141.593,19381700608.0
2015-02-11,3145.7649,3166.4209,3139.052,3157.7041,17283999744.0
2015-02-12,3157.959,3181.7661,3134.2439,3173.416,19459198976.0
2015-02-13,3186.8081,3237.1589,3182.7939,3203.8269,26129000448.0
2015-02-16,3206.137,3228.8459,3195.884,3222.363,22379700224.0
2015-02-17,3230.884,3255.7251,3230.772,3246.906,22833299456.0
2015-02-25,3256.479,3257.2229,3215.552,3228.843,23334799360.0
2015-02-26,3222.1509,3300.616,3202.188,3298.3589,30126399488.0
2015-02-27,3296.8311,3324.5459,3291.0071,3310.303,29916399616.0
2015-03-02,3332.7209,3336.76,3298.6689,3336.2849,34644598784.0
2015-03-03,3317.6951,3317.6951,3260.429,3263.052,38204502016.0
2015-03-04,3264.1819,3286.5879,3250.4839,3279.533,29364000768.0
2015-03-05,3264.085,3266.6379,3221.666,3248.4761,32066400256.0
2015-03-06,3248.0359,3266.9331,3234.533,3241.187,28291600384.0
2015-03-09,3224.314,3307.7019,3198.3701,3302.408,32149499904.0
2015-03-10,3289.085,3309.915,3277.095,3286.0681,28581799936.0
2015-03-11,3289.594,3325.054,3278.4709,3290.8999,28298600448.0
2015-03-12,3314.813,3360.054,3300.488,3349.323,35729498112.0
2015-03-13,3359.488,3391.2549,3352.1499,3372.9109,32841000960.0
2015-03-16,3391.158,3449.3049,3377.0869,3449.3049,39913201664.0
2015-03-17,3469.603,3504.123,3459.6941,3502.8469,52094001152.0
2015-03-18,3510.501,3577.6621,3503.853,3577.301,54521700352.0
2015-03-19,3576.019,3600.6841,3546.844,3582.271,53734699008.0
2015-03-20,3587.084,3632.3379,3569.3799,3617.3181,51666198528.0
2015-03-23,3640.104,3688.249,3635.4851,3687.728,53606301696.0
2015-03-24,3692.5691,3715.873,3600.698,3691.4099,63955501056.0
2015-03-25,3680.9529,3693.1509,3634.5591,3660.7271,52188598272.0
2015-03-26,3641.9419,3707.3181,3615.011,3682.095,48864698368.0
2015-03-27,3686.134,3710.4771,3656.8311,3691.0959,40894500864.0
2015-03-30,3710.6121,3795.9351,3710.6121,3786.5681,56470200320.0
2015-03-31,3822.9871,3835.5669,3737.043,3747.8989,56167600128.0
2015-04-01,3748.3401,3817.082,3742.2129,3810.2939,44745801728.0
2015-04-02,3827.689,3835.4509,3775.894,3825.7839,47929999360.0
2015-04-03,3803.3831,3864.405,3792.2109,3863.929,47303299072.0
2015-04-07,3899.4199,3961.6699,3891.73,3961.3799,57044799488.0
2015-04-08,3976.532,4000.22,3903.6479,3994.811,61808500736.0
2015-04-09,4006.1299,4016.396,3900.0271,3957.5339,58517700608.0
2015-04-10,3947.4919,4040.3479,3929.3191,4034.3091,48428400640.0
2015-04-13,4072.7229,4128.0718,4057.293,4121.7148,58981400576.0
2015-04-14,4125.7822,4168.3462,4091.2571,4135.5649,61068398592.0
2015-04-15,4135.6479,4175.4941,4069.0071,4084.1631,61300600832.0
2015-04-16,4055.916,4195.3052,4031.2439,4194.8232,55124299776.0
2015-04-17,4254.7231,4317.2231,4238.9102,4287.2959,70170599424.0
2015-04-20,4301.3521,4356.001,4190.6812,4217.0771,85713297408.0
2015-04-21,4212.1851,4294.375,4188.5688,4293.623,63447101440.0
2015-04-22,4304.5972,4400.1929,4297.9512,4398.4941,68030500864.0
2015-04-23,4414.4849,4444.4102,4358.8428,4414.5078,66734501888.0
2015-04-24,4355.9512,4416.376,4318.1191,4393.686,62855499776.0
2015-04-27,4441.9292,4529.7349,4441.9292,4527.396,67108900864.0
2015-04-28,4527.6348,4572.3911,4432.9038,4476.2148,76767600640.0
2015-04-29,4446.1191,4499.9448,4398.6392,4476.6201,51983400960.0
2015-04-30,4483.0122,4507.3442,4441.0542,4441.6548,52672798720.0
2015-05-04,4441.3428,4487.5688,4387.4258,4480.4639,49417302016.0
2015-05-05,4479.8481,4488.8652,4282.2368,4298.7061,57285898240.0
2015-05-06,4311.6411,4376.353,4187.3682,4229.2661,48173301760.0
2015-05-07,4197.896,4213.7642,4108.0088,4112.2139,39456698368.0
2015-05-08,4152.9839,4206.8599,4099.042,4205.917,39742799872.0
2015-05-11,4231.27,4334.877,4187.8198,4333.584,48875098112.0
2015-05-12,4342.3701,4402.3091,4317.9751,4401.2192,52186599424.0
2015-05-13,4402.3779,4415.6289,4342.481,4375.7598,51049000960.0
2015-05-14,4372.8159,4397.7451,4329.042,4378.311,44907798528.0
2015-05-15,4366.8218,4366.8218,4278.5532,4308.6909,43970600960.0
2015-05-18,4277.895,4324.8262,4260.5088,4283.4912,38005698560.0
2015-05-19,4285.7769,4418.4028,4285.7769,4417.5518,43673501696.0
2015-05-20,4434.979,4520.5381,4432.2788,4446.2881,51410599936.0
2015-05-21,4456.4351,4530.478,4438.2578,4529.4219,46499700736.0
2015-05-22,4584.9839,4658.2729,4562.9888,4657.5962,65559101440.0
2015-05-25,4660.0752,4814.6719,4656.8252,4813.7969,68246102016.0
2015-05-26,4854.8501,4911.6851,4779.0752,4910.897,70489300992.0
2015-05-27,4932.8462,4958.1558,4857.0562,4941.7139,68116500480.0
2015-05-28,4943.7422,4986.5029,4614.2412,4620.2661,78296498176.0
2015-05-29,4603.4648,4698.1929,4431.563,4611.7441,61126201344.0
2015-06-01,4633.0981,4829.502,4615.231,4828.7378,59338899456.0
2015-06-02,4844.7041,4911.5742,4797.5518,4910.5269,62374801408.0
2015-06-03,4924.3809,4942.0649,4822.4419,4909.978,61145399296.0
2015-06-04,4912.9448,4947.9648,4647.4072,4947.1021,67495198720.0
2015-06-05,5016.0879,5051.626,4898.0679,5023.0962,77224099840.0
2015-06-08,5045.6938,5146.9492,4997.481,5131.8809,85503500288.0
2015-06-09,5145.978,5147.4541,5042.9629,5113.5342,72989401088.0
2015-06-10,5049.1968,5164.1621,5001.4888,5106.0361,59696898048.0
2015-06-11,5101.4399,5122.457,5050.7651,5121.5918,56399101952.0
2015-06-12,5143.3428,5178.1909,5103.4009,5166.3501,62562799616.0
2015-06-15,5174.418,5176.7949,5048.7422,5062.9932,63780401152.0
2015-06-16,5004.4121,5029.6841,4842.1001,4887.4321,55080099840.0
2015-06-17,4890.5508,4983.6582,4767.2158,4967.8979,53710098432.0
2015-06-18,4942.52,4966.7671,4780.873,4785.356,50744098816.0
2015-06-19,4689.9292,4744.0811,4476.501,4478.3638,45269000192.0
2015-06-23,4471.6128,4577.939,4264.772,4576.4922,47352598528.0
2015-06-24,4604.5791,4691.7681,4552.1279,4690.1499,54300401664.0
2015-06-25,4711.7632,4720.7002,4483.5479,4527.7788,57279799296.0
2015-06-26,4399.9331,4456.896,4139.5298,4192.873,56521801728.0
2015-06-29,4289.771,4297.4751,3875.05,4053.03,67378601984.0
2015-06-30,4006.7539,4279.9692,3847.8799,4277.2222,70917701632.0
2015-07-01,4214.1499,4317.0532,4043.3669,4053.7,59876900864.0
2015-07-02,4058.624,4080.387,3795.2529,3912.7671,58601598976.0
2015-07-03,3793.7119,3927.1279,3629.5559,3686.915,54816301056.0
2015-07-06,3975.2141,3975.2141,3653.0371,3775.9121,83113902080.0
2015-07-07,3654.7781,3750.5701,3585.3989,3727.125,69881896960.0
2015-07-08,3467.3989,3599.2529,3421.5249,3507.1919,68035698688.0
2015-07-09,3432.4541,3748.479,3373.54,3709.3301,65691500544.0
2015-07-10,3707.458,3959.22,3677.4341,3877.803,58636398592.0
2015-07-13,3918.99,4030.1951,3858.637,3970.3879,64348901376.0
2015-07-14,3958.373,4035.4341,3855.5601,3924.4871,67055898624.0
2015-07-15,3874.968,3914.2729,3741.25,3805.7029,60130099200.0
2015-07-16,3758.5049,3877.5139,3688.4409,3823.175,49225601024.0
2015-07-17,3831.4209,3994.4771,3814.147,3957.3521,48172601344.0
2015-07-20,3948.4209,4021.325,3927.1211,3992.1101,53910700032.0
2015-07-21,3939.8979,4041.8191,3912.801,4017.675,50428801024.0
2015-07-22,3996.427,4042.3379,3960.864,4026.0449,52073201664.0
2015-07-23,4022.2681,4132.6118,4019.0381,4123.9229,56358600704.0
2015-07-24,4124.7549,4184.4492,4044.8311,4070.908,62742499328.0
2015-07-27,3985.5701,4051.1589,3720.4441,3725.5581,55600300032.0
2015-07-28,3573.1431,3762.5259,3537.3579,3663.002,56333000704.0
2015-07-29,3689.825,3792.072,3612.064,3789.168,43435200512.0
2015-07-30,3773.7881,3844.374,3685.9561,3705.7661,45794299904.0
2015-07-31,3655.667,3729.512,3620.165,3663.7261,35095601152.0
2015-08-03,3614.99,3648.9431,3549.4961,3622.905,36396900352.0
2015-08-04,3621.855,3757.0291,3601.2891,3756.5449,36290199552.0
2015-08-05,3745.646,3782.3521,3676.3899,3694.573,36642299904.0
2015-08-06,3625.5029,3710.5701,3614.7419,3661.5391,27407499264.0
2015-08-07,3692.614,3756.74,3686.3,3744.2041,34075699200.0
2015-08-10,3786.033,3943.624,3775.854,3928.415,49730400256.0
2015-08-11,3928.8069,3970.3369,3891.179,3927.908,53892300800.0
2015-08-12,3881.228,3937.772,3871.136,3886.3201,44268797952.0
2015-08-13,3869.9109,3955.7891,3838.1589,3954.5559,43007299584.0
2015-08-14,3976.405,4000.6841,3939.835,3965.335,46798798848.0
2015-08-17,3947.844,3994.5371,3907.3989,3993.668,46043201536.0
2015-08-18,3999.134,4006.3369,3743.394,3748.1641,54377099264.0
2015-08-19,3646.803,3811.427,3558.3831,3794.1089,47539601408.0
2015-08-20,3754.5669,3788.0049,3663.6069,3664.291,39006298112.0
2015-08-21,3609.959,3652.8369,3490.54,3507.7439,36992000000.0
2015-08-24,3373.478,3388.364,3191.8789,3209.905,33467199488.0
2015-08-25,3004.126,3123.0339,2947.9441,2964.967,35232501760.0
2015-08-26,2980.7939,3092.041,2850.7129,2927.2881,46670000128.0
2015-08-27,2978.03,3085.4221,2906.49,3083.5911,40030801920.0
2015-08-28,3125.2639,3235.8379,3102.9451,3232.3491,44313698304.0
2015-08-31,3203.5591,3207.8621,3109.1631,3205.9851,39743098880.0
2015-09-01,3157.832,3180.3311,3053.738,3166.624,43243200512.0
2015-09-02,3027.678,3194.4851,3019.0869,3160.167,43817000960.0
2015-09-07,3149.3799,3217.5791,3066.304,3080.4199,29646800896.0
2015-09-08,3054.4441,3174.709,3011.1169,3170.4519,25541500928.0
2015-09-09,3182.552,3256.7429,3165.6951,3243.0891,37532798976.0
2015-09-10,3190.553,3243.281,3178.9041,3197.8931,27326199808.0
2015-09-11,3189.479,3223.762,3163.449,3200.2339,22455799808.0
2015-09-14,3221.165,3229.4819,3049.23,3114.7981,34663100416.0
2015-09-15,3043.8049,3081.7029,2983.9199,3005.1721,24919400448.0
2015-09-16,2998.0359,3182.9341,2983.5349,3152.2629,27752499200.0
2015-09-17,3131.9819,3204.7019,3085.314,3086.061,31760300032.0
2015-09-18,3100.28,3122.0481,3070.3359,3097.917,20917499904.0
2015-09-21,3072.094,3159.8831,3060.856,3156.54,23989700608.0
2015-09-22,3161.3181,3213.4761,3152.481,3185.6189,27478599680.0
2015-09-23,3137.7229,3164.041,3104.7439,3115.8879,23632300032.0
2015-09-24,3126.491,3151.165,3109.6909,3142.687,21288800256.0
2015-09-25,3130.8511,3149.948,3062.9951,3092.3469,23626399744.0
2015-09-28,3085.5669,3103.0681,3042.3101,3100.7561,15672800256.0
2015-09-29,3055.218,3068.2981,3021.157,3038.137,16322299904.0
2015-09-30,3052.8411,3073.3,3039.7419,3052.781,14664200192.0
2015-10-08,3156.075,3172.281,3133.127,3143.3569,23427600384.0
2015-10-09,3146.644,3192.717,3137.7881,3183.1521,23485100032.0
2015-10-12,3193.54,3318.7141,3188.407,3287.6621,38629498880.0
2015-10-13,3262.156,3298.626,3253.249,3293.23,29715300352.0
2015-10-14,3280.02,3307.3149,3256.2529,3262.4409,29507799040.0
2015-10-15,3255.032,3338.2971,3254.3921,3338.073,31628400640.0
2015-10-16,3358.2971,3393.0181,3334.854,3391.3521,39546101760.0
2015-10-19,3401.627,3423.4021,3355.5659,3386.7,37811200000.0
2015-10-20,3377.5471,3425.5161,3357.8611,3425.3301,31897399296.0
2015-10-21,3428.561,3447.2581,3265.436,3320.676,45845499904.0
2015-10-22,3292.291,3373.7759,3282.9929,3368.739,32373899264.0
2015-10-23,3377.5481,3422.022,3360.218,3412.4341,34737299456.0
2015-10-26,3448.6489,3457.5171,3402.0,3429.5811,36556099584.0
2015-10-27,3409.137,3441.5649,3332.616,3434.3359,32817299456.0
2015-10-28,3417.011,3439.7581,3367.231,3375.196,29352300544.0
2015-10-29,3387.7739,3411.7141,3362.509,3387.3149,23567599616.0
2015-10-30,3380.2839,3417.2009,3346.5911,3382.561,24359499776.0
2015-11-02,3337.5779,3391.064,3322.312,3325.085,23095099392.0
2015-11-03,3330.3159,3346.2749,3302.1841,3316.6951,19289700352.0
2015-11-04,3325.6189,3459.646,3325.6189,3459.6399,33907900416.0
2015-11-05,3459.2151,3585.657,3455.5249,3522.8181,55325499392.0
2015-11-06,3514.436,3596.3821,3508.8269,3590.032,42916700160.0
2015-11-09,3588.498,3673.76,3588.498,3646.8811,50301698048.0
2015-11-10,3617.396,3669.532,3607.8911,3640.4851,42974699520.0
2015-11-11,3635.0039,3654.877,3605.6211,3650.249,36097298432.0
2015-11-12,3656.8169,3659.3149,3603.228,3632.9021,36171800576.0
2015-11-13,3600.7639,3632.5559,3564.8091,3580.8391,34587099136.0
2015-11-16,3522.4609,3607.6121,3519.4209,3606.957,27618699264.0
2015-11-17,3629.9771,3678.2729,3598.0681,3604.7949,38357499904.0
2015-11-18,3605.061,3617.0691,3558.697,3568.468,29758099456.0
2015-11-19,3573.7759,3618.2129,3561.0439,3617.062,24791599104.0
2015-11-20,3620.791,3640.5291,3607.915,3630.499,31080200192.0
2015-11-23,3630.8669,3654.7539,3598.8711,3610.3149,31599699968.0
2015-11-24,3602.887,3616.4839,3563.104,3616.113,24881100800.0
2015-11-25,3614.0681,3648.3669,3607.5181,3647.9299,27302500352.0
2015-11-26,3659.574,3668.376,3629.865,3635.552,30676199424.0
2015-11-27,3616.5439,3621.896,3412.427,3436.303,35428798464.0
2015-11-30,3433.855,3470.3711,3327.811,3445.405,30419800064.0
2015-12-01,3442.4409,3483.4141,3417.5449,3456.3091,25239099392.0
2015-12-02,3450.2781,3538.8469,3427.6609,3536.905,30149099520.0
2015-12-03,3525.7271,3591.73,3517.23,3584.824,28111099904.0
2015-12-04,3558.1489,3568.97,3510.4121,3524.9919,25173600256.0
2015-12-07,3529.8059,3543.9451,3506.625,3536.927,20830300160.0
2015-12-08,3518.6479,3518.6479,3466.79,3470.0701,22436700160.0
2015-12-09,3462.583,3495.7019,3454.8789,3472.439,19569899520.0
2015-12-10,3469.8059,3503.6531,3446.2729,3455.4951,20042799104.0
2015-12-11,3441.5969,3455.5481,3410.9241,3434.5811,18290900992.0
2015-12-14,3403.5071,3521.7791,3399.28,3520.668,21537499136.0
2015-12-15,3518.126,3529.9609,3496.854,3510.354,20047099904.0
2015-12-16,3522.0911,3538.689,3506.291,3516.187,19348199424.0
2015-12-17,3533.6279,3583.408,3533.6279,3579.999,28385599488.0
2015-12-18,3574.9399,3614.698,3568.1609,3578.9641,27370799104.0
2015-12-21,3568.5811,3651.0559,3565.751,3642.4719,29984899072.0
2015-12-22,3645.99,3652.635,3616.8701,3651.7671,26117900288.0
2015-12-23,3653.282,3684.5669,3633.0249,3636.0891,29820200960.0
2015-12-24,3631.313,3640.2209,3572.2771,3612.4851,22778499072.0
2015-12-25,3614.054,3635.2561,3601.738,3627.9141,19845099520.0
2015-12-28,3635.769,3641.5879,3533.7791,3533.7791,26998300672.0
2015-12-29,3528.395,3564.1709,3515.52,3563.7361,18255200256.0
2015-12-30,3566.731,3573.6841,3538.1121,3572.876,18788999168.0
2015-12-31,3570.467,3580.6021,3538.353,3539.1819,17696399360.0
2016-01-04,3536.5879,3538.689,3295.741,3296.2581,18441799680.0
2016-01-05,3196.6509,3328.1389,3189.605,3287.7109,26688200704.0
2016-01-06,3291.1951,3362.9741,3288.9331,3361.8401,23888699392.0
2016-01-07,3309.657,3309.657,3115.885,3125.001,7056900096.0
2016-01-08,3194.625,3235.4509,3056.8779,3186.4121,28644100096.0
2016-01-11,3131.853,3166.2151,3016.697,3016.7041,27164399616.0
2016-01-12,3026.1589,3047.6641,2978.4629,3022.8611,20765999104.0
2016-01-13,3041.1069,3059.0149,2949.29,2949.5969,19428200448.0
2016-01-14,2874.0491,3012.293,2867.553,3007.6489,21290600448.0
2016-01-15,2988.0481,3001.708,2883.8679,2900.97,19872200704.0
2016-01-18,2847.5391,2945.45,2844.7041,2913.8369,16469999616.0
2016-01-19,2914.408,3012.0681,2906.4041,3007.739,20528001024.0
2016-01-20,2993.0139,3016.283,2951.9221,2976.6941,21650499584.0
2016-01-21,2934.3911,2998.79,2880.085,2880.4819,19167600640.0
2016-01-22,2911.1121,2931.3589,2851.7329,2916.562,15981100032.0
2016-01-25,2934.0779,2955.783,2911.8291,2938.5149,15303900160.0
2016-01-26,2907.718,2911.991,2743.8391,2749.7849,21083600896.0
2016-01-27,2756.082,2768.772,2638.302,2735.5581,21572200448.0
2016-01-28,2711.158,2740.5359,2647.4929,2655.6609,17112000512.0
2016-01-29,2652.854,2755.3669,2649.791,2737.6001,18667300864.0
2016-02-01,2730.9839,2735.2549,2655.623,2688.854,15638400000.0
2016-02-02,2687.9819,2755.1589,2687.9819,2749.5701,15807800320.0
2016-02-03,2719.574,2746.072,2696.8831,2739.2471,14839700480.0
2016-02-04,2751.4319,2793.2981,2751.314,2781.0229,17038199808.0
2016-02-05,2783.0759,2790.061,2762.1599,2763.4919,14118599680.0
2016-02-15,2684.9609,2760.3589,2682.0901,2746.196,12926400512.0
2016-02-16,2758.5791,2840.6221,2758.5791,2836.5701,19596199936.0
2016-02-17,2829.7639,2868.7009,2824.356,2867.3379,21691000832.0
2016-02-18,2881.7771,2893.2151,2857.699,2862.8931,21920399360.0
2016-02-19,2854.9041,2872.7241,2840.488,2860.021,16339099648.0
2016-02-22,2888.5979,2933.9641,2880.3469,2927.175,23217600512.0
2016-02-23,2925.708,2928.0481,2872.282,2903.3311,19974100992.0
2016-02-24,2889.885,2929.8711,2872.2739,2928.896,21340999680.0
2016-02-25,2922.2371,2922.2371,2729.8511,2741.2451,27028400128.0
2016-02-26,2760.0569,2784.7529,2715.874,2767.21,19111000064.0
2016-02-29,2754.814,2755.8899,2638.9629,2687.979,20741099520.0
2016-03-01,2688.3799,2747.562,2668.7571,2733.1699,18720700416.0
2016-03-02,2733.7671,2852.7,2732.5391,2849.6809,27096199168.0
2016-03-03,2847.3311,2878.4451,2840.874,2859.7581,28747800576.0
2016-03-04,2848.5381,2880.3721,2808.8491,2874.147,31249500160.0
2016-03-07,2886.6399,2911.8391,2871.3459,2897.3401,21746700288.0
2016-03-08,2895.666,2902.6211,2802.563,2901.387,23348299776.0
2016-03-09,2839.4109,2863.0149,2811.718,2862.5559,18335500288.0
2016-03-10,2847.5669,2863.176,2803.4761,2804.7261,13897900032.0
2016-03-11,2781.6001,2815.6069,2772.551,2810.3069,12724799488.0
2016-03-14,2830.084,2889.8159,2823.0281,2859.499,19481600000.0
2016-03-15,2853.978,2865.7871,2819.7949,2864.3679,16338700288.0
2016-03-16,2858.709,2881.5291,2854.1919,2870.4299,18649300992.0
2016-03-17,2875.4109,2921.0,2857.1909,2904.832,20028999680.0
2016-03-18,2915.5181,2971.551,2908.7419,2955.1499,31333300224.0
2016-03-21,2978.4551,3028.322,2973.7581,3018.802,35240001536.0
2016-03-22,3001.6299,3019.1011,2988.426,2999.363,27037700096.0
2016-03-23,2991.1689,3012.5601,2980.855,3009.96,21697699840.0
2016-03-24,2986.801,2998.1541,2960.5371,2960.97,23700600832.0
2016-03-25,2956.2,2981.408,2952.106,2979.4341,17507399680.0
2016-03-28,2988.01,3008.168,2948.5259,2957.8201,20202100736.0
2016-03-29,2956.7051,2962.2029,2905.251,2919.832,18296500224.0
2016-03-30,2941.218,3001.106,2941.218,3000.645,21037099008.0
2016-03-31,3009.3669,3023.4089,2992.916,3003.915,22041300992.0
2016-04-01,2997.0879,3009.6731,2956.2471,3009.53,20654600192.0
2016-04-05,3000.938,3057.3301,2993.1479,3053.0649,25673000960.0
2016-04-06,3039.7451,3059.7939,3029.0049,3050.592,23226200064.0
2016-04-07,3058.3391,3062.3579,3007.0601,3008.4199,22091999232.0
2016-04-08,2988.2,2996.1709,2960.46,2984.958,18790500352.0
2016-04-11,3006.9089,3048.9771,3006.9089,3033.957,22001799168.0
2016-04-12,3031.301,3036.825,3001.3149,3023.646,18271899648.0
2016-04-13,3041.3579,3097.165,3041.3579,3066.6379,31000299520.0
2016-04-14,3080.0901,3086.698,3056.989,3082.3621,20823799808.0
2016-04-15,3085.0259,3089.9509,3066.8721,3078.1169,18961299456.0
2016-04-18,3058.4629,3058.4629,3022.97,3033.6599,18330499072.0
2016-04-19,3047.1331,3054.5029,3024.895,3042.823,15653300224.0
2016-04-20,3050.3811,3055.689,2905.0481,2972.584,28314400768.0
2016-04-21,2954.3701,2990.6731,2943.4641,2952.8911,18940700672.0
2016-04-22,2933.0349,2960.209,2926.7759,2959.24,13721199616.0
2016-04-25,2949.9729,2954.092,2917.02,2946.6699,12585600000.0
2016-04-26,2944.7161,2965.429,2933.9709,2964.7,11771199488.0
2016-04-27,2967.1899,2976.022,2949.4319,2953.6709,13086799872.0
2016-04-28,2955.7419,2959.512,2916.374,2945.5891,13866300416.0
2016-04-29,2935.376,2950.5759,2930.356,2938.324,10931099648.0
2016-05-03,2940.3921,2993.5349,2929.8149,2992.6431,16870400000.0
2016-05-04,2983.0271,3004.418,2978.3291,2991.272,16540699648.0
2016-05-05,2987.022,2999.1179,2977.2,2997.842,14483099648.0
2016-05-06,2998.4021,3003.5901,2913.0359,2913.248,20679600128.0
2016-05-09,2896.1621,2896.1621,2821.8259,2832.113,18037800960.0
2016-05-10,2822.3269,2845.238,2820.1641,2832.5911,12082899968.0
2016-05-11,2843.5449,2857.2539,2818.699,2837.0371,13579499520.0
2016-05-12,2812.1079,2839.2759,2781.2361,2835.8621,13633800192.0
2016-05-13,2828.4609,2850.093,2814.115,2827.1089,11431999488.0
2016-05-16,2816.7749,2851.229,2804.991,2850.8621,11465400320.0
2016-05-17,2850.926,2860.3201,2832.459,2843.6841,12336900096.0
2016-05-18,2828.178,2828.2549,2781.416,2807.5139,14048799744.0
2016-05-19,2802.3149,2829.4021,2801.5481,2806.906,11159499776.0
2016-05-20,2792.8879,2825.9519,2785.0791,2825.4829,10870099968.0
2016-05-23,2826.312,2848.071,2826.2561,2843.645,12046999552.0
2016-05-24,2839.6819,2839.6951,2807.188,2821.666,11145199616.0
2016-05-25,2835.0291,2843.165,2807.749,2815.0859,10352700416.0
2016-05-26,2813.543,2827.092,2780.7629,2822.4431,11476700160.0
2016-05-27,2817.968,2832.7991,2809.7991,2821.0459,10984599552.0
2016-05-30,2814.6509,2830.97,2794.6609,2822.4509,10631999488.0
2016-05-31,2822.593,2917.135,2822.593,2916.616,21525999616.0
2016-06-01,2917.1541,2929.0759,2909.512,2913.5081,18838599680.0
2016-06-02,2911.219,2925.6699,2906.5239,2925.229,15971699712.0
2016-06-03,2929.7881,2945.519,2915.1851,2938.6819,17202100224.0
2016-06-06,2940.9939,2945.9419,2922.283,2934.0979,14199400448.0
2016-06-07,2936.282,2938.4441,2923.502,2936.0449,13298799616.0
2016-06-08,2932.376,2937.9861,2908.3669,2927.1589,14304600064.0
2016-06-13,2897.2729,2911.158,2832.5071,2833.071,16925500416.0
2016-06-14,2824.229,2843.4561,2822.061,2842.189,11975499776.0
2016-06-15,2814.6931,2894.2639,2811.781,2887.21,16667100160.0
2016-06-16,2878.4021,2887.7429,2865.3879,2872.8169,17388300288.0
2016-06-17,2873.009,2900.2991,2872.1841,2885.105,17147299840.0
2016-06-20,2887.636,2891.658,2864.02,2888.8091,13657100288.0
2016-06-21,2898.384,2919.302,2869.176,2878.5569,16435900416.0
2016-06-22,2872.7339,2905.978,2869.5129,2905.55,13059000320.0
2016-06-23,2902.3979,2904.1121,2878.6609,2891.96,13613700096.0
2016-06-24,2883.759,2899.5691,2807.5979,2854.2859,19084300288.0
2016-06-27,2840.5591,2895.731,2840.2759,2895.7029,15669699584.0
2016-06-28,2885.011,2913.582,2878.824,2912.5569,17387100160.0
2016-06-29,2918.5339,2933.9971,2915.062,2931.592,19321600000.0
2016-06-30,2931.481,2938.137,2922.312,2929.606,15446500352.0
2016-07-01,2931.802,2944.989,2925.8101,2932.4761,14124600320.0
2016-07-04,2924.293,2992.498,2922.52,2988.604,22201700352.0
2016-07-05,2991.752,3010.2749,2990.6421,3006.3921,23520399360.0
2016-07-06,2998.521,3017.6521,2984.8279,3017.292,21237100544.0
2016-07-07,3009.353,3024.1089,2994.6431,3016.8469,22268200960.0
2016-07-08,3000.3259,3001.551,2983.8811,2988.094,16898700288.0
2016-07-11,2993.749,3022.9441,2990.907,2994.917,22433800192.0
2016-07-12,2992.519,3049.6809,2984.4209,3049.3811,25948600320.0
2016-07-13,3049.5129,3069.0471,3048.199,3060.689,25365899264.0
2016-07-14,3054.9751,3057.0459,3036.5229,3054.0181,18019500032.0
2016-07-15,3056.6819,3062.6831,3044.5371,3054.2959,17286600704.0
2016-07-18,3047.637,3058.321,3031.6389,3043.564,17749700608.0
2016-07-19,3040.2261,3043.6001,3014.2891,3036.5979,15536100352.0
2016-07-20,3034.7141,3042.9971,3022.6311,3027.8999,13824300032.0
2016-07-21,3027.604,3053.334,3027.3679,3039.009,16376699904.0
2016-07-22,3038.1179,3039.27,3007.457,3012.8159,16200999936.0
2016-07-25,3008.094,3027.123,3003.292,3015.8279,14420700160.0
2016-07-26,3014.04,3050.615,3013.802,3050.166,15669499904.0
2016-07-27,3050.3669,3057.4241,2939.2271,2991.999,28016099328.0
2016-07-28,2980.501,3003.363,2968.1819,2994.323,19056500736.0
2016-07-29,2992.5359,3000.0549,2972.917,2979.3391,15010199552.0
2016-08-01,2971.949,2972.875,2931.9629,2953.385,14740799488.0
2016-08-02,2950.0801,2971.2791,2946.637,2971.2791,11546900480.0
2016-08-03,2963.2151,2981.155,2956.7859,2978.4609,14114100224.0
2016-08-04,2976.4099,2982.8601,2958.9331,2982.426,13393300480.0
2016-08-05,2978.7781,2991.677,2971.564,2976.696,14185700352.0
2016-08-08,2972.625,3004.718,2959.0481,3004.2771,15573000192.0
2016-08-09,3001.3059,3025.9109,2998.677,3025.6799,16999499776.0
2016-08-10,3023.4719,3033.196,3017.0901,3018.7461,16467500032.0
2016-08-11,3013.678,3038.0481,3001.168,3002.6379,16187899904.0
2016-08-12,3000.2729,3051.054,2999.0391,3050.667,16817399808.0
2016-08-15,3056.4829,3137.4761,3053.8711,3125.1951,29761699840.0
2016-08-16,3130.533,3140.4409,3102.0649,3110.0371,27832899584.0
2016-08-17,3106.991,3114.2549,3090.281,3109.5549,21383999488.0
2016-08-18,3107.7529,3125.5811,3093.3169,3104.114,22935900160.0
2016-08-19,3100.3911,3113.344,3082.771,3108.1021,19434700800.0
2016-08-22,3107.3811,3112.74,3083.593,3084.8049,18538799104.0
2016-08-23,3081.572,3101.1101,3073.5291,3089.7061,16136899584.0
2016-08-24,3092.02,3097.1479,3079.5481,3085.8799,14570699776.0
2016-08-25,3073.4441,3073.4441,3041.5049,3068.3291,17403299840.0
2016-08-26,3069.8501,3087.6521,3063.894,3070.3091,14966400000.0
2016-08-29,3068.46,3074.9431,3058.7849,3070.0271,14449999872.0
2016-08-30,3071.4399,3082.988,3065.9709,3074.677,14043499520.0
2016-08-31,3072.916,3087.698,3063.396,3085.491,14136899584.0
2016-09-01,3083.9609,3088.7041,3062.876,3063.3049,15519099904.0
2016-09-02,3057.4939,3072.5259,3050.4919,3067.3521,15044700160.0
2016-09-05,3070.707,3085.4851,3065.3291,3072.095,14496300032.0
2016-09-06,3071.0549,3095.509,3053.187,3090.7129,17290899456.0
2016-09-07,3091.3291,3105.677,3087.8789,3091.928,18695700480.0
2016-09-08,3089.9529,3096.783,3083.9009,3095.9541,14588399616.0
2016-09-09,3095.427,3101.792,3078.218,3078.855,16069300224.0
2016-09-12,3037.5071,3040.9519,2999.929,3021.9771,20601200640.0
2016-09-13,3025.0349,3029.7209,3008.74,3023.51,13538799616.0
2016-09-14,3008.9041,3017.9451,2995.416,3002.8491,13341299712.0
2016-09-19,3005.323,3026.6509,3005.323,3026.051,11922499584.0
2016-09-20,3027.1721,3027.8159,3015.8799,3022.999,11892400128.0
2016-09-21,3021.5759,3032.45,3017.541,3025.874,11572100096.0
2016-09-22,3038.4221,3054.4351,3035.0701,3042.313,13930999808.0
2016-09-23,3044.7859,3046.8049,3032.802,3033.896,12559099904.0
2016-09-26,3028.2429,3028.2429,2980.1169,2980.4299,14433000448.0
2016-09-27,2974.593,2998.2329,2969.1321,2998.1721,12170099712.0
2016-09-28,3000.6951,3000.6951,2984.321,2987.8579,10462600192.0
2016-09-29,2992.168,3009.198,2991.9089,2998.4829,11321400320.0
2016-09-30,2994.251,3009.1951,2993.062,3004.7029,10133399552.0
2016-10-10,3020.457,3048.2361,3014.6201,3048.1431,16005099520.0
2016-10-11,3051.6221,3066.104,3048.0171,3065.25,16727300096.0
2016-10-12,3057.3159,3060.5139,3048.8879,3058.498,14249400320.0
2016-10-13,3057.9719,3064.999,3052.6399,3061.3459,15475699712.0
2016-10-14,3056.9929,3064.7891,3043.1841,3063.8091,15537399808.0
2016-10-17,3064.6909,3068.812,3033.7529,3041.166,16373300224.0
2016-10-18,3037.4041,3084.187,3037.4041,3083.875,18204200960.0
2016-10-19,3085.749,3096.2229,3076.771,3084.719,18247000064.0
2016-10-20,3084.908,3089.6819,3076.2949,3084.458,16069099520.0
2016-10-21,3081.3889,3101.8491,3069.2671,3090.9409,18738800640.0
2016-10-24,3092.0471,3137.0339,3090.7859,3128.2471,24052199424.0
2016-10-25,3127.968,3132.5049,3121.05,3131.939,20338100224.0
2016-10-26,3129.8379,3129.8379,3110.387,3116.312,19166300160.0
2016-10-27,3112.603,3114.759,3100.3921,3112.3501,15800899584.0
2016-10-28,3111.7041,3128.6431,3101.2371,3104.27,18177400832.0
2016-10-31,3097.188,3102.302,3081.072,3100.4919,15150699520.0
2016-11-01,3101.6641,3122.615,3097.042,3122.436,16023199744.0
2016-11-02,3115.729,3118.9771,3099.8201,3102.7329,18272200704.0
2016-11-03,3096.7649,3140.9299,3094.103,3128.936,22298599424.0
2016-11-04,3126.3491,3141.334,3119.5349,3125.3169,19768299520.0
2016-11-07,3124.8921,3139.2019,3117.0959,3133.333,17941800960.0
2016-11-08,3140.9431,3156.8811,3134.9551,3147.887,19084699648.0
2016-11-09,3146.0769,3146.95,3096.947,3128.3701,24111499264.0
2016-11-10,3148.5439,3172.3091,3148.5439,3171.282,24419299328.0
2016-11-11,3169.4009,3202.74,3166.0701,3196.0439,31085500416.0
2016-11-14,3187.709,3221.458,3186.7959,3210.3711,32960800768.0
2016-11-15,3209.9551,3214.292,3195.0349,3206.9861,24088600576.0
2016-11-16,3208.4971,3210.8931,3195.4109,3205.0569,22176700416.0
2016-11-17,3198.499,3211.053,3187.2061,3208.4519,21420599296.0
2016-11-18,3207.1931,3212.394,3187.4961,3192.856,20982700032.0
2016-11-21,3188.4961,3229.7571,3188.28,3218.1479,23065300992.0
2016-11-22,3220.9829,3249.677,3220.9829,3248.3521,26163200000.0
2016-11-23,3247.9451,3262.8789,3231.5859,3241.137,24995999744.0
2016-11-24,3237.428,3257.8569,3232.8689,3241.7361,23232499712.0
2016-11-25,3241.2429,3262.438,3209.5979,3261.938,23392200704.0
2016-11-28,3270.0471,3288.3369,3267.6741,3277.0,28155099136.0
2016-11-29,3269.2339,3301.2129,3263.397,3282.9241,32083599360.0
2016-11-30,3272.1421,3277.269,3239.521,3250.0339,24357599232.0
2016-12-01,3257.0271,3279.6709,3256.2561,3273.3091,23776000000.0
2016-12-02,3270.1211,3279.7141,3235.2771,3243.843,25956700160.0
2016-12-05,3203.7839,3219.5181,3194.8779,3204.709,22300999680.0
2016-12-06,3202.0291,3215.311,3196.5249,3199.647,15757299712.0
2016-12-07,3198.4751,3222.428,3189.4851,3222.2419,16907299840.0
2016-12-08,3225.55,3228.1221,3211.4709,3215.366,17070999552.0
2016-12-09,3209.3401,3244.801,3207.043,3232.8831,20402399232.0
2016-12-12,3233.666,3245.095,3149.896,3152.97,27470800896.0
2016-12-13,3138.988,3162.4961,3118.7119,3155.0371,18516400128.0
2016-12-14,3149.377,3170.021,3136.3479,3140.531,20135899136.0
2016-12-15,3125.7571,3138.7791,3100.9131,3117.677,18999099392.0
2016-12-16,3111.5144,3128.8735,3106.3464,3122.9814,16498899968.0
2016-12-19,3120.6963,3125.2839,3110.0818,3118.0847,15416999936.0
2016-12-20,3115.8984,3117.0144,3084.7998,3102.876,15742699520.0
2016-12-21,3107.2395,3140.2512,3107.2395,3137.4297,18670700544.0
2016-12-22,3132.1558,3143.1685,3126.8872,3139.5581,16780499968.0
2016-12-23,3134.9292,3138.4041,3103.7476,3110.1543,16617700352.0
2016-12-26,3095.5786,3122.8811,3068.415,3122.5691,15257199616.0
2016-12-27,3117.3867,3127.8828,3113.7451,3114.6641,14152899584.0
2016-12-28,3113.7671,3118.7817,3094.5488,3102.2356,13572700160.0
2016-12-29,3095.8447,3111.7993,3087.344,3096.0967,13262300160.0
2016-12-30,3097.3455,3108.8394,3089.9895,3103.6372,13326699520.0
2017-01-03,3105.3086,3136.4558,3105.3086,3135.9209,14156699648.0
2017-01-04,3133.7874,3160.1028,3130.1145,3158.7939,16786100224.0
2017-01-05,3157.9063,3168.5022,3154.281,3165.4109,17472800768.0
2017-01-06,3163.7761,3172.0347,3153.0254,3154.321,18370899968.0
2017-01-09,3148.5317,3173.136,3147.7351,3171.2361,17171399680.0
2017-01-10,3167.5701,3174.5781,3157.3323,3161.6714,17975900160.0
2017-01-11,3156.6855,3167.0288,3136.2666,3136.7534,17836199936.0
2017-01-12,3133.6016,3144.97,3115.9788,3119.2886,14888899584.0
2017-01-13,3116.0828,3130.5146,3102.1628,3112.7644,15627400192.0
2017-01-16,3104.4924,3105.1423,3044.2913,3103.428,25788600320.0
2017-01-17,3087.0295,3108.9072,3072.3384,3108.7747,13615800320.0
2017-01-18,3104.7664,3123.7202,3098.5864,3113.0122,13178000384.0
2017-01-19,3104.9714,3115.7778,3094.0056,3101.2993,12385099776.0
2017-01-20,3095.8186,3125.6599,3095.2146,3123.1389,12236699648.0
2017-01-23,3125.4209,3145.8411,3125.4209,3136.7749,13265999872.0
2017-01-24,3134.592,3149.5313,3131.218,3142.5532,12597399552.0
2017-01-25,3137.6462,3151.4724,3133.1912,3149.5547,11207400448.0
2017-01-26,3149.2168,3163.104,3148.9082,3159.166,11387700224.0
2017-02-03,3160.0815,3162.677,3136.0129,3140.1699,9222500352.0
2017-02-06,3143.093,3158.8433,3135.387,3156.9839,12719800320.0
2017-02-07,3154.4045,3159.5439,3140.0356,3153.0879,12833699840.0
2017-02-08,3148.0859,3167.4465,3132.0332,3166.9817,14492000256.0
2017-02-09,3164.6875,3186.8379,3162.5745,3183.1794,19164000256.0
2017-02-10,3183.0068,3205.0491,3182.802,3196.699,23934900224.0
2017-02-13,3198.9946,3219.4072,3198.9946,3216.8394,22019198976.0
2017-02-14,3216.137,3219.4048,3205.2854,3217.928,18879799296.0
2017-02-15,3215.4639,3235.9978,3206.5605,3212.9856,24150800384.0
2017-02-16,3210.3567,3230.2754,3207.7852,3229.6184,21695600640.0
2017-02-17,3227.7073,3238.396,3199.4248,3202.0757,22622799872.0
2017-02-20,3198.9634,3241.458,3198.9634,3239.9612,23215200256.0
2017-02-21,3242.2227,3254.3354,3239.8774,3253.3257,21167300608.0
2017-02-22,3252.6897,3261.3809,3243.8398,3261.2185,20745400320.0
2017-02-23,3258.8318,3264.0818,3236.355,3251.375,20917999616.0
2017-02-24,3246.8604,3253.9556,3233.5349,3253.4326,18640599040.0
2017-02-27,3249.1946,3251.6543,3224.0884,3228.6602,18258100224.0
2017-02-28,3225.969,3242.679,3225.969,3241.7332,15124400128.0
2017-03-01,3240.0725,3259.978,3237.8713,3246.9336,19067799552.0
2017-03-02,3250.5183,3256.8074,3228.6648,3230.0281,18121500672.0
2017-03-03,3219.2019,3221.1553,3206.6128,3218.3118,15708199936.0
2017-03-06,3217.3345,3234.6626,3215.0669,3233.8657,15609199616.0
2017-03-07,3233.094,3242.6592,3226.822,3242.4063,16406400000.0
2017-03-08,3240.5322,3245.3042,3230.6084,3240.6646,16073100288.0
2017-03-09,3233.7007,3233.875,3205.2793,3216.7456,16737099776.0
2017-03-10,3213.7295,3222.3188,3208.4473,3212.76,13667300352.0
2017-03-13,3209.4492,3237.1211,3193.1565,3237.0244,16367399936.0
2017-03-14,3235.2515,3246.3286,3231.521,3239.3279,14694599680.0
2017-03-15,3235.4031,3243.7129,3227.7378,3241.7598,14405600256.0
2017-03-16,3247.1628,3269.77,3247.1628,3268.9353,18941599744.0
2017-03-17,3271.8665,3274.1902,3232.2805,3237.447,20058300416.0
2017-03-20,3241.1101,3251.1272,3228.1177,3250.8081,17054799872.0
2017-03-21,3250.2473,3262.2209,3246.6958,3261.6108,16271899648.0
2017-03-22,3246.2234,3255.7778,3229.1284,3245.2197,18973200384.0
2017-03-23,3245.8079,3262.0913,3221.9343,3248.5496,19302899712.0
2017-03-24,3247.3496,3275.2065,3241.1233,3269.4451,21977800704.0
2017-03-27,3268.9241,3283.2393,3262.1184,3266.9551,20185300992.0
2017-03-28,3265.6345,3265.6345,3246.0862,3252.948,16170999808.0
2017-03-29,3252.8652,3262.0977,3233.2795,3241.3145,21610600448.0
2017-03-30,3235.137,3240.0173,3195.8523,3210.2368,24713500672.0
2017-03-31,3206.2529,3226.2483,3205.5366,3222.5142,19644299264.0
2017-04-05,3235.6604,3270.6453,3233.2368,3270.3054,24832000000.0
2017-04-06,3272.1926,3286.6738,3265.7644,3281.0046,24528799744.0
2017-04-07,3280.6238,3295.187,3275.0508,3286.616,23610900480.0
2017-04-10,3285.4595,3285.4595,3265.0122,3269.3926,23269500928.0
2017-04-11,3266.2219,3290.3887,3244.4048,3288.9658,28128100352.0
2017-04-12,3283.8369,3284.9338,3262.2773,3273.8301,26938200064.0
2017-04-13,3265.218,3281.137,3261.49,3275.9602,20734699520.0
2017-04-14,3276.1382,3276.7112,3238.896,3246.0669,21450899456.0
2017-04-17,3229.9492,3229.9492,3199.9121,3222.1672,21273700352.0
2017-04-18,3215.3962,3225.0547,3196.4883,3196.7134,18866100224.0
2017-04-19,3184.666,3189.4368,3147.0654,3170.6868,21323800576.0
2017-04-20,3165.665,3178.1826,3148.1843,3172.1003,19087400960.0
2017-04-21,3170.2898,3180.7944,3158.6287,3173.1511,16476199936.0
2017-04-24,3164.2478,3164.2478,3111.2146,3129.5313,18627700736.0
2017-04-25,3123.8943,3145.2671,3117.4487,3134.5674,15341800448.0
2017-04-26,3132.9182,3152.9534,3131.418,3140.8472,16987799552.0
2017-04-27,3131.3496,3155.0034,3097.3335,3152.187,21179299840.0
2017-04-28,3144.022,3154.7266,3136.5781,3154.6584,16289000448.0
2017-05-02,3147.2275,3154.7813,3136.5391,3143.7122,15422300160.0
2017-05-03,3138.3069,3148.2856,3123.751,3135.3459,16376399872.0
2017-05-04,3127.1057,3143.8179,3111.3911,3127.3687,17796700160.0
2017-05-05,3114.7734,3117.614,3092.0918,3103.0378,17621399552.0
2017-05-08,3090.0652,3093.4517,3067.6943,3078.6128,18052700160.0
2017-05-09,3064.8484,3084.2078,3056.5581,3080.5269,13506700288.0
2017-05-10,3078.1729,3090.8191,3051.5896,3052.7849,16079399936.0
2017-05-11,3036.7891,3063.5637,3016.5305,3061.5002,19134199808.0
2017-05-12,3054.1123,3090.4915,3051.8713,3083.5132,15968400384.0
2017-05-15,3085.9319,3098.9126,3085.9319,3090.229,13566100480.0
2017-05-16,3082.8716,3113.5117,3060.5344,3112.9641,17377599488.0
2017-05-17,3107.802,3119.5815,3101.2954,3104.4414,16867399680.0
2017-05-18,3082.3289,3103.4414,3077.9631,3090.1389,14862000128.0
2017-05-19,3086.7053,3095.4827,3081.2781,3090.6309,12963500032.0
2017-05-22,3087.1704,3103.9375,3063.1528,3075.6755,15368399872.0
2017-05-23,3069.3936,3084.2351,3050.8423,3061.947,17831100416.0
2017-05-24,3047.5681,3064.8127,3022.3025,3064.0759,13981299712.0
2017-05-25,3055.3425,3114.6577,3052.8308,3107.8311,19139198976.0
2017-05-26,3101.2864,3120.6626,3100.3877,3110.0586,15592299520.0
2017-05-31,3125.3252,3143.2788,3111.5564,3117.1777,15294999552.0
2017-06-01,3108.4214,3113.5212,3097.6794,3102.6233,16301599744.0
2017-06-02,3094.2253,3110.3892,3081.8484,3105.54,14250500096.0
2017-06-05,3102.1096,3105.5056,3084.8301,3091.656,13256999936.0
2017-06-06,3084.54,3102.8633,3078.7871,3102.126,11344000000.0
2017-06-07,3101.7607,3140.7744,3098.9507,3140.325,17322899456.0
2017-06-08,3136.4705,3153.2634,3132.8279,3150.3335,15227799552.0
2017-06-09,3147.4534,3165.9197,3146.1074,3158.4004,16013599744.0
2017-06-12,3149.5266,3164.9502,3135.314,3139.8767,14672900096.0
2017-06-13,3134.0088,3155.9895,3131.0432,3153.7429,12831800320.0
2017-06-14,3146.748,3149.1731,3125.3545,3130.6741,13834699776.0
2017-06-15,3125.5864,3137.5854,3117.084,3132.4863,14695400448.0
2017-06-16,3126.3728,3134.2512,3117.8567,3123.1663,12965300224.0
2017-06-19,3122.1577,3146.7703,3121.7788,3144.3738,13489200128.0
2017-06-20,3148.0188,3150.4646,3134.6106,3140.0137,14119199744.0
2017-06-21,3148.9861,3157.0276,3132.6172,3156.2119,13668800512.0
2017-06-22,3152.2424,3186.9824,3146.6433,3147.4531,19134400512.0
2017-06-23,3138.4441,3158.0474,3118.0945,3157.873,15484399616.0
2017-06-26,3157.0022,3187.8892,3156.9768,3185.4438,17357899776.0
2017-06-27,3183.4199,3193.4612,3172.4629,3191.197,14820100096.0
2017-06-28,3183.6333,3193.4397,3170.7859,3173.2014,14651700224.0
2017-06-29,3174.9812,3188.7742,3174.2834,3188.0625,12875499520.0
2017-06-30,3176.948,3193.2412,3171.5703,3192.427,12146499584.0
2017-07-03,3191.9983,3196.2861,3177.0244,3195.9116,14030600192.0
2017-07-04,3192.8884,3193.0645,3174.314,3182.804,14111500288.0
2017-07-05,3179.2168,3207.3096,3174.708,3207.1343,14829599744.0
2017-07-06,3203.863,3215.95,3188.7732,3212.4441,17580900352.0
2017-07-07,3203.8225,3219.5232,3195.2905,3217.9568,17671499776.0
2017-07-10,3208.4626,3223.3401,3203.209,3212.6318,19892799488.0
2017-07-11,3201.5168,3226.908,3199.2234,3203.0376,18783700992.0
2017-07-12,3201.9292,3215.1963,3177.9346,3197.5439,18690099200.0
2017-07-13,3192.3616,3219.2683,3190.3394,3218.1631,19530399744.0
2017-07-14,3212.0315,3222.9785,3204.8528,3222.4167,16012699648.0
2017-07-17,3219.7915,3230.354,3139.5034,3176.4648,26620499968.0
2017-07-18,3159.7317,3187.6709,3150.1284,3187.5671,19062300672.0
2017-07-19,3181.4016,3232.9409,3179.73,3230.9763,27242100736.0
2017-07-20,3227.5056,3246.2361,3225.4329,3244.8647,23210799104.0
2017-07-21,3236.5881,3247.7122,3231.9556,3237.9817,20600299520.0
2017-07-24,3230.8979,3261.1045,3230.0706,3250.5989,23305601024.0
2017-07-25,3249.1377,3261.6455,3233.1377,3243.6895,20557400064.0
2017-07-26,3244.4607,3264.8484,3228.0388,3247.6748,21354199040.0
2017-07-27,3243.7649,3251.926,3220.6367,3249.7815,22848600064.0
2017-07-28,3240.1729,3256.3706,3232.9634,3253.2405,18222700544.0
2017-07-31,3252.752,3276.946,3251.1941,3273.0283,24603899904.0
2017-08-01,3274.3684,3292.6382,3273.5039,3292.6382,23719499776.0
2017-08-02,3288.5183,3305.4314,3282.0376,3285.0569,26673100800.0
2017-08-03,3279.9863,3293.3687,3262.1555,3272.9287,23327700992.0
2017-08-04,3269.3181,3287.1929,3261.3066,3262.0808,27590600704.0
2017-08-07,3257.6699,3280.1035,3243.7153,3279.4565,23117299712.0
2017-08-08,3277.1887,3285.4834,3269.6582,3281.8728,25204400128.0
2017-08-09,3277.8083,3277.9434,3263.8467,3275.573,23559800832.0
2017-08-10,3269.7346,3282.519,3236.1829,3261.7495,24068499456.0
2017-08-11,3237.9221,3245.1162,3200.748,3208.5413,26296299520.0
2017-08-14,3206.0437,3240.0518,3206.0437,3237.3601,19034699776.0
2017-08-15,3235.2297,3263.5891,3235.1013,3251.2617,18229800960.0
2017-08-16,3247.8525,3248.7849,3228.8706,3246.4512,17685200896.0
2017-08-17,3253.8455,3269.1389,3251.4592,3268.4297,20362299392.0
2017-08-18,3253.2434,3275.0764,3248.0833,3268.7244,19112200192.0
2017-08-21,3274.5806,3287.5186,3270.4753,3286.9055,18612199424.0
2017-08-22,3287.6147,3293.4761,3274.9409,3290.2256,18653800448.0
2017-08-23,3283.7966,3299.4573,3274.4404,3287.7048,17983199232.0
2017-08-24,3287.9595,3297.9885,3266.3589,3271.5117,16346900480.0
2017-08-25,3271.4607,3331.9146,3271.4607,3331.5222,20583899136.0
2017-08-28,3336.1265,3375.0339,3336.1265,3362.6514,25746100224.0
2017-08-29,3362.0603,3374.5947,3354.4626,3365.2261,21950500864.0
2017-08-30,3361.8208,3376.6482,3357.0803,3363.6267,24686299136.0
2017-08-31,3361.4622,3367.3582,3340.6865,3360.8103,23441999872.0
2017-09-01,3365.9912,3381.9253,3358.4724,3367.1194,28249800704.0
2017-09-04,3369.7185,3381.4026,3359.1309,3379.583,26742800384.0
2017-09-05,3377.1968,3390.8232,3371.5706,3384.3169,21655300096.0
2017-09-06,3372.4277,3391.0105,3364.7644,3385.3889,22909100032.0
2017-09-07,3383.6282,3387.7957,3363.1765,3365.4973,22111899648.0
2017-09-08,3364.4275,3380.8899,3353.6875,3365.2427,19840499712.0
2017-09-11,3365.3506,3384.8101,3360.0461,3376.4187,21901099008.0
2017-09-12,3381.4871,3391.0693,3370.8518,3379.488,27291000832.0
2017-09-13,3374.7185,3387.1396,3366.5413,3384.147,19455100928.0
2017-09-14,3383.47,3391.6436,3361.3335,3371.4255,22130599936.0
2017-09-15,3365.1455,3365.5276,3345.3284,3353.6191,21976600576.0
2017-09-18,3352.5134,3371.7485,3352.5134,3362.8586,19032000512.0
2017-09-19,3365.5315,3370.4009,3344.7053,3356.8445,19113000960.0
2017-09-20,3352.1848,3370.0979,3346.5356,3365.9958,19219699712.0
2017-09-21,3364.6978,3377.8845,3356.8755,3357.8123,19744899072.0
2017-09-22,3347.157,3356.4514,3334.9846,3352.5293,17923399680.0
2017-09-25,3344.5886,3350.9612,3334.9438,3341.5486,16962100224.0
2017-09-26,3336.3496,3347.1628,3332.5984,3343.5825,13262900224.0
2017-09-27,3340.822,3349.6948,3340.2988,3345.2717,14308700160.0
2017-09-28,3343.8445,3344.6006,3336.1785,3339.6421,14944400384.0
2017-09-29,3340.3108,3357.0154,3340.3108,3348.9431,14486200320.0
2017-10-09,3403.2458,3410.1704,3366.9651,3374.3782,19173599232.0
2017-10-10,3373.3445,3384.0261,3358.7954,3382.9878,17942401024.0
2017-10-11,3381.488,3395.7793,3379.1633,3388.2837,18147700736.0
2017-10-12,3385.533,3390.2036,3372.5332,3386.1001,16180899840.0
2017-10-13,3384.4883,3395.7483,3383.2393,3390.5232,13995499520.0
2017-10-16,3393.2056,3400.5112,3374.7688,3378.4705,17433100288.0
2017-10-17,3373.2341,3382.4072,3365.5647,3372.0408,12538200064.0
2017-10-18,3373.5281,3383.2324,3371.9248,3381.7937,15722900480.0
2017-10-19,3374.6443,3378.7358,3359.6284,3370.1721,15847600128.0
2017-10-20,3363.5139,3379.7651,3360.1001,3378.6482,12717299712.0
2017-10-23,3382.28,3385.2854,3374.7051,3380.699,13084600320.0
2017-10-24,3376.5989,3388.6887,3374.1245,3388.2478,13989799936.0
2017-10-25,3384.8579,3398.3042,3382.0337,3396.8975,12313100288.0
2017-10-26,3397.519,3414.2415,3391.4548,3407.5671,18376900608.0
2017-10-27,3404.4978,3421.1025,3402.114,3416.8125,17025699840.0
2017-10-30,3413.8679,3419.7314,3357.2761,3390.3372,20834899968.0
2017-10-31,3380.999,3397.0989,3376.1238,3393.3418,15349799936.0
2017-11-01,3393.9678,3410.3518,3388.5979,3395.9126,18056599552.0
2017-11-02,3391.6521,3391.6521,3372.2131,3383.3096,16686399488.0
2017-11-03,3377.7356,3380.5701,3347.3604,3371.7441,17271500800.0
2017-11-06,3369.6851,3389.3826,3356.5337,3388.1743,15463600128.0
2017-11-07,3389.4722,3415.1482,3387.9458,3413.5747,19057199104.0
2017-11-08,3409.1475,3434.4917,3404.8811,3415.4602,18543599616.0
2017-11-09,3410.6724,3428.7705,3408.6187,3427.7947,15864999936.0
2017-11-10,3423.1846,3438.7925,3414.3286,3432.6731,18927699968.0
2017-11-13,3435.1838,3449.1638,3435.085,3447.8357,20538900480.0
2017-11-14,3446.5454,3450.4949,3419.6919,3429.5481,19647299584.0
2017-11-15,3416.2112,3423.7495,3396.3811,3402.5244,16879200256.0
2017-11-16,3393.1936,3409.6533,3390.5889,3399.2502,15668400128.0
2017-11-17,3392.6833,3403.2854,3373.2957,3382.9075,24945799168.0
2017-11-20,3361.3562,3393.1062,3337.116,3392.3987,17652500480.0
2017-11-21,3382.3596,3419.802,3377.5989,3410.4978,19687200768.0
2017-11-22,3417.3313,3442.1777,3404.2866,3430.4644,21356699648.0
2017-11-23,3425.0093,3429.4236,3342.3325,3351.9182,21526499328.0
2017-11-24,3340.3843,3360.7458,3328.334,3353.8208,15957000192.0
2017-11-27,3346.6567,3347.0505,3315.2642,3322.2297,16643900416.0
2017-11-28,3311.2322,3333.7998,3300.7808,3333.657,13824799744.0
2017-11-29,3335.5671,3343.0625,3305.572,3337.8621,18380599296.0
2017-11-30,3328.6426,3340.9202,3306.2832,3317.1885,15659599872.0
2017-12-01,3315.105,3324.5161,3302.4397,3317.6174,13919800320.0
2017-12-04,3310.3813,3323.9961,3304.1035,3309.6184,14805300224.0
2017-12-05,3301.6907,3315.7373,3300.5117,3303.675,20827899904.0
2017-12-06,3291.3127,3296.2014,3254.6108,3293.9648,15160399872.0
2017-12-07,3283.2791,3291.2817,3259.1638,3272.0542,13210600448.0
2017-12-08,3264.4775,3297.1304,3258.7593,3289.9924,13320899584.0
2017-12-11,3290.488,3322.6736,3288.2949,3322.1956,13196598272.0
2017-12-12,3320.3103,3320.3103,3280.3291,3280.8137,12460482560.0
2017-12-13,3278.3967,3304.01,3273.3247,3303.0374,11199864832.0
2017-12-14,3302.9321,3309.5295,3282.5732,3292.4385,12054423552.0
2017-12-15,3287.5293,3287.5293,3259.3882,3266.1372,13094062080.0
2017-12-18,3268.0334,3280.5437,3254.1775,3267.9224,12070038528.0
2017-12-19,3266.019,3296.9397,3266.019,3296.5383,11514013696.0
2017-12-20,3296.7402,3300.2124,3276.1201,3287.6057,13774512128.0
2017-12-21,3281.1179,3309.2234,3267.4043,3300.0593,14212792320.0
2017-12-22,3297.6853,3307.3276,3293.4414,3297.063,12404732928.0
2017-12-25,3296.2107,3312.2998,3270.4407,3280.4609,14689363968.0
2017-12-26,3277.8372,3307.2993,3274.3274,3306.1245,14243449856.0
2017-12-27,3302.4612,3307.0798,3270.3491,3275.7827,16267489280.0
2017-12-28,3272.2913,3304.0962,3263.7283,3296.3848,17537167360.0
2017-12-29,3295.2461,3308.2249,3292.77,3307.1721,14158683136.0
2018-01-02,3314.0308,3349.053,3314.0308,3348.3259,20227885056.0
2018-01-03,3347.7429,3379.9153,3345.2888,3369.1084,21383614464.0
2018-01-04,3371.0,3392.8264,3365.2954,3385.7102,20695529472.0
2018-01-05,3386.4641,3402.0693,3380.2451,3391.75,21306068992.0
2018-01-08,3391.5527,3412.7307,3384.5591,3409.4795,23616499712.0
2018-01-09,3406.1116,3417.2278,3403.5869,3413.8997,19148900352.0
2018-01-10,3414.1128,3430.2139,3398.8423,3421.8342,20909500416.0
2018-01-11,3415.585,3426.4829,3405.6389,3425.345,17381199872.0
2018-01-12,3423.8794,3435.4238,3417.9802,3428.9407,17406300160.0
2018-01-15,3428.9507,3442.5007,3402.312,3410.4883,23200899072.0
2018-01-16,3403.4695,3437.5828,3401.9607,3436.594,21147500544.0
2018-01-17,3438.5762,3465.2048,3430.5115,3444.6714,26104500224.0
2018-01-18,3449.8811,3476.5459,3448.7886,3474.7539,22004000768.0
2018-01-19,3481.6201,3498.4341,3474.2915,3487.864,24753700864.0
2018-01-22,3476.9939,3503.3857,3475.6731,3501.3623,21748799488.0
2018-01-23,3504.344,3547.2222,3504.344,3546.5049,23870599168.0
2018-01-24,3553.4788,3569.489,3527.1118,3559.4653,25295449600.0
2018-01-25,3555.1677,3571.4805,3528.0349,3548.3069,24341342200.0
2018-01-26,3535.4932,3574.9048,3534.1953,3558.1289,22269829500.0
2018-01-29,3563.6399,3587.0322,3510.2688,3523.0007,23602696500.0
2018-01-30,3511.5005,3523.0513,3484.6555,3488.009,18636997500.0
2018-01-31,3470.5088,3495.4534,3454.7258,3480.8335,20725340300.0
2018-02-01,3478.6702,3495.0933,3424.4187,3446.98,26050470700.0
2018-02-02,3419.2249,3463.1638,3388.8596,3462.0808,20812055100.0
2018-02-05,3411.6699,3487.7212,3406.2405,3487.4971,21767375400.0
2018-02-06,3418.01,3440.124,3364.2163,3370.6521,28055548000.0
2018-02-07,3412.7441,3425.5376,3304.0071,3309.2598,26093971400.0
2018-02-08,3281.0459,3307.1624,3225.7117,3262.0503,20126249900.0
2018-02-09,3172.8508,3180.1101,3062.7427,3129.8508,25638917600.0
2018-02-12,3128.3708,3168.1257,3113.6055,3154.1255,15331083100.0
2018-02-13,3176.1067,3219.2168,3176.1067,3184.9587,15152759700.0
2018-02-14,3188.2476,3203.4966,3171.3835,3199.1589,10032282700.0
2018-02-22,3237.5691,3269.9155,3234.1152,3268.5588,13873044500.0
2018-02-23,3275.429,3294.1338,3258.4878,3289.0242,14579036800.0
2018-02-26,3307.2949,3335.9856,3281.615,3329.5737,18856860200.0
2018-02-27,3328.6719,3328.6719,3284.6294,3292.0679,17421936800.0
2018-02-28,3264.0586,3277.8325,3239.8438,3259.408,15104353600.0
2018-03-01,3235.0886,3280.1492,3228.5847,3273.7549,15909832000.0
2018-03-02,3248.4463,3269.9377,3242.2668,3254.5283,15086106300.0
2018-03-05,3255.8713,3269.3999,3236.7173,3256.9263,14483598800.0
2018-03-06,3266.4868,3290.2534,3243.6541,3289.6418,19535804600.0
2018-03-07,3288.8645,3308.4063,3264.7639,3271.6682,16866501900.0
2018-03-08,3268.3467,3289.4973,3261.5525,3288.4055,14982751900.0
2018-03-09,3291.4258,3309.7153,3283.5591,3307.1655,16842450900.0
2018-03-12,3319.209,3333.561,3313.5552,3326.6992,20653243600.0
2018-03-13,3324.1216,3333.8755,3307.3765,3310.239,17711435300.0
2018-03-14,3298.6655,3304.9788,3287.3557,3291.3818,15749108500.0
2018-03-15,3277.5144,3297.0981,3273.2007,3291.1121,14857360600.0
2018-03-16,3290.209,3300.5654,3269.2827,3269.8821,14120364700.0
2018-03-19,3264.928,3280.5674,3251.0471,3279.2517,13795498000.0
2018-03-20,3257.2188,3292.5742,3252.4333,3290.6399,13988108100.0
2018-03-21,3299.731,3314.209,3268.8779,3280.9521,16839827700.0
2018-03-22,3281.2649,3288.7966,3242.762,3263.4802,15043297700.0
2018-03-23,3172.772,3188.2351,3110.6638,3152.7607,27553201000.0
2018-03-26,3117.3191,3134.2759,3091.4575,3133.7217,18636635000.0
2018-03-27,3164.7976,3172.7776,3143.5696,3166.6487,18907338300.0
2018-03-28,3130.571,3165.2126,3117.5337,3122.2896,16350048800.0
2018-03-29,3127.2627,3174.5088,3098.2466,3160.5305,17031238400.0
2018-03-30,3161.7856,3177.7207,3152.8889,3168.8965,15464659600.0
2018-04-02,3169.7788,3192.3403,3159.9861,3163.179,17772777700.0
2018-04-03,3130.0129,3144.332,3119.1321,3136.6333,15221667400.0
2018-04-04,3147.0491,3163.3403,3128.8667,3131.1113,14697668200.0
2018-04-09,3125.4414,3146.0925,3110.3025,3138.2937,13960862100.0
2018-04-10,3144.2568,3190.6492,3139.0808,3190.3215,16820135900.0
2018-04-11,3197.3718,3220.8452,3191.5864,3208.0818,17586719700.0
2018-04-12,3203.2783,3205.2522,3177.0493,3180.1582,14823131300.0
2018-04-13,3192.0417,3197.896,3155.5059,3159.052,12755231000.0
2018-04-16,3152.8882,3153.1062,3096.1003,3110.6489,15441569500.0
2018-04-17,3112.9746,3118.7595,3064.0281,3066.7966,14722284600.0
2018-04-18,3091.9094,3096.8889,3041.625,3091.3987,15929050300.0
2018-04-19,3094.2737,3127.439,3090.2866,3117.376,16005680500.0
2018-04-20,3105.4617,3111.1707,3065.9214,3071.5425,15514709100.0
2018-04-23,3063.4426,3085.0574,3045.937,3068.012,13168634000.0
2018-04-24,3069.7456,3136.0396,3069.7456,3128.927,16227480600.0
2018-04-25,3112.3977,3122.9082,3107.0007,3117.9739,12731105300.0
2018-04-26,3119.4961,3121.9333,3067.9287,3075.03,13397273600.0
2018-04-27,3082.4148,3088.0347,3049.9138,3082.2317,13122564300.0
2018-05-02,3087.4087,3097.604,3064.7629,3081.1772,13418456600.0
2018-05-03,3074.5166,3105.6599,3056.1572,3100.8586,13998562000.0
2018-05-04,3093.1169,3104.0925,3086.7844,3091.0334,11871126500.0
2018-05-07,3094.8989,3136.8362,3091.658,3136.6448,13894818600.0
2018-05-08,3135.2957,3169.7014,3134.062,3161.4976,14692706100.0
2018-05-09,3160.1382,3165.3733,3145.6575,3159.1501,12263726800.0
2018-05-10,3169.0498,3176.1377,3155.5332,3174.4126,13300075600.0
2018-05-11,3179.7966,3180.7563,3162.2122,3163.2632,13065974900.0
2018-05-14,3167.0417,3183.8159,3163.4761,3174.032,12932735300.0
2018-05-15,3180.4246,3192.8069,3164.5181,3192.1184,12454905100.0
2018-05-16,3180.2258,3191.948,3166.8113,3169.5652,13052496800.0
2018-05-17,3170.0063,3172.7664,3148.6213,3154.2825,11399556700.0
2018-05-18,3151.0818,3193.4531,3144.7759,3193.3035,13651691800.0
2018-05-21,3206.1755,3219.7397,3203.3362,3213.8403,16445941300.0
2018-05-22,3211.2471,3214.5889,3192.2278,3214.3496,14429268400.0
2018-05-23,3205.437,3205.437,3168.9641,3168.9641,15780764800.0
2018-05-24,3167.9392,3173.531,3152.0691,3154.6506,12408580000.0
2018-05-25,3148.4099,3156.7261,3131.0674,3141.3032,12861084300.0
2018-05-28,3136.8091,3149.6646,3115.9585,3135.082,12875591800.0
2018-05-29,3129.6211,3143.2075,3112.1531,3120.4604,13571780000.0
2018-05-30,3081.1418,3085.397,3041.0002,3041.4434,15511512600.0
2018-05-31,3061.8291,3098.0764,3054.2686,3095.4736,14047553200.0
2018-06-01,3084.7537,3102.0879,3059.7856,3075.1372,12987219900.0
2018-06-04,3083.4265,3098.4021,3076.9937,3091.1909,11459390200.0
2018-06-05,3088.0076,3114.7688,3080.0457,3114.2056,11873559200.0
2018-06-06,3109.1746,3117.5251,3103.533,3115.1804,12019613500.0
2018-06-07,3121.1841,3128.7153,3105.5779,3109.4988,12778497000.0
2018-06-08,3100.6038,3100.6848,3053.2878,3067.1477,13468822000.0
2018-06-11,3057.3394,3063.6101,3037.9138,3052.7832,10856378600.0
2018-06-12,3053.0278,3081.4473,3034.1013,3079.8018,11327509600.0
2018-06-13,3071.4636,3071.4636,3044.1199,3049.7964,11960788600.0
2018-06-14,3038.0703,3066.0469,3032.4063,3044.1597,11546948700.0
2018-06-15,3037.4521,3048.7966,3008.7324,3021.9009,14453257100.0
2018-06-19,2982.6504,2984.9707,2871.3547,2907.822,23055006700.0
2018-06-20,2889.9839,2925.561,2872.1628,2915.7314,14430142000.0
2018-06-21,2912.0032,2940.5862,2872.6189,2875.8098,15437833200.0
2018-06-22,2855.585,2891.9685,2837.1443,2889.7603,12614312900.0
2018-06-25,2903.4495,2908.624,2857.8708,2859.3364,12191768700.0
2018-06-26,2829.9946,2850.24,2803.7852,2844.5081,12591846800.0
2018-06-27,2842.3958,2854.2578,2798.7998,2813.1775,12942083300.0
2018-06-28,2799.9038,2825.9873,2782.4463,2786.8965,11835790700.0
2018-06-29,2789.811,2848.3721,2782.3811,2847.4182,12567168500.0
2018-07-02,2841.5796,2845.6802,2756.8149,2775.5569,13703503400.0
2018-07-03,2774.5701,2786.8877,2722.4485,2786.8877,14249846600.0
2018-07-04,2776.6323,2793.179,2754.1553,2759.126,12326218100.0
2018-07-05,2755.3394,2777.5227,2727.9399,2733.8818,12922611200.0
2018-07-06,2731.3533,2768.8738,2691.0208,2747.2285,13629438000.0
2018-07-09,2752.4465,2815.79,2752.4465,2815.1096,12154930900.0
2018-07-10,2819.7122,2828.4927,2800.625,2827.6252,11706274800.0
2018-07-11,2780.7043,2794.3596,2752.4351,2777.771,12682114900.0
2018-07-12,2771.0408,2844.1931,2771.0408,2837.6587,14698020000.0
2018-07-13,2831.4285,2835.4626,2818.8484,2831.1836,11768934800.0
2018-07-16,2827.0823,2837.5093,2804.4929,2814.0417,10776715100.0
2018-07-17,2806.8853,2806.9194,2774.7625,2798.126,10540922000.0
2018-07-18,2801.7773,2818.3953,2786.0403,2787.2571,12096116500.0
2018-07-19,2791.0156,2805.0105,2764.4858,2772.5454,11448649300.0
2018-07-20,2769.7537,2837.8623,2753.8396,2829.2712,14590768800.0
2018-07-23,2815.2007,2863.571,2809.6162,2859.5425,17338279700.0
2018-07-24,2862.2671,2911.4646,2862.2671,2905.5618,22957830700.0
2018-07-25,2911.4529,2912.3135,2894.0391,2903.6467,16780020700.0
2018-07-26,2905.7942,2915.2974,2875.7007,2882.2253,16842820200.0
2018-07-27,2879.6902,2889.6936,2864.1099,2873.5938,14637161000.0
2018-07-30,2871.9397,2896.011,2850.2959,2869.0496,15165224900.0
2018-07-31,2866.8984,2884.6799,2854.3196,2876.4009,11893111700.0
2018-08-01,2882.5061,2897.3997,2823.9292,2824.5337,14951434800.0
2018-08-02,2815.3438,2815.3438,2726.4824,2768.0239,17417900300.0
2018-08-03,2763.3958,2777.6572,2740.4316,2740.4429,12700636300.0
2018-08-06,2736.5256,2760.4744,2692.3215,2705.1565,12975305800.0
2018-08-07,2711.7361,2779.374,2696.0391,2779.374,14957974300.0
2018-08-08,2771.1287,2779.9124,2741.0669,2744.0696,14768871500.0
2018-08-09,2729.5786,2801.6592,2726.2153,2794.3818,15166033300.0
2018-08-10,2791.4019,2806.115,2777.5061,2795.3098,12153223200.0
2018-08-13,2769.0166,2789.7983,2742.5598,2785.8721,12753224100.0
2018-08-14,2780.7356,2789.4436,2766.5693,2780.9646,10957107700.0
2018-08-15,2777.2493,2777.7031,2721.2405,2723.2576,11616178700.0
2018-08-16,2691.426,2732.949,2672.7407,2705.1917,12027787800.0
2018-08-17,2723.8872,2730.3325,2665.5918,2668.9661,11244529400.0
2018-08-20,2673.0662,2698.4658,2653.1118,2698.4658,11078416400.0
2018-08-21,2700.3416,2739.1731,2696.2922,2733.8264,11358683900.0
2018-08-22,2731.9575,2731.9575,2709.0615,2714.6082,9366464000.0
2018-08-23,2714.8669,2736.01,2700.8042,2724.6245,9844647000.0
2018-08-24,2717.0813,2748.8242,2705.3237,2729.4309,10051626900.0
2018-08-27,2736.3186,2780.8989,2736.3186,2780.8989,13276257800.0
2018-08-28,2782.2927,2791.3899,2769.4014,2777.9807,11874936700.0
2018-08-29,2774.8645,2778.5393,2762.3501,2769.2947,10015692900.0
2018-08-30,2769.3323,2780.5271,2736.3459,2737.7368,10606094300.0
2018-08-31,2730.1133,2744.6311,2710.5369,2725.25,10975874200.0
2018-09-03,2716.4038,2722.8523,2692.3645,2720.7344,10221301100.0
2018-09-04,2720.6477,2756.6072,2712.376,2750.5803,10901030700.0
2018-09-05,2741.3801,2745.4673,2704.3369,2704.3369,10500226900.0
2018-09-06,2697.5776,2719.4055,2683.7444,2691.593,9901783300.0
2018-09-07,2696.6775,2728.5464,2683.7192,2702.3008,10752329300.0
2018-09-10,2698.0107,2703.4285,2667.3169,2669.4846,10355917000.0
2018-09-11,2668.4873,2680.5728,2652.7043,2664.7998,9986594600.0
2018-09-12,2659.7439,2672.0735,2647.1702,2656.1101,9002675800.0
2018-09-13,2679.2078,2689.0625,2653.1895,2686.5784,10733501400.0
2018-09-14,2688.7788,2694.9202,2675.2896,2681.6431,10000500800.0
2018-09-17,2671.2908,2671.2908,2647.9153,2651.7886,8823888800.0
2018-09-18,2644.2961,2700.1934,2644.2961,2699.9502,11576799300.0
2018-09-19,2694.7993,2746.0796,2690.9941,2730.8503,14155031800.0
2018-09-20,2732.1697,2743.9646,2724.0835,2729.2439,11138746300.0
2018-09-21,2733.8743,2797.4851,2722.032,2797.4849,15801664200.0
2018-09-25,2775.0664,2790.032,2771.1594,2781.1384,11198317900.0
2018-09-26,2785.3164,2827.3413,2783.3418,2806.8132,13956770600.0
2018-09-27,2805.793,2810.5061,2786.3218,2791.7749,12399769600.0
2018-09-28,2794.2644,2821.7554,2791.8362,2821.3501,13429045600.0
2018-10-08,2768.2075,2771.9385,2710.178,2716.5105,14950138800.0
2018-10-09,2713.7319,2734.3142,2711.197,2721.0129,11677189900.0
2018-10-10,2723.7241,2743.5481,2703.0625,2725.8367,11348573600.0
2018-10-11,2643.074,2661.2859,2560.3164,2583.4575,19715070200.0
2018-10-12,2574.0415,2615.917,2536.6653,2606.9126,17008163500.0
2018-10-15,2605.9124,2611.9685,2564.7375,2568.0984,11857619700.0
2018-10-16,2567.7644,2597.7151,2536.4409,2546.3296,11941914400.0
2018-10-17,2574.3127,2582.5486,2517.5728,2561.614,12995399700.0
2018-10-18,2544.9109,2544.9109,2485.6191,2486.4187,12542851300.0
2018-10-19,2460.0808,2553.3867,2449.197,2550.4651,14732355800.0
2018-10-22,2565.6443,2675.4063,2565.6443,2654.8762,21188844900.0
2018-10-23,2652.6477,2659.8123,2583.2605,2594.8254,17834354300.0
2018-10-24,2579.9714,2640.4016,2577.7725,2603.2952,16006040700.0
2018-10-25,2540.9348,2606.1006,2531.5349,2603.7996,16203297900.0
2018-10-26,2610.8982,2626.116,2580.8452,2598.8467,15893611900.0
2018-10-29,2593.5908,2595.5366,2529.1882,2542.1033,13424192300.0
2018-10-30,2538.5737,2586.9187,2521.7837,2568.0481,16668230900.0
2018-10-31,2573.0146,2612.9221,2567.0273,2602.7832,18055034800.0
2018-11-01,2617.0325,2636.7993,2603.6514,2606.2373,20090393200.0
2018-11-02,2649.2512,2676.4763,2628.8696,2676.4763,22502692100.0
2018-11-05,2665.427,2673.188,2639.2708,2665.4307,19376010000.0
2018-11-06,2660.7192,2660.8628,2635.3208,2659.3564,16366947900.0
2018-11-07,2659.8445,2675.6772,2639.2463,2641.342,17320198600.0
2018-11-08,2660.0874,2662.3689,2632.3013,2635.6321,15963548700.0
2018-11-09,2621.238,2621.238,2598.1609,2598.8716,15244630700.0
2018-11-12,2593.2004,2631.1697,2590.2107,2630.5195,17503130800.0
2018-11-13,2600.5005,2666.4854,2597.3477,2654.8794,24928244700.0
2018-11-14,2648.3091,2658.3071,2627.9565,2632.2424,23844935100.0
2018-11-15,2632.1379,2668.1704,2631.8875,2668.1704,20784872100.0
2018-11-16,2669.7798,2695.5688,2657.0342,2679.1096,24219884900.0
2018-11-19,2681.8987,2703.5117,2674.178,2703.5117,23166282700.0
2018-11-20,2684.2874,2690.8298,2643.3589,2645.8545,21589130900.0
2018-11-21,2619.821,2653.7959,2617.7759,2651.5054,18259644700.0
2018-11-22,2655.8965,2658.0012,2634.4827,2645.4338,14930906300.0
2018-11-23,2640.6675,2642.0356,2577.3511,2579.4832,19147454900.0
2018-11-26,2580.8423,2594.9966,2568.0352,2575.8101,13431454000.0
2018-11-27,2585.8262,2592.5354,2566.1663,2574.6792,12365843600.0
2018-11-28,2575.4541,2601.9626,2561.5618,2601.7366,14596347300.0
2018-11-29,2613.7805,2617.5479,2567.4434,2567.4434,15716873800.0
2018-11-30,2564.5645,2590.2102,2555.3223,2588.1875,13932902100.0
2018-12-03,2647.1318,2665.2981,2629.1843,2654.7981,20747895500.0
2018-12-04,2651.5613,2666.0784,2644.8965,2665.9578,16794055800.0
2018-12-05,2629.8328,2660.3889,2625.9131,2649.8052,15450205600.0
2018-12-06,2629.8196,2633.6777,2603.1323,2605.1814,14166165000.0
2018-12-07,2609.3408,2614.5818,2599.2776,2605.8877,10907499300.0
2018-12-10,2589.1941,2599.7615,2576.2424,2584.5823,11319966900.0
2018-12-11,2587.0149,2596.1465,2583.1958,2594.0881,10130436400.0
2018-12-12,2608.114,2610.0085,2595.075,2602.1526,10351830100.0
2018-12-13,2607.144,2645.8367,2599.4585,2634.0491,15073811500.0
2018-12-14,2627.2832,2629.1641,2593.7407,2593.7407,14594248800.0
2018-12-17,2587.2632,2598.967,2573.8674,2597.9736,11736325000.0
2018-12-18,2583.6343,2599.1479,2563.573,2576.6494,11703337000.0
2018-12-19,2578.675,2579.8743,2547.0784,2549.5635,10766179700.0
2018-12-20,2544.5054,2554.8586,2516.0193,2536.2676,12056649600.0
2018-12-21,2526.5535,2527.4214,2498.6936,2516.2505,11567120000.0
2018-12-24,2506.7373,2529.4395,2500.4431,2527.0071,9733985200.0
2018-12-25,2503.9497,2513.9641,2462.8447,2504.8191,14067056000.0
2018-12-26,2501.1199,2513.8264,2492.0757,2498.2939,10879962900.0
2018-12-27,2527.7168,2532.0022,2483.0864,2483.0864,13540684300.0
2018-12-28,2483.6172,2505.1138,2478.325,2493.8962,11924525000.0
2019-01-02,2497.8806,2500.2783,2456.4233,2465.291,10993201300.0
2019-01-03,2461.783,2488.479,2455.9255,2464.3628,12439749700.0
2019-01-04,2446.0193,2515.3159,2440.9065,2514.8682,16887766700.0
2019-01-07,2528.6987,2536.9775,2515.5083,2533.0886,17730501000.0
2019-01-08,2530.3,2531.345,2520.1648,2526.4622,15809918100.0
2019-01-09,2536.4172,2574.408,2536.157,2544.345,19188793000.0
2019-01-10,2543.8535,2551.8257,2531.6638,2535.0984,15987432600.0
2019-01-11,2539.5486,2554.7869,2533.3586,2553.8313,14944410000.0
2019-01-14,2553.3284,2556.2939,2533.01,2535.7654,14482546400.0
2019-01-15,2537.3696,2571.5017,2532.4333,2570.345,16026553000.0
2019-01-16,2569.0696,2574.2361,2563.0061,2570.4221,14930153900.0
2019-01-17,2573.5754,2582.5559,2557.7114,2559.637,16246813400.0
2019-01-18,2567.7385,2598.8835,2565.9043,2596.0056,19076723700.0
2019-01-21,2599.0576,2618.98,2599.0576,2610.5095,16342511500.0
2019-01-22,2609.6421,2609.6421,2573.0618,2579.7041,15253777300.0
2019-01-23,2575.2583,2589.5127,2572.4055,2581.0042,13142679800.0
2019-01-24,2584.6482,2597.2893,2569.7004,2591.6936,15404204600.0
2019-01-25,2596.2617,2617.0022,2595.6294,2601.7234,15939402600.0
2019-01-28,2615.7119,2630.3184,2591.1001,2596.9768,14698176500.0
2019-01-29,2592.355,2601.7358,2559.9819,2594.2537,15558111200.0
2019-01-30,2584.7458,2598.8149,2575.4092,2575.5757,12050257100.0
2019-01-31,2581.3315,2606.6284,2571.5789,2584.5725,15430386900.0
2019-02-01,2597.7776,2618.4766,2590.5542,2618.2324,13198685000.0
2019-02-11,2613.1743,2654.0964,2613.1743,2653.896,15489885800.0
2019-02-12,2654.0349,2674.4778,2648.8296,2671.8938,18410117900.0
2019-02-13,2674.5198,2727.075,2666.522,2721.0684,24379401000.0
2019-02-14,2715.5359,2729.4551,2707.4866,2719.7,19703734900.0
2019-02-15,2712.7861,2715.6321,2679.7849,2682.385,19600426500.0
2019-02-18,2699.8171,2754.3567,2699.8171,2754.3567,26043600700.0
2019-02-19,2759.4961,2780.7837,2737.5864,2755.646,28804627000.0
2019-02-20,2761.0588,2767.4109,2739.9783,2761.219,24597252700.0
2019-02-21,2759.9382,2794.0132,2744.9763,2751.8013,29864997000.0
2019-02-22,2749.4614,2804.2263,2736.3325,2804.2263,30148141000.0
2019-02-25,2838.3896,2961.7952,2838.3896,2961.2834,52865859000.0
2019-02-26,2969.0977,2995.6763,2938.6228,2941.5164,56555797000.0
2019-02-27,2939.9287,2997.4883,2924.6433,2953.8242,47497645000.0
2019-02-28,2950.0547,2965.3037,2930.1951,2940.9539,35020660000.0
2019-03-01,2954.4021,2994.0049,2930.8345,2994.0049,34578620000.0
2019-03-04,3015.9426,3090.7959,3006.9417,3027.5754,52564944000.0
2019-03-05,3019.8796,3054.9617,3009.4475,3054.2466,42414253000.0
2019-03-06,3060.4326,3103.8252,3050.1113,3102.0991,55500637000.0
2019-03-07,3103.6677,3129.9395,3074.9785,3106.418,58381707000.0
2019-03-08,3038.3362,3075.0461,2969.5815,2969.8613,57785547000.0
2019-03-11,2969.0801,3028.2544,2963.5835,3026.9924,42621303000.0
2019-03-12,3049.0845,3093.3914,3029.8999,3060.3074,51117316000.0
2019-03-13,3062.3267,3065.2883,3013.9319,3026.9514,45321463000.0
2019-03-14,3013.5969,3041.1558,2968.8237,2990.6851,37314180000.0
2019-03-15,3000.8789,3048.1211,2999.4316,3021.7512,34120614000.0
2019-03-18,3027.8013,3096.4175,3009.5071,3096.4175,39779718000.0
2019-03-19,3099.8972,3113.4326,3076.3628,3090.9751,35090886000.0
2019-03-20,3084.1704,3102.5203,3053.4519,3090.6404,35855751000.0
2019-03-21,3094.1248,3125.0193,3086.8501,3101.4551,41425118000.0
2019-03-22,3100.7263,3107.2754,3064.884,3104.1487,36484835000.0
2019-03-25,3058.8015,3086.9961,3041.9504,3043.0313,38027876000.0
2019-03-26,3057.5591,3062.6897,2988.4905,2997.0955,35349802000.0
2019-03-27,3012.2573,3022.7622,2987.7717,3022.7195,29139036000.0
2019-03-28,3009.7988,3025.7788,2991.7788,2994.9434,28810643000.0
2019-03-29,3000.6782,3093.033,2999.9866,3090.7581,37508299000.0
2019-04-01,3111.6619,3176.6221,3111.6619,3170.3611,46612469000.0
2019-04-02,3183.2737,3193.2717,3164.9065,3176.8228,44706898000.0
2019-04-03,3159.1467,3219.2563,3152.3318,3216.2952,43054864000.0
2019-04-04,3233.6887,3254.1401,3216.8545,3246.5713,46911767000.0
2019-04-08,3271.2722,3288.4531,3210.5151,3244.8103,50451840000.0
2019-04-09,3240.3938,3251.6458,3215.7048,3239.6638,36417000000.0
2019-04-10,3224.6455,3264.7778,3204.8784,3241.9299,38013441000.0
2019-04-11,3241.5474,3254.126,3185.5459,3189.9619,35303188000.0
2019-04-12,3184.8596,3199.2781,3168.042,3188.6255,28978900000.0
2019-04-15,3233.4583,3253.9763,3177.2698,3177.7866,34880979000.0
2019-04-16,3164.397,3253.5979,3153.2063,3253.5979,35791875000.0
2019-04-17,3250.1519,3275.3335,3239.8047,3263.1179,35754180000.0
2019-04-18,3261.0742,3271.3877,3241.8257,3250.2012,32553994000.0
2019-04-19,3250.1453,3274.3347,3226.8125,3270.7974,31519800000.0
2019-04-22,3278.4905,3279.4895,3206.8779,3215.0425,35321739000.0
2019-04-23,3211.8718,3231.5815,3186.7568,3198.5938,32836121000.0
2019-04-24,3203.5588,3210.6509,3156.6069,3201.6138,27487216000.0
2019-04-25,3190.5852,3193.7495,3123.0259,3123.8262,32587913000.0
2019-04-26,3108.1636,3129.2134,3085.8049,3086.3989,28087385000.0
2019-04-29,3090.6331,3107.7605,3050.0261,3062.4985,29211489000.0
2019-04-30,3052.6223,3088.4075,3052.6223,3078.3389,22230251700.0
2019-05-06,2984.7273,2986.5398,2876.4688,2906.4641,32697227000.0
2019-05-07,2914.2915,2937.2832,2889.0732,2926.3909,25328176900.0
2019-05-08,2873.1433,2929.4307,2866.7041,2893.7566,23153051900.0
2019-05-09,2871.1968,2888.8596,2845.0374,2850.9536,20004113300.0
2019-05-10,2878.2344,2941.4539,2838.3848,2939.2107,28230681000.0
2019-05-13,2905.0669,2921.4104,2892.1746,2903.7131,21202988200.0
2019-05-14,2872.8335,2909.2041,2872.8335,2883.6106,20834535300.0
2019-05-15,2902.6423,2945.3945,2902.6423,2938.678,23051970100.0
2019-05-16,2933.4954,2956.1709,2929.0645,2955.7109,24838570100.0
2019-05-17,2955.7668,2956.7832,2873.7998,2882.2961,26630164300.0
2019-05-20,2874.801,2882.6294,2838.4529,2870.6045,20947244200.0
2019-05-21,2867.7065,2919.2373,2862.4951,2905.9688,21138702200.0
2019-05-22,2905.5242,2912.3953,2879.6438,2891.7046,20002690500.0
2019-05-23,2880.8425,2885.1389,2846.9561,2852.5154,19734030900.0
2019-05-24,2847.8357,2871.8555,2846.0215,2852.9949,16720549000.0
2019-05-27,2851.281,2898.1289,2833.0364,2892.3782,19672090200.0
2019-05-28,2890.2659,2924.0396,2887.0835,2909.9106,22331055700.0
2019-05-29,2894.8296,2934.9768,2890.6646,2914.6963,19895882100.0
2019-05-30,2903.4246,2907.8462,2881.3801,2905.8054,20575878900.0
2019-05-31,2904.4976,2922.9075,2895.5779,2898.696,19523058000.0
2019-06-03,2901.7424,2920.8291,2875.9019,2890.0808,21594355400.0
2019-06-04,2887.6404,2888.386,2851.9729,2862.2803,18846354100.0
2019-06-05,2882.937,2888.7676,2858.572,2861.4182,18156104700.0
2019-06-06,2862.3328,2862.3328,2822.1853,2827.7979,17706441100.0
2019-06-10,2833.0144,2861.1311,2824.3555,2852.1301,16658591800.0
2019-06-11,2854.0703,2927.4304,2854.0703,2925.7163,26052579600.0
2019-06-12,2917.2239,2924.7019,2903.8833,2909.3796,24025577500.0
2019-06-13,2905.2876,2918.4226,2885.9231,2910.7405,21295779100.0
2019-06-14,2912.9988,2924.3196,2879.6572,2881.9744,21543579600.0
2019-06-17,2880.4226,2902.4807,2877.394,2887.6221,15396496000.0
2019-06-18,2891.0918,2898.3303,2874.313,2890.158,14770532000.0
2019-06-19,2944.1155,2953.3354,2916.2148,2917.803,23075697300.0
2019-06-20,2917.3311,2997.3889,2915.0896,2987.1187,29101154000.0
2019-06-21,2990.3687,3010.3491,2989.2454,3001.9802,28697384000.0
2019-06-24,3004.2891,3012.8259,2994.4219,3008.1479,21049389400.0
2019-06-25,3004.9094,3004.9094,2948.9907,2982.0737,24369924400.0
2019-06-26,2964.6152,2986.9138,2958.4631,2976.2837,17444953300.0
2019-06-27,2982.6125,3011.5381,2981.0449,2996.7925,19539704900.0
2019-06-28,2992.2427,2992.2427,2961.2224,2978.8784,18143152300.0
2019-07-01,3024.6238,3045.3669,3014.687,3044.9028,25084043300.0
2019-07-02,3042.5801,3048.4839,3033.781,3043.9429,21452062400.0
2019-07-03,3031.832,3031.832,3006.3247,3015.2632,21229617300.0
2019-07-04,3015.6785,3024.5022,2991.908,3005.2488,19441513300.0
2019-07-05,3004.7383,3014.8474,2990.9248,3011.0588,15675542900.0
2019-07-08,2997.8066,2997.8066,2918.7158,2933.3633,21154126800.0
2019-07-09,2928.8188,2937.7622,2912.8064,2928.2295,14511060400.0
2019-07-10,2935.1855,2936.752,2908.1621,2915.3022,13548353800.0
2019-07-11,2928.0554,2945.8022,2907.8853,2917.761,14369252200.0
2019-07-12,2915.3401,2938.531,2905.8091,2930.5461,13779475900.0
2019-07-15,2921.5459,2955.0002,2886.6992,2942.1853,16764339700.0
2019-07-16,2938.6411,2944.821,2931.2925,2937.6167,13181175100.0
2019-07-17,2933.0227,2942.0669,2924.4595,2931.6926,14963161600.0
2019-07-18,2921.7388,2921.7388,2901.1765,2901.1765,14988882800.0
2019-07-19,2909.6794,2939.5974,2909.6794,2924.2007,14946955300.0
2019-07-22,2925.7881,2927.1602,2879.6899,2886.9741,18067496000.0
2019-07-23,2886.9043,2901.3591,2883.0457,2899.9446,12931050800.0
2019-07-24,2907.9275,2936.4521,2907.7866,2923.2776,15524576200.0
2019-07-25,2923.1887,2937.3601,2916.1499,2937.3601,14568438500.0
2019-07-26,2928.0613,2948.3262,2924.4514,2944.541,13934338800.0
2019-07-29,2943.918,2948.4666,2932.9773,2941.0071,12799184600.0
2019-07-30,2946.2566,2965.6321,2946.2566,2952.3384,14831646200.0
2019-07-31,2944.3977,2944.3977,2926.4854,2932.5059,14105234800.0
2019-08-01,2920.8506,2927.342,2901.7502,2908.7661,14238981300.0
2019-08-02,2861.3323,2872.4729,2851.4402,2867.8376,18488844300.0
2019-08-05,2854.5779,2863.6892,2821.4956,2821.4956,16741942300.0
2019-08-06,2776.989,2787.4185,2733.9243,2777.5559,23112372700.0
2019-08-07,2789.0188,2792.6934,2768.6794,2768.6794,15771675200.0
2019-08-08,2784.1836,2799.6858,2782.2446,2794.5522,14953956400.0
2019-08-09,2805.5857,2808.3289,2770.4778,2774.7532,14824029300.0
2019-08-12,2781.9817,2814.9944,2776.6196,2814.9944,13156343300.0
2019-08-13,2798.0513,2802.0415,2790.6079,2797.2595,13091650500.0
2019-08-14,2824.4863,2829.8906,2807.719,2808.9146,14401464100.0
2019-08-15,2762.3391,2815.8965,2756.834,2815.7976,15277215200.0
2019-08-16,2817.5708,2840.3164,2811.8015,2823.8237,14858234400.0
2019-08-19,2835.5181,2883.0959,2829.8542,2883.0959,21454666800.0
2019-08-20,2879.0815,2892.0796,2874.9988,2880.0012,18967720600.0
2019-08-21,2875.4707,2885.5862,2872.5574,2880.3308,15901966500.0
2019-08-22,2887.6648,2888.4968,2867.5522,2883.4358,14920621500.0
2019-08-23,2885.1509,2902.4563,2878.7444,2897.4253,15915682600.0
2019-08-26,2851.0159,2870.4939,2849.238,2863.5674,16989536300.0
2019-08-27,2879.5154,2919.6443,2879.406,2902.1931,20814179400.0
2019-08-28,2901.6267,2905.4353,2887.0115,2893.7563,18309790300.0
2019-08-29,2895.999,2898.6045,2878.5879,2890.9192,17861308200.0
2019-08-30,2907.3826,2914.5767,2874.1028,2886.2366,19395995100.0
2019-09-02,2886.9419,2928.4792,2883.6824,2924.1062,20278680700.0
2019-09-03,2925.9421,2930.1538,2915.1975,2930.1538,18900121600.0
2019-09-04,2927.7471,2957.4116,2925.8826,2957.4116,22549590700.0
2019-09-05,2972.6619,3015.8442,2972.6619,2985.8647,30543871000.0
2019-09-06,2996.6216,2999.9434,2981.5984,2999.6013,21682603500.0
2019-09-09,3023.7781,3026.2397,3005.6948,3024.7388,24337775200.0
2019-09-10,3027.4104,3027.4104,3005.3826,3021.2024,24001294700.0
2019-09-11,3029.9333,3030.5569,3004.2151,3008.8118,22983736200.0
2019-09-12,3016.6267,3033.4729,3005.1948,3031.2351,19696870100.0
2019-09-16,3041.9221,3042.9285,3020.0496,3030.7544,22187895900.0
2019-09-17,3023.7109,3023.7109,2970.5703,2978.1179,22333806100.0
2019-09-18,2984.0837,2996.4021,2982.4004,2985.6587,16804669900.0
2019-09-19,2992.9221,2999.2788,2975.3977,2999.2788,16269061500.0
2019-09-20,3004.8142,3011.3401,2996.1929,3006.4468,18214530200.0
2019-09-23,2998.3994,2998.3994,2960.8269,2977.0767,16813945000.0
2019-09-24,2979.4751,3002.8967,2973.76,2985.3406,16390276100.0
2019-09-25,2977.6675,2977.6675,2955.4326,2955.4326,16854313500.0
2019-09-26,2964.4775,2970.0354,2928.2588,2929.0874,18893254100.0
2019-09-27,2929.4861,2939.0789,2920.9299,2932.167,13290577700.0
2019-09-30,2927.9165,2936.4819,2905.1892,2905.1892,11664681100.0
2019-10-08,2905.7559,2933.0164,2905.7559,2913.5703,12553581200.0
2019-10-09,2902.0752,2924.8567,2891.5393,2924.8567,13042414400.0
2019-10-10,2923.7068,2949.2405,2918.2285,2947.7107,13423975200.0
2019-10-11,2954.8188,2980.7876,2943.0137,2973.6558,16120374600.0
2019-10-14,2993.9617,3026.3833,2989.8125,3007.8833,20861480200.0
2019-10-15,3005.6646,3005.6646,2986.3032,2991.0459,15537690400.0
2019-10-16,2992.6104,3010.4241,2975.9233,2978.7124,14988549600.0
2019-10-17,2979.9929,2986.719,2969.5681,2977.3342,12252761400.0
2019-10-18,2982.3418,2987.2036,2933.2424,2938.1414,14999067800.0
2019-10-21,2933.897,2940.3247,2917.6885,2939.6179,13247510700.0
2019-10-22,2945.6001,2954.6416,2934.3872,2954.3799,11748204800.0
2019-10-23,2952.9692,2957.2996,2934.6274,2941.6189,12381288100.0
2019-10-24,2944.0066,2953.0442,2927.0613,2940.9214,12654029000.0
2019-10-25,2940.4741,2958.241,2920.5195,2954.9326,13686070600.0
2019-10-28,2958.686,2980.1279,2956.9607,2980.0498,17373148100.0
2019-10-29,2979.0366,2979.0366,2954.176,2954.176,16611005800.0
2019-10-30,2949.4631,2953.2986,2934.8279,2939.3208,15879811000.0
2019-10-31,2944.8428,2946.7522,2923.5166,2929.0562,16157148300.0
2019-11-01,2924.3401,2959.833,2917.1455,2958.1992,15990737300.0
2019-11-04,2964.5759,2983.0581,2964.5759,2975.4919,16724836400.0
2019-11-05,2977.7048,3008.3145,2968.0325,2991.5623,17989159300.0
2019-11-06,2992.0398,2995.563,2969.7241,2978.5955,16526354700.0
2019-11-07,2978.1531,2988.9551,2969.1201,2978.7144,13695267800.0
2019-11-08,2993.9773,2998.7595,2962.8447,2964.1848,14974210700.0
2019-11-11,2949.9619,2949.9619,2906.769,2909.9746,15791610500.0
2019-11-12,2912.9956,2918.303,2891.5105,2914.8232,12972915400.0
2019-11-13,2913.0198,2913.8611,2893.9712,2905.241,12976584100.0
2019-11-14,2907.7358,2917.374,2899.6187,2909.8696,12914544800.0
2019-11-15,2911.3501,2917.8293,2891.2043,2891.343,13551946300.0
2019-11-18,2889.5496,2911.3784,2884.0884,2909.2002,12443317700.0
2019-11-19,2904.2783,2933.9907,2902.855,2933.9907,13541760400.0
2019-11-20,2928.1067,2930.4929,2907.4229,2911.0535,13735753000.0
2019-11-21,2902.553,2910.3608,2891.5315,2903.6379,12345860700.0
2019-11-22,2906.2434,2925.0178,2873.99,2885.2883,15862336500.0
2019-11-25,2885.6133,2906.6091,2880.6543,2906.1687,17858742900.0
2019-11-26,2912.521,2915.041,2897.9275,2907.0603,17000466300.0
2019-11-27,2905.396,2914.4866,2893.4175,2903.1946,13386220500.0
2019-11-28,2902.3645,2909.8398,2883.4338,2889.6934,11952246800.0
2019-11-29,2885.9744,2892.3882,2858.5808,2871.9812,12261296800.0
2019-12-02,2874.4485,2888.8896,2870.2424,2875.8071,12875580600.0
2019-12-03,2869.8821,2884.856,2857.3203,2884.6987,12377874200.0
2019-12-04,2876.908,2882.498,2869.4219,2878.1157,12554365300.0
2019-12-05,2886.5164,2902.002,2885.0798,2899.4685,14316309600.0
2019-12-06,2902.2781,2912.0137,2894.7512,2912.0137,13412887800.0
2019-12-09,2914.4575,2919.5889,2905.2502,2914.4775,16079652700.0
2019-12-10,2908.9438,2919.2012,2902.7896,2917.3157,17012399800.0
2019-12-11,2922.6021,2928.2563,2915.0007,2924.4172,16554108700.0
2019-12-12,2926.3416,2926.3416,2913.4756,2915.6982,15176080400.0
2019-12-13,2937.7764,2969.981,2935.8491,2967.6765,21197858500.0
2019-12-16,2970.9695,2984.6414,2958.7063,2984.3926,21186211900.0
2019-12-17,2985.262,3039.3833,2982.4956,3022.4219,29303225000.0
2019-12-18,3021.4658,3033.2336,3011.7207,3017.0444,24408969100.0
2019-12-19,3017.1531,3021.4175,3007.9919,3017.0659,20862426400.0
2019-12-20,3019.6394,3027.4834,3002.26,3004.9375,21507575500.0
2019-12-23,2999.0356,3009.3379,2960.4351,2962.7512,20571661700.0
2019-12-24,2965.8257,2983.8193,2960.6838,2982.6807,16303025000.0
2019-12-25,2980.4275,2988.2925,2970.6572,2981.8806,17565402800.0
2019-12-26,2981.2485,3007.3545,2980.3965,3007.3545,18244042600.0
2019-12-27,3006.8518,3036.1128,3003.6309,3005.0354,24710277900.0
2019-12-30,2998.1689,3041.397,2983.3435,3040.0239,24806653000.0
2019-12-31,3036.3857,3051.677,3030.5122,3050.124,21742902200.0
2020-01-02,3066.3357,3098.1001,3066.3357,3085.1975,29247021000.0
2020-01-03,3089.022,3093.8191,3074.5178,3083.7859,26149666700.0
2020-01-06,3070.9087,3107.2031,3065.3088,3083.4082,31257584000.0
2020-01-07,3085.4883,3105.4507,3084.3291,3104.8015,27658311000.0
2020-01-08,3094.239,3094.239,3059.1313,3066.8926,29787255000.0
2020-01-09,3082.6399,3097.3291,3080.1313,3094.8818,24343564900.0
2020-01-10,3102.2937,3105.2249,3081.396,3092.2908,21044246200.0
2020-01-13,3091.4929,3115.5696,3075.3838,3115.5696,21062100400.0
2020-01-14,3120.667,3127.1692,3105.605,3106.8203,22997376900.0
2020-01-15,3103.1748,3107.9426,3082.0425,3090.0378,20231302300.0
2020-01-16,3095.7341,3096.3716,3070.884,3074.0813,20337547500.0
2020-01-17,3081.4641,3091.9517,3067.2524,3075.4956,19030429900.0
2020-01-20,3082.1133,3096.3105,3070.48,3095.7874,21049334100.0
2020-01-21,3085.7896,3085.7896,3051.23,3052.1418,23483073900.0
2020-01-22,3038.4868,3069.2527,3006.2676,3060.7544,22385286500.0
2020-01-23,3037.9524,3045.0405,2955.3459,2976.5281,27276323000.0
2020-02-03,2716.6978,2766.5774,2716.6978,2746.6057,21591210300.0
2020-02-04,2685.2693,2786.1643,2685.2693,2783.2876,36404620000.0
2020-02-05,2792.3713,2842.7427,2778.864,2818.0879,30976182000.0
2020-02-06,2826.885,2876.5879,2807.6089,2866.5098,31639214000.0
2020-02-07,2858.9324,2875.9636,2838.7703,2875.9636,30947964000.0
2020-02-10,2860.499,2891.8479,2851.0503,2890.4878,29492978000.0
2020-02-11,2894.5415,2913.8159,2882.2429,2901.6743,26916834000.0
2020-02-12,2895.5562,2926.8992,2892.4241,2926.8992,24873342900.0
2020-02-13,2927.1443,2935.406,2901.2424,2906.0735,27480484000.0
2020-02-14,2899.866,2926.9426,2899.574,2917.0078,25065062700.0
2020-02-17,2924.9912,2983.6372,2924.9912,2983.6223,31319801000.0
2020-02-18,2981.4097,2990.6003,2960.7751,2984.9717,31166591000.0
2020-02-19,2979.5222,2998.2717,2971.822,2975.4019,31514115000.0
2020-02-20,2981.8801,3031.3706,2968.4451,3030.1543,34573288000.0
2020-02-21,3022.2456,3058.8979,3020.1411,3039.6692,36455728000.0
2020-02-24,3027.8926,3042.1821,3007.3557,3031.2334,37043004000.0
2020-02-25,2982.0696,3016.9458,2943.7168,3013.05,44162276000.0
2020-02-26,2978.4194,3028.7788,2974.9424,2987.9287,46904955000.0
2020-02-27,2992.4919,3009.4575,2980.4773,2991.3289,35052366000.0
2020-02-28,2924.6406,2948.1262,2878.5442,2880.3037,40121691000.0
2020-03-02,2899.3101,2982.5068,2899.3101,2970.9312,36733337000.0
2020-03-03,3006.8889,3026.842,2976.623,2992.8967,41010805000.0
2020-03-04,2981.8059,3012.0034,2974.3584,3011.6658,35333828000.0
2020-03-05,3036.1545,3074.2571,3022.9263,3071.677,44542581000.0
2020-03-06,3039.9395,3052.4438,3029.4631,3034.5112,36206153000.0
2020-03-09,2987.1804,2989.2051,2940.7139,2943.2908,41456074000.0
2020-03-10,2918.9348,3000.2964,2904.7988,2996.7617,39329665000.0
2020-03-11,3001.7617,3010.0286,2968.5173,2968.5173,35247097000.0
2020-03-12,2936.0164,2944.4651,2906.2837,2923.4856,30777846000.0
2020-03-13,2804.2322,2910.8811,2799.9841,2887.4265,36645044000.0
2020-03-16,2897.3008,2898.0349,2784.6616,2789.2537,35187867000.0
2020-03-17,2796.2839,2826.9067,2715.2212,2779.6406,30614968000.0
2020-03-18,2792.322,2815.8738,2728.7563,2728.7563,29115985000.0
2020-03-19,2719.4063,2736.8201,2646.8047,2702.1296,30230275000.0
2020-03-20,2727.0186,2751.8965,2702.4934,2745.6182,25201950700.0
2020-03-23,2677.5911,2703.3296,2656.5007,2660.1675,24982025000.0
2020-03-24,2703.0193,2723.4065,2667.1333,2722.438,25702193000.0
2020-03-25,2775.3032,2788.6355,2757.8015,2781.5913,27314447000.0
2020-03-26,2761.896,2788.5039,2753.4282,2764.9109,23408402200.0
2020-03-27,2792.9844,2805.5479,2771.7563,2772.2034,24076406600.0
2020-03-30,2739.719,2759.0989,2723.0542,2747.2139,23970660400.0
2020-03-31,2767.3071,2771.1682,2743.1155,2750.2961,21859867400.0
2020-04-01,2743.541,2773.364,2731.0793,2734.5215,21725342700.0
2020-04-02,2720.2285,2780.6379,2719.9043,2780.6379,21786460000.0
2020-04-03,2773.5764,2780.5869,2754.073,2763.9873,20083740400.0
2020-04-07,2806.9675,2823.2766,2801.8386,2820.7634,27019819000.0
2020-04-08,2805.9165,2823.2139,2800.2964,2815.3687,24351530500.0
2020-04-09,2825.8394,2832.395,2820.4326,2825.9036,23818484300.0
2020-04-10,2827.1873,2833.0149,2789.9756,2796.6311,23345476800.0
2020-04-13,2784.5979,2792.8906,2774.0808,2783.0476,17712455400.0
2020-04-14,2794.801,2827.2981,2789.428,2827.283,20269656900.0
2020-04-15,2826.6619,2829.7502,2808.7039,2811.1741,20562114600.0
2020-04-16,2798.4294,2823.3381,2796.8389,2819.9351,20300377300.0
2020-04-17,2835.5581,2854.96,2830.0217,2838.4944,24573675000.0
2020-04-20,2840.4084,2852.99,2833.2615,2852.5527,21184707800.0
2020-04-21,2842.2373,2842.2373,2808.0215,2827.0132,23323587000.0
2020-04-22,2814.0662,2843.9805,2808.4819,2843.9805,21732000000.0
2020-04-23,2850.5105,2853.6357,2835.896,2838.4995,24877903700.0
2020-04-24,2834.9387,2834.9387,2802.4988,2808.5293,23518507600.0
2020-04-27,2812.2422,2832.6663,2802.958,2815.4946,21013098100.0
2020-04-28,2819.9915,2821.7451,2758.2458,2810.0244,25387274500.0
2020-04-29,2801.3831,2831.7642,2800.7378,2822.4424,20206180700.0
2020-04-30,2832.3843,2865.5901,2832.3843,2860.0823,24245527800.0
2020-05-06,2831.6326,2879.2634,2830.6536,2878.1401,24982661600.0
2020-05-07,2876.4727,2882.0222,2864.5813,2871.5232,22673695700.0
2020-05-08,2882.7078,2903.7966,2879.2034,2895.3445,22682207500.0
2020-05-11,2901.574,2914.2837,2884.3806,2894.802,22512041000.0
2020-05-12,2894.6172,2897.9019,2871.23,2891.5564,19708298500.0
2020-05-13,2882.9551,2900.2588,2875.5354,2898.0496,18506131000.0
2020-05-14,2887.0576,2887.0576,2869.1831,2870.3423,19777620200.0
2020-05-15,2880.7068,2884.22,2863.3699,2868.4587,18898359200.0
2020-05-18,2872.5244,2889.9795,2862.271,2875.4175,22602288200.0
2020-05-19,2897.6868,2900.2188,2887.5769,2898.5759,19722240500.0
2020-05-20,2896.4658,2896.4658,2876.1765,2883.7378,21051998500.0
2020-05-21,2890.7212,2891.5176,2864.2073,2867.9236,20353203800.0
2020-05-22,2863.0461,2863.0461,2808.0176,2813.7654,20906371200.0
2020-05-25,2816.241,2821.4978,2802.4653,2817.9697,17288555700.0
2020-05-26,2827.8967,2848.3372,2825.9009,2846.5474,17456236900.0
2020-05-27,2847.3198,2848.9966,2831.928,2836.8037,19814934300.0
2020-05-28,2838.2073,2861.9241,2820.1455,2846.2217,20754601900.0
2020-05-29,2835.584,2855.3755,2829.6272,2852.3513,20679280400.0
2020-06-01,2871.9641,2917.1509,2871.9641,2915.4312,26019605000.0
2020-06-02,2916.3169,2926.3589,2909.1277,2921.3979,25610804900.0
2020-06-03,2930.3906,2942.7598,2922.6611,2923.3711,25566398000.0
2020-06-04,2931.8376,2932.9678,2910.7517,2919.2505,22660587300.0
2020-06-05,2923.1892,2930.7993,2909.1182,2930.7993,21736067300.0
2020-06-08,2941.9817,2950.0657,2934.2102,2937.7712,23112436000.0
2020-06-09,2939.5352,2957.1187,2932.9385,2956.1116,20904858500.0
2020-06-10,2951.2783,2951.3298,2934.8428,2943.7524,20792596900.0
2020-06-11,2939.7915,2952.6509,2912.1931,2920.8967,23372294700.0
2020-06-12,2876.803,2930.2549,2872.6165,2919.7407,23600864200.0
2020-06-15,2908.2766,2922.5364,2890.0305,2890.0305,24320504600.0
2020-06-16,2912.8252,2931.7791,2909.134,2931.7493,22331306500.0
2020-06-17,2932.6709,2936.6162,2919.0354,2935.873,23465439100.0
2020-06-18,2929.8799,2942.8982,2920.1055,2939.3152,25869137700.0
2020-06-19,2938.7888,2973.3164,2935.824,2967.634,26431396100.0
2020-06-22,2966.9009,2983.4382,2959.0349,2965.2717,26788383400.0
2020-06-23,2960.8875,2972.4026,2949.8469,2970.6204,22521220800.0
2020-06-24,2972.9827,2982.9424,2971.2234,2979.5505,21320073200.0
2020-06-29,2973.0757,2977.9121,2951.7703,2961.5164,22062272900.0
2020-06-30,2965.1055,2990.8252,2965.1055,2984.6741,21495721400.0
2020-07-01,2991.1814,3026.1863,2984.9841,3025.981,27331314000.0
2020-07-02,3023.719,3092.4431,3021.6736,3090.5693,39112800000.0
2020-07-03,3103.9951,3152.8125,3103.9951,3152.8125,45879385000.0
2020-07-06,3187.8394,3337.2722,3187.8394,3332.8806,64387891000.0
2020-07-07,3380.9536,3407.0811,3336.2417,3345.3369,65784016000.0
2020-07-08,3337.5518,3421.5313,3327.7063,3403.4402,58708169000.0
2020-07-09,3403.4832,3456.9722,3393.6379,3450.5935,62000182000.0
2020-07-10,3418.9348,3433.1084,3372.5066,3383.3223,55612001000.0
2020-07-13,3379.3867,3458.7915,3369.0378,3443.2864,55800688000.0
2020-07-14,3435.0237,3451.2224,3366.0828,3414.6187,54321149000.0
2020-07-15,3422.0779,3432.4507,3345.7488,3361.3044,49203054000.0
2020-07-16,3356.3589,3373.5317,3209.7273,3210.0986,49061312000.0
2020-07-17,3214.4021,3252.7786,3181.2744,3214.1287,35965241000.0
2020-07-20,3243.9104,3314.1489,3220.6841,3314.1489,41855531000.0
2020-07-21,3330.5466,3336.6792,3300.572,3320.8948,35925203000.0
2020-07-22,3315.1816,3381.9756,3311.7861,3333.1636,39333534000.0
2020-07-23,3306.1489,3336.3003,3257.8269,3325.1101,40704250000.0
2020-07-24,3310.645,3319.1267,3184.9646,3196.7683,42705403000.0
2020-07-27,3210.3862,3221.9846,3174.6582,3205.2268,29931902000.0
2020-07-28,3226.1328,3245.2966,3208.4939,3227.9604,28937786000.0
2020-07-29,3221.9883,3294.552,3209.9902,3294.552,32492406000.0
2020-07-30,3299.5718,3312.4507,3282.1616,3286.822,34070412000.0
2020-07-31,3280.7959,3333.7859,3261.6135,3310.0066,35375898000.0
2020-08-03,3332.1826,3368.1028,3327.6772,3367.9658,40746087000.0
2020-08-04,3376.4402,3391.0742,3352.5017,3371.6875,44232855000.0
2020-08-05,3363.3325,3383.6365,3333.877,3377.5647,38582303000.0
2020-08-06,3380.7622,3392.7048,3334.334,3386.4631,41530251000.0
2020-08-07,3370.5879,3374.1331,3307.7126,3354.0352,40392963000.0
2020-08-10,3341.5276,3399.9324,3335.0427,3379.2524,38137963000.0
2020-08-11,3379.4873,3409.0588,3336.0945,3340.29,40045271000.0
2020-08-12,3327.4929,3335.729,3263.2654,3319.2656,37832896000.0
2020-08-13,3328.1753,3338.1519,3309.4629,3320.7261,32429128000.0
2020-08-14,3315.6687,3362.0266,3302.7356,3360.0989,30599838000.0
2020-08-17,3373.9019,3450.8987,3369.3743,3438.801,43459826000.0
2020-08-18,3441.9336,3456.7207,3432.6401,3451.0894,38072928000.0
2020-08-19,3444.5647,3454.4612,3406.1643,3408.1289,40572221000.0
2020-08-20,3385.9646,3394.5569,3352.7766,3363.8987,33560098000.0
2020-08-21,3380.2268,3393.9175,3358.0005,3380.6826,28748834000.0
2020-08-24,3391.1133,3396.5664,3368.0259,3385.6382,26622784100.0
2020-08-25,3392.8796,3408.8696,3364.1602,3373.5781,27711342000.0
2020-08-26,3371.8083,3382.6033,3320.1355,3329.7388,29445104000.0
2020-08-27,3333.491,3351.8325,3312.9858,3350.1128,23709935300.0
2020-08-28,3346.2893,3405.8767,3339.6494,3403.8066,27132555000.0
2020-08-31,3416.5498,3442.7363,3395.4675,3395.6775,32347389000.0
2020-09-01,3389.7424,3410.6067,3381.7107,3410.6067,24699924900.0
2020-09-02,3420.4692,3421.396,3377.2112,3404.8018,26154631900.0
2020-09-03,3404.032,3425.6294,3374.2634,3384.9807,25534627900.0
2020-09-04,3336.4077,3360.1062,3328.5518,3355.3667,22163655000.0
2020-09-07,3349.9185,3368.2446,3285.6326,3292.5908,26061656700.0
2020-09-08,3301.2173,3324.3928,3276.4431,3316.417,27106628000.0
2020-09-09,3280.9973,3289.6147,3238.5605,3254.6279,35150975000.0
2020-09-10,3282.2319,3285.4731,3227.6436,3234.8235,31247280000.0
2020-09-11,3225.7837,3262.4976,3220.5364,3260.3462,22169883000.0
2020-09-14,3275.9182,3283.5325,3261.1479,3278.8137,21392413700.0
2020-09-15,3277.1284,3297.6904,3263.7522,3295.6794,19768440000.0
2020-09-16,3293.1677,3302.4556,3271.075,3283.9243,20044336400.0
2020-09-17,3277.3237,3290.4094,3248.499,3270.4351,20293197200.0
2020-09-18,3270.9109,3338.3242,3268.5259,3338.0896,25626078800.0
2020-09-21,3348.8987,3350.5894,3313.0713,3316.9351,21650309300.0
2020-09-22,3290.6655,3320.2278,3265.7024,3274.3015,21401506500.0
2020-09-23,3278.8357,3289.7625,3264.8906,3279.7104,16917806800.0
2020-09-24,3262.8789,3265.3452,3221.2366,3223.1765,20673601100.0
2020-09-25,3234.3738,3239.4663,3208.0349,3219.418,16482241900.0
2020-09-28,3224.9768,3238.1826,3210.8926,3217.5347,15598278300.0
2020-09-29,3231.855,3242.7937,3219.7903,3224.3594,15134987000.0
2020-09-30,3232.7104,3244.9133,3202.3435,3218.052,15350445700.0
2020-10-09,3262.6106,3280.5125,3260.1873,3272.0762,18832564800.0
2020-10-12,3287.3281,3359.1526,3286.1111,3358.4651,25962240800.0
2020-10-13,3353.1213,3361.8315,3334.4988,3359.75,20492610300.0
2020-10-14,3353.6248,3353.6248,3332.9634,3340.7783,19865938200.0
2020-10-15,3342.9221,3354.5784,3330.0015,3332.1831,19103128200.0
2020-10-16,3334.4568,3348.9543,3319.1101,3336.3582,19429542100.0
2020-10-19,3351.0962,3371.0862,3307.8408,3312.667,21230354000.0
2020-10-20,3307.1499,3328.1028,3293.7661,3328.1028,16508476200.0
2020-10-21,3332.147,3332.147,3304.1692,3325.0247,17763211500.0
2020-10-22,3315.8206,3320.8787,3281.3662,3312.5005,16594998700.0
2020-10-23,3308.1582,3326.0488,3276.6196,3277.9973,17420898200.0
2020-10-26,3258.7029,3264.4463,3226.6018,3251.1189,16773179500.0
2020-10-27,3240.7395,3258.3369,3235.5442,3254.3157,14911556600.0
2020-10-28,3256.2224,3275.8713,3238.3821,3269.238,17318196500.0
2020-10-29,3235.7646,3289.7654,3231.1243,3272.7273,18470358900.0
2020-10-30,3278.6311,3279.8562,3219.4216,3224.5325,23018880300.0
2020-11-02,3228.7151,3242.8042,3209.9094,3225.1196,22677913700.0
2020-11-03,3239.8064,3278.3806,3237.854,3271.0745,21529786400.0
2020-11-04,3273.4326,3286.6211,3254.1113,3277.4402,18851412800.0
2020-11-05,3305.5798,3320.408,3291.6001,3320.1333,22680146200.0
2020-11-06,3326.4646,3326.4646,3292.1506,3312.1589,23486413200.0
2020-11-09,3329.4285,3380.8235,3329.4285,3373.7336,31021977000.0
2020-11-10,3387.6218,3387.6218,3346.1714,3360.1484,27870111000.0
2020-11-11,3354.0247,3365.8359,3339.0408,3342.2024,27120465000.0
2020-11-12,3344.4563,3350.2849,3329.4851,3338.6787,21650130900.0
2020-11-13,3327.2292,3327.2292,3291.6426,3310.1045,22789836400.0
2020-11-16,3325.6208,3346.9692,3313.647,3346.9692,27959376000.0
2020-11-17,3347.1514,3347.698,3323.9507,3339.895,28363248000.0
2020-11-18,3337.3315,3358.8938,3333.9917,3347.3035,28753126000.0
2020-11-19,3339.0864,3367.3328,3330.4497,3363.0876,25326299200.0
2020-11-20,3359.5967,3380.1489,3356.3086,3377.7268,26127121900.0
2020-11-23,3384.104,3431.6528,3377.9861,3414.49,37387205000.0
2020-11-24,3407.4087,3413.9263,3396.2437,3402.8225,30099414000.0
2020-11-25,3417.5149,3423.4854,3362.3274,3362.3274,32211021000.0
2020-11-26,3360.0608,3371.4536,3344.2822,3369.7334,25588682200.0
2020-11-27,3373.8435,3408.3071,3364.4919,3408.3071,28064989000.0
2020-11-30,3418.1582,3456.7366,3391.7551,3391.7551,38498997000.0
2020-12-01,3388.9868,3457.6355,3386.9114,3451.9385,31618898000.0
2020-12-02,3453.5181,3465.7288,3435.8711,3449.3806,31281111000.0
2020-12-03,3448.5403,3452.1611,3428.8044,3442.136,29845993000.0
2020-12-04,3436.729,3448.4036,3417.0483,3444.5813,25627670500.0
2020-12-07,3446.6477,3449.5781,3414.3142,3416.6038,25452250800.0
2020-12-08,3417.6936,3428.6619,3403.0264,3410.177,22690732800.0
2020-12-09,3416.0781,3422.5359,3371.9155,3371.9641,26074742400.0
2020-12-10,3365.731,3384.8875,3357.7532,3373.2759,24730830400.0
2020-12-11,3381.0081,3383.1782,3325.1721,3347.1909,29861716000.0
2020-12-14,3349.5339,3371.1292,3338.6262,3369.1201,23980792600.0
2020-12-15,3366.5813,3373.5579,3348.4192,3367.2327,22566740200.0
2020-12-16,3371.2632,3378.6626,3359.1704,3366.9832,22081397600.0
2020-12-17,3367.2771,3406.1548,3354.0112,3404.8733,27546363000.0
2020-12-18,3400.4856,3413.8135,3382.7507,3394.896,28099264000.0
2020-12-21,3394.3945,3423.6089,3381.1157,3420.5693,28375979000.0
2020-12-22,3410.9678,3415.7539,3353.8582,3356.7822,32303765000.0
2020-12-23,3362.4722,3394.209,3360.2019,3382.3196,29952353000.0
2020-12-24,3382.1931,3394.0747,3354.0215,3363.1133,27504445000.0
2020-12-25,3351.79,3397.0066,3348.3452,3396.5625,29454690000.0
2020-12-28,3396.3589,3412.5193,3383.6541,3397.2854,31618154000.0
2020-12-29,3399.2939,3407.0884,3376.0876,3379.0361,31176919000.0
2020-12-30,3375.0085,3414.4539,3374.4155,3414.4526,29102354000.0
2020-12-31,3419.7268,3474.9182,3419.7268,3473.0693,33567393000.0
2021-01-04,3474.6792,3511.6555,3457.2061,3502.9585,38079080000.0
2021-01-05,3492.1912,3528.6768,3484.7151,3528.6768,40799593000.0
2021-01-06,3530.9072,3556.8022,3513.1262,3550.8767,37023093000.0
2021-01-07,3552.9087,3576.2046,3526.6174,3576.2046,40534823000.0
2021-01-08,3577.6924,3588.0625,3544.8911,3570.1082,34555790000.0
2021-01-11,3571.3213,3597.7021,3516.9861,3531.4978,36247915000.0
2021-01-12,3518.0105,3608.3389,3517.469,3608.3389,32340615000.0
2021-01-13,3613.281,3622.3474,3575.5945,3598.6519,38812779000.0
2021-01-14,3584.9324,3599.0583,3559.6001,3565.9045,34766682000.0
2021-01-15,3566.2847,3589.2654,3533.7881,3566.3777,32461274000.0
2021-01-18,3554.7976,3608.7666,3544.2615,3596.2236,30165257000.0
2021-01-19,3596.3564,3603.1477,3553.0237,3566.3813,32343954000.0
2021-01-20,3564.1211,3589.9624,3556.4424,3583.092,27227166000.0
2021-01-21,3590.9248,3636.2444,3585.8018,3621.2642,32746700000.0
2021-01-22,3616.54,3616.54,3585.0339,3606.7495,32446308000.0
2021-01-25,3605.3611,3637.1001,3591.0205,3624.238,32734107000.0
2021-01-26,3610.9685,3610.9685,3564.7415,3569.429,27813988000.0
2021-01-27,3567.5486,3578.7969,3546.4919,3573.3413,26410716100.0
2021-01-28,3534.6685,3549.5439,3496.8789,3505.1758,27086246000.0
2021-01-29,3521.7175,3531.5981,3446.5471,3483.0691,29366266000.0
2021-02-01,3477.1714,3506.3889,3469.875,3505.2837,27756790000.0
2021-02-02,3510.8083,3535.502,3495.5681,3533.6848,26454063000.0
2021-02-03,3531.1489,3544.0093,3508.5068,3517.3081,29735172000.0
2021-02-04,3503.7786,3524.7219,3465.7705,3501.8591,29883485000.0
2021-02-05,3509.4873,3536.5417,3492.9624,3496.333,29014617000.0
2021-02-08,3504.563,3542.2075,3492.1287,3532.4468,24979961900.0
2021-02-09,3539.7727,3604.0112,3528.6755,3603.489,25382176000.0
2021-02-10,3612.6125,3662.7654,3612.5049,3655.0879,25794082400.0
2021-02-18,3721.0864,3731.687,3663.6638,3675.3572,34030907000.0
2021-02-19,3661.7834,3699.6501,3634.0149,3696.168,36105980000.0
2021-02-22,3707.1912,3717.2668,3642.4448,3642.4448,48882148000.0
2021-02-23,3617.7014,3672.1511,3617.7014,3636.3574,39887317000.0
2021-02-24,3638.9358,3645.6475,3531.5935,3564.0798,36215895000.0
2021-02-25,3595.5425,3608.5569,3568.4734,3585.0459,36623230000.0
2021-02-26,3514.5647,3550.4055,3500.7036,3509.0803,33328007000.0
2021-03-01,3531.4802,3552.5664,3511.9888,3551.3999,31548753000.0
2021-03-02,3566.8521,3566.8521,3485.3635,3508.5913,33983049000.0
2021-03-03,3500.1577,3577.6218,3498.7192,3576.9045,34765685000.0
2021-03-04,3546.6406,3552.2024,3487.3757,3503.4917,39361612000.0
2021-03-05,3463.3086,3523.5681,3456.6667,3501.9868,35640922000.0
2021-03-08,3524.9829,3542.304,3421.2153,3421.4141,38704795000.0
2021-03-09,3415.3391,3429.1504,3328.312,3359.292,40765254000.0
2021-03-10,3389.8389,3397.0251,3354.823,3357.7373,29974917000.0
2021-03-11,3369.9023,3436.8313,3369.9023,3436.8313,32211204000.0
2021-03-12,3447.2034,3454.5063,3417.239,3453.0776,35802704000.0
2021-03-15,3441.8821,3457.4893,3392.5088,3419.9456,36781329000.0
2021-03-16,3424.6523,3448.8828,3406.1746,3446.7334,31666875000.0
2021-03-17,3435.7319,3454.0562,3410.2815,3445.5508,28005982000.0
2021-03-18,3449.6414,3478.1448,3449.3774,3463.0681,28440389000.0
2021-03-19,3423.8733,3439.5237,3389.293,3404.6633,30916172000.0
2021-03-22,3406.1228,3443.6597,3404.2341,3443.4392,31255908000.0
2021-03-23,3445.3408,3445.416,3390.0476,3411.5088,32638941000.0
2021-03-24,3394.1284,3415.2949,3362.1848,3367.0605,31739870000.0
2021-03-25,3355.0706,3382.2261,3344.9695,3363.5916,27067610000.0
2021-03-26,3373.3171,3423.2231,3373.3171,3418.3267,27461499000.0
2021-03-29,3429.6321,3449.8337,3409.8867,3435.2959,28482424000.0
2021-03-30,3432.5288,3457.6345,3423.3154,3456.6765,28542308000.0
2021-03-31,3452.2078,3452.2078,3420.832,3441.9116,28304926000.0
2021-04-01,3444.8103,3470.031,3438.8254,3466.3315,27524430000.0
2021-04-02,3472.6277,3487.5862,3462.832,3484.3923,26265487300.0
2021-04-06,3491.6335,3493.2805,3471.761,3482.9673,23474667100.0
2021-04-07,3483.4211,3483.4211,3453.1946,3479.6255,29578698000.0
2021-04-08,3467.4871,3495.9087,3459.3247,3482.5547,33175533000.0
2021-04-09,3475.4434,3475.4468,3442.1392,3450.6772,28008520000.0
2021-04-12,3445.9695,3456.1582,3403.9011,3412.9478,30957724000.0
2021-04-13,3411.2927,3425.3945,3387.9021,3396.47,27062605000.0
2021-04-14,3397.021,3420.0278,3392.9751,3416.7212,23324232700.0
2021-04-15,3409.614,3409.614,3373.094,3398.9875,23400505400.0
2021-04-16,3407.188,3432.6287,3394.1345,3426.6179,25857967200.0
2021-04-19,3427.5481,3479.01,3414.3564,3477.5486,30273582000.0
2021-04-20,3467.1482,3494.2983,3463.4636,3472.9426,28530008000.0
2021-04-21,3456.2991,3481.2512,3450.1113,3472.9297,25377785900.0
2021-04-22,3482.8328,3485.3584,3456.3157,3465.1138,25111451000.0
2021-04-23,3462.0857,3482.3586,3456.333,3474.166,24936043300.0
2021-04-26,3484.1072,3497.1208,3438.5725,3441.1658,27697077000.0
2021-04-27,3440.0911,3443.8538,3417.2646,3442.6111,25303239300.0
2021-04-28,3432.1611,3457.0684,3423.325,3457.0684,24738112000.0
2021-04-29,3458.0818,3478.2278,3447.5879,3474.9011,27663139000.0
2021-04-30,3468.3022,3469.0872,3426.9023,3446.8564,31266035000.0
2021-05-06,3446.0742,3471.2395,3426.8486,3441.2827,31042419000.0
2021-05-07,3446.407,3457.8923,3416.7754,3418.874,35378539000.0
2021-05-10,3423.5896,3429.7358,3401.9346,3427.991,37417088000.0
2021-05-11,3406.5979,3448.0959,3384.6965,3441.8455,35093411000.0
2021-05-12,3429.7544,3466.3708,3428.3943,3462.7512,31144455000.0
2021-05-13,3432.1379,3448.0168,3418.3845,3429.5361,31932533000.0
2021-05-14,3436.0918,3490.6438,3422.5649,3490.3762,33698231000.0
2021-05-17,3490.4092,3530.5056,3490.1438,3517.6157,32213597000.0
2021-05-18,3520.6487,3529.0144,3510.8621,3529.0144,27130856000.0
2021-05-19,3521.1096,3521.1096,3503.8152,3510.9646,27832112000.0
2021-05-20,3500.8772,3517.74,3486.0662,3506.9443,32600933000.0
2021-05-21,3510.8352,3518.377,3479.6743,3486.5569,28382629000.0
2021-05-24,3486.271,3498.3037,3469.8745,3497.282,28950924000.0
2021-05-25,3502.5391,3584.5774,3502.4429,3581.3418,34124113000.0
2021-05-26,3586.8389,3603.488,3585.3694,3593.3569,34198029000.0
2021-05-27,3585.7336,3626.3584,3579.26,3608.8506,30955149000.0
2021-05-28,3610.7668,3622.1802,3582.3579,3600.7844,34920883000.0
2021-05-31,3600.0703,3615.6567,3580.6523,3615.4773,33152377000.0
2021-06-01,3608.5979,3626.0737,3581.9116,3624.7139,35281141000.0
2021-06-02,3626.3284,3629.2896,3584.5955,3597.1379,34855842000.0
2021-06-03,3595.4214,3618.5066,3584.2053,3584.2122,35423303000.0
2021-06-04,3565.4717,3618.8,3561.8906,3591.8447,33089304000.0
2021-06-07,3597.1414,3600.376,3581.8987,3599.541,30371868000.0
2021-06-08,3598.7527,3621.5227,3563.2502,3580.1062,30449147000.0
2021-06-09,3576.8015,3598.7083,3572.6365,3591.3965,29832330000.0
2021-06-10,3587.5283,3624.3433,3584.1333,3610.8589,31817481000.0
2021-06-11,3614.1133,3614.4038,3587.1492,3589.748,36055497000.0
2021-06-15,3587.4658,3592.9465,3547.187,3556.5591,34916857000.0
2021-06-16,3556.7139,3561.092,3513.5591,3518.3291,31259731000.0
2021-06-17,3508.3169,3534.1975,3507.3535,3525.6042,27722992000.0
2021-06-18,3520.4966,3535.6221,3503.1833,3525.0967,29670859000.0
2021-06-21,3515.5005,3540.2959,3504.0076,3529.1826,28089828000.0
2021-06-22,3539.7876,3560.1946,3536.812,3557.4121,30753640000.0
2021-06-23,3559.3987,3577.4661,3549.8481,3566.22,31070952000.0
2021-06-24,3568.5757,3570.4873,3548.8162,3566.6538,33544075000.0
2021-06-25,3567.3772,3614.2981,3564.52,3607.5618,34608783000.0
2021-06-28,3612.2468,3614.3574,3594.2173,3606.3723,32127497000.0
2021-06-29,3601.6772,3601.8264,3570.5254,3573.178,30607118000.0
2021-06-30,3572.6235,3594.1184,3569.501,3591.197,26816281800.0
2021-07-01,3600.5464,3607.7048,3573.9375,3588.7815,29188319000.0
2021-07-02,3569.8918,3569.8918,3514.3386,3518.7595,29194555000.0
2021-07-05,3516.9229,3534.3223,3510.5781,3534.3223,28809484000.0
2021-07-06,3533.1304,3538.3469,3496.9275,3530.2588,31407021000.0
2021-07-07,3508.5901,3557.8789,3504.4724,3553.7156,31883919000.0
2021-07-08,3557.2178,3558.6772,3521.0579,3525.5039,35087786000.0
2021-07-09,3512.2334,3529.3098,3485.0542,3524.0881,34988432000.0
2021-07-12,3545.1978,3565.032,3527.3926,3547.8362,40363956000.0
2021-07-13,3547.5896,3567.4812,3542.8154,3566.5225,36241671000.0
2021-07-14,3560.8281,3560.8281,3525.4939,3528.5012,37222172000.0
2021-07-15,3519.063,3565.9348,3514.2581,3564.5901,36325916000.0
2021-07-16,3559.5259,3565.9993,3537.7288,3539.3037,36601478000.0
2021-07-19,3530.4932,3544.8794,3506.3423,3539.1226,33676095000.0
2021-07-20,3515.0718,3538.636,3509.1917,3536.7905,29378059000.0
2021-07-21,3543.0535,3569.0898,3543.0535,3562.6611,33897875000.0
2021-07-22,3563.6609,3576.4731,3558.2932,3574.7344,38106705000.0
2021-07-23,3571.7151,3571.854,3541.51,3550.3965,44642125000.0
2021-07-26,3538.0144,3538.0144,3424.7424,3467.4409,44288220000.0
2021-07-27,3467.4473,3483.8738,3380.2764,3381.1833,46907544000.0
2021-07-28,3355.8188,3385.5359,3312.7207,3361.5896,39582542000.0
2021-07-29,3403.8384,3416.6072,3382.571,3411.7241,34456943000.0
2021-07-30,3398.196,3404.8813,3370.4507,3397.3574,38144096000.0
2021-08-02,3385.6902,3464.2915,3367.6431,3464.2854,43292787000.0
2021-08-03,3446.7842,3470.657,3435.4619,3447.9915,40069808000.0
2021-08-04,3442.9368,3477.5972,3440.7834,3477.2185,34874422000.0
2021-08-05,3461.7185,3486.1572,3449.3884,3466.5491,34843692000.0
2021-08-06,3465.4841,3466.3904,3436.9316,3458.2278,33682440000.0
2021-08-09,3441.7502,3502.8411,3438.7029,3494.6348,34991009000.0
2021-08-10,3488.6643,3529.9309,3477.0642,3529.9309,34511299000.0
2021-08-11,3527.1094,3544.094,3524.0444,3532.6213,38378355000.0
2021-08-12,3522.7239,3538.396,3513.4458,3524.7373,38107459000.0
2021-08-13,3514.467,3540.0798,3500.7996,3516.2988,37818728000.0
2021-08-16,3514.3445,3537.8501,3510.8977,3517.3447,39109972000.0
2021-08-17,3512.1089,3531.7249,3438.1233,3446.9761,42288580000.0
2021-08-18,3442.3472,3487.4363,3437.6909,3485.2859,38920376000.0
2021-08-19,3475.2981,3480.4597,3446.0146,3465.5547,38238303000.0
2021-08-20,3442.5061,3453.1531,3394.9724,3427.3337,39113692000.0
2021-08-23,3436.7964,3481.2544,3436.6707,3477.1321,38472744000.0
2021-08-24,3482.2659,3522.6973,3481.1409,3514.4709,43023646000.0
2021-08-25,3517.915,3540.3948,3510.0664,3540.3838,45004702000.0
2021-08-26,3537.314,3537.3154,3499.4529,3501.6643,50290315000.0
2021-08-27,3494.4175,3530.1926,3493.375,3522.1567,45534591000.0
2021-08-30,3535.0728,3539.4939,3512.9929,3528.1511,51278572000.0
2021-08-31,3519.0244,3543.9402,3496.3892,3543.9402,52420506000.0
2021-09-01,3543.8662,3582.3235,3514.6743,3567.1008,66727631000.0
2021-09-02,3559.9026,3597.3655,3557.677,3597.0425,57268404000.0
2021-09-03,3602.7422,3613.948,3569.3989,3581.7344,61453235000.0
2021-09-06,3580.1414,3626.2866,3580.1414,3621.8594,52171328000.0
2021-09-07,3621.71,3681.9253,3615.1443,3676.5867,54772188000.0
2021-09-08,3673.4023,3695.3203,3660.9998,3675.1865,58643619000.0
2021-09-09,3666.8247,3693.45,3662.1633,3693.1296,60481033000.0
2021-09-10,3691.1855,3722.8733,3681.6416,3703.1104,63520043000.0
2021-09-13,3699.2534,3716.8315,3692.8157,3715.3723,55748402000.0
2021-09-14,3709.6335,3723.8452,3655.634,3662.6016,56495239000.0
2021-09-15,3651.1582,3677.5266,3638.3225,3656.2231,47497000000.0
2021-09-16,3664.8411,3677.9199,3606.7275,3607.0923,54674147000.0
2021-09-17,3595.2715,3620.9575,3569.2708,3613.9663,51685021000.0
2021-09-22,3563.2075,3629.4539,3560.5034,3628.4897,47229605000.0
2021-09-23,3651.2661,3670.9541,3632.2822,3642.2205,53499549000.0
2021-09-24,3637.8677,3651.4294,3607.792,3613.0674,50730477000.0
2021-09-27,3625.9597,3640.8076,3559.9153,3582.8308,51080280000.0
2021-09-28,3577.886,3610.917,3568.8188,3602.2185,44416881000.0
2021-09-29,3573.5178,3573.5178,3518.0476,3536.2944,45251115000.0
2021-09-30,3541.9282,3572.4258,3541.9282,3568.1667,39562963000.0
2021-10-08,3609.0874,3612.554,3571.7339,3592.1665,40716115000.0
2021-10-11,3600.3569,3614.6987,3586.7488,3591.7087,39436116000.0
2021-10-12,3581.2966,3583.6392,3515.1409,3546.9363,40539375000.0
2021-10-13,3543.4917,3569.1333,3515.6482,3561.7622,32505067000.0
2021-10-14,3555.1084,3569.6863,3547.1819,3558.2795,29496920000.0
2021-10-15,3551.9873,3578.7661,3542.6931,3572.3662,32029298000.0
2021-10-18,3571.0481,3571.0481,3539.4778,3568.1379,34095062000.0
2021-10-19,3562.2954,3596.7876,3560.6221,3593.1533,33419765000.0
2021-10-20,3583.2363,3596.0498,3574.2957,3587.001,34424501000.0
2021-10-21,3590.0496,3610.9602,3576.3547,3594.7832,35231087000.0
2021-10-22,3594.7456,3607.5776,3578.7603,3582.6035,35315720000.0
2021-10-25,3574.2632,3611.0908,3564.2058,3609.8625,32119682000.0
2021-10-26,3612.8333,3625.0156,3589.7061,3597.6377,33727829000.0
2021-10-27,3589.8574,3589.8574,3553.1277,3562.3052,35062094000.0
2021-10-28,3548.7021,3552.042,3509.4873,3518.4165,37817167000.0
2021-10-29,3519.3276,3547.3362,3502.8013,3547.3362,35880938000.0
2021-11-01,3530.3962,3556.5901,3519.29,3544.4795,38225133000.0
2021-11-02,3543.3828,3559.0479,3477.6641,3505.6284,41756317000.0
2021-11-03,3501.105,3512.6089,3480.4878,3498.5369,30660767000.0
2021-11-04,3505.8943,3527.9517,3503.0059,3526.8657,31944083000.0
2021-11-05,3520.2073,3525.8723,3491.4565,3491.5676,35453357000.0
2021-11-08,3491.9709,3507.2744,3484.24,3498.6309,29818372000.0
2021-11-09,3507.1074,3514.9512,3489.0432,3507.0017,28731599000.0
2021-11-10,3498.9446,3498.9446,3448.4377,3492.4617,30703071000.0
2021-11-11,3486.4509,3534.1992,3482.8291,3532.7859,32208796000.0
2021-11-12,3534.1511,3543.6479,3527.3896,3539.1001,30868335000.0
2021-11-15,3542.9033,3550.4438,3521.2925,3533.3025,31301761000.0
2021-11-16,3530.4575,3549.7654,3517.8064,3521.7866,31039991000.0
2021-11-17,3518.5647,3537.5125,3513.5229,3537.3662,27673567000.0
2021-11-18,3531.4922,3537.9758,3513.1135,3520.7107,31242693000.0
2021-11-19,3519.2759,3561.9126,3517.6514,3560.3733,31798998000.0
2021-11-22,3562.7627,3585.1875,3562.7505,3582.0796,33000939000.0
2021-11-23,3580.5059,3598.375,3577.3608,3589.0894,36001159000.0
2021-11-24,3590.0188,3602.7354,3575.2883,3592.7024,33677525000.0
2021-11-25,3593.3882,3597.1477,3579.5332,3584.1787,30645152000.0
2021-11-26,3576.1135,3576.1135,3554.8799,3564.0894,30100007000.0
2021-11-29,3528.6721,3563.677,3526.355,3562.6968,33361833000.0
2021-11-30,3570.7468,3582.115,3546.3618,3563.8872,34918794000.0
2021-12-01,3561.886,3576.8853,3558.6909,3576.8853,32987352000.0
2021-12-02,3573.2468,3586.8669,3567.137,3573.8357,35404152000.0
2021-12-03,3576.4497,3608.4697,3573.2134,3607.4321,37755105000.0
2021-12-06,3615.2356,3626.1257,3586.8052,3589.3062,41867674000.0
2021-12-07,3611.217,3614.2229,3572.5688,3595.0881,40384259000.0
2021-12-08,3602.824,3637.7151,3591.9856,3637.5674,36103666000.0
2021-12-09,3641.158,3688.3967,3638.7021,3673.0413,43191816000.0
2021-12-10,3654.3684,3667.8547,3651.3525,3666.3479,41998880000.0
2021-12-13,3686.9368,3708.9424,3678.0583,3681.082,42409201000.0
2021-12-14,3669.8066,3671.6785,3654.656,3661.5254,36217193000.0
2021-12-15,3655.0488,3668.4016,3645.2424,3647.6304,37747767000.0
2021-12-16,3648.927,3675.0161,3644.6646,3675.0161,38132951000.0
2021-12-17,3670.2578,3673.6536,3631.6604,3632.3638,40848784000.0
2021-12-20,3620.0371,3643.9536,3589.3604,3593.6018,42385141000.0
2021-12-21,3591.4519,3627.0884,3591.4519,3625.125,40818435000.0
2021-12-22,3632.6763,3635.8992,3616.5476,3622.6179,39482518000.0
2021-12-23,3625.4695,3643.5459,3618.0481,3643.3391,38292573000.0
2021-12-24,3645.3948,3648.9556,3612.0674,3618.0535,39034763000.0
2021-12-27,3613.0469,3632.188,3601.9351,3615.9741,32923529000.0
2021-12-28,3619.6418,3631.0767,3607.3643,3630.1116,31620224000.0
2021-12-29,3630.916,3630.916,3596.3225,3597.0002,30513177000.0
2021-12-30,3596.4922,3628.9177,3595.4956,3619.1887,30783929000.0
2021-12-31,3626.2419,3642.843,3624.9419,3639.7754,32968193000.0
2022-01-04,3649.1509,3651.8923,3610.0923,3632.3289,40502777000.0
2022-01-05,3628.2634,3628.2634,3583.4668,3595.176,42390203000.0
2022-01-06,3581.2185,3594.489,3559.8804,3586.0791,37154054000.0
2022-01-07,3588.9851,3607.2317,3577.0977,3579.5427,43630696000.0
2022-01-10,3572.7434,3593.5188,3555.1255,3593.5188,35622261000.0
2022-01-11,3589.9043,3602.1455,3562.7542,3567.4409,35976186000.0
2022-01-12,3578.1628,3599.4993,3572.0964,3597.4321,34313296000.0
2022-01-13,3601.0266,3601.0725,3555.1577,3555.2585,36936837000.0
2022-01-14,3544.0652,3548.4204,3519.3223,3521.2559,37693702000.0
2022-01-17,3522.0852,3546.0852,3519.4258,3541.666,31288673000.0
2022-01-18,3541.8899,3579.3125,3531.3296,3569.9143,37714644000.0
2022-01-19,3567.6309,3578.7349,3541.6619,3558.1797,33323527000.0
2022-01-20,3556.2263,3576.2595,3540.5544,3555.063,37950985000.0
2022-01-21,3546.7495,3547.0002,3514.8853,3522.5679,32653488000.0
2022-01-24,3508.2441,3531.6082,3500.1392,3524.105,28026834000.0
2022-01-25,3509.2847,3519.8335,3433.0613,3433.0613,32735381000.0
2022-01-26,3442.6917,3462.1233,3417.7585,3455.668,27512283000.0
2022-01-27,3456.1021,3456.363,3392.0154,3394.2473,28060653000.0
2022-01-28,3407.5933,3417.0454,3356.5559,3361.4397,29085526000.0
2022-02-07,3407.7622,3434.0256,3407.7622,3429.5808,32048521000.0
2022-02-08,3428.5425,3453.1863,3390.4578,3452.6289,36609387000.0
2022-02-09,3450.8181,3484.739,3444.0847,3479.9458,35024994000.0
2022-02-10,3481.9102,3488.8552,3464.2168,3485.907,35566627000.0
2022-02-11,3472.2756,3500.1472,3459.3298,3462.948,36135609000.0
2022-02-14,3451.8467,3457.2644,3415.4463,3428.8821,31527445000.0
2022-02-15,3428.0447,3447.4917,3421.6404,3446.0884,27555932000.0
2022-02-16,3457.073,3475.0576,3453.8015,3465.8306,27499391000.0
2022-02-17,3464.209,3480.9719,3454.2766,3468.0354,29726268000.0
2022-02-18,3451.6318,3490.7573,3447.0273,3490.7573,29514996000.0
2022-02-21,3488.4058,3492.1995,3471.6858,3490.6123,30154174000.0
2022-02-22,3473.2874,3473.3931,3437.6716,3457.146,32627948000.0
2022-02-23,3458.5139,3490.7632,3458.1794,3489.1465,32560490000.0
2022-02-24,3474.3691,3486.9773,3400.2136,3429.9563,48835490000.0
2022-02-25,3445.3362,3480.1755,3440.9338,3451.406,37754256000.0
2022-02-28,3450.3154,3462.3064,3425.5161,3462.3064,34583839000.0
2022-03-01,3471.3645,3491.1316,3465.7153,3488.8347,32600166000.0
2022-03-02,3478.2925,3486.6206,3467.0,3484.1917,32936768000.0
2022-03-03,3495.928,3500.2871,3473.3376,3481.1125,41259429000.0
2022-03-04,3459.9846,3474.8816,3437.6963,3447.6489,39352658000.0
2022-03-07,3438.5603,3438.5603,3360.7393,3372.8552,39358900000.0
2022-03-08,3372.5547,3383.6326,3287.3413,3293.53,41592677000.0
2022-03-09,3303.7061,3321.4812,3147.6768,3256.3884,46628557000.0
2022-03-10,3312.179,3326.5828,3291.2351,3296.0923,37833638000.0
2022-03-11,3259.3228,3315.6604,3217.4185,3309.7466,38406713000.0
2022-03-14,3271.8901,3297.7974,3223.5327,3223.5327,33796869000.0
2022-03-15,3192.3638,3196.916,3063.9651,3063.9651,46503716000.0
2022-03-16,3107.6689,3177.7881,3023.3044,3170.7102,44466719000.0
2022-03-17,3215.0105,3260.1672,3202.9336,3215.0444,42081346000.0
2022-03-18,3207.1521,3260.783,3197.3579,3251.0725,37303561000.0
2022-03-21,3255.6152,3267.4983,3223.3892,3253.6858,35422849000.0
2022-03-22,3249.5427,3279.1128,3239.5322,3259.8618,36119616000.0
2022-03-23,3264.7922,3279.8867,3251.9817,3271.0325,34987537000.0
2022-03-24,3256.0574,3266.8867,3236.6592,3250.2644,32900665000.0
2022-03-25,3247.1567,3257.1062,3211.6445,3212.24,34002001000.0
2022-03-28,3185.1667,3230.2153,3159.8347,3214.5027,34499487000.0
2022-03-29,3216.0117,3229.1765,3196.4553,3203.9392,31627365000.0
2022-03-30,3217.592,3266.5959,3216.3022,3266.5959,36675368000.0
2022-03-31,3256.137,3272.04,3246.063,3252.2029,39843993000.0
2022-04-01,3234.668,3287.2285,3226.2964,3282.7166,37821046000.0
2022-04-06,3269.427,3288.1079,3255.6895,3283.426,42964278000.0
2022-04-07,3267.8103,3290.2561,3236.479,3236.6951,40262666000.0
2022-04-08,3239.8767,3257.0938,3208.3521,3251.8501,41382680000.0
2022-04-11,3239.855,3239.855,3156.5066,3167.126,42416019000.0
2022-04-12,3165.1196,3214.5359,3140.8999,3213.3296,41832192000.0
2022-04-13,3199.7971,3225.467,3183.533,3186.8245,39115693000.0
2022-04-14,3203.6338,3240.0015,3200.2346,3225.6411,37124234000.0
2022-04-15,3210.6997,3229.8655,3200.1333,3211.2449,40784208000.0
2022-04-18,3185.9429,3204.0273,3166.9783,3195.5239,34736512000.0
2022-04-19,3192.0923,3207.8276,3174.7139,3194.0288,33994410000.0
2022-04-20,3189.8911,3191.8315,3142.0486,3151.0498,36204704000.0
2022-04-21,3138.4275,3160.8994,3069.6809,3079.8076,39193469000.0
2022-04-22,3058.4043,3105.6553,3049.3555,3086.9192,34200056000.0
2022-04-25,3034.2666,3043.8157,2928.5095,2928.5117,43360611000.0
2022-04-26,2930.4531,2957.6799,2878.2563,2886.4258,40161515000.0
2022-04-27,2866.8162,2959.178,2863.6497,2958.282,42306019000.0
2022-04-28,2945.8108,2991.51,2936.7942,2975.4849,37537178000.0
2022-04-29,2986.0605,3048.4941,2968.334,3047.0625,42393279000.0
2022-05-05,3044.8491,3082.2295,3042.1155,3067.7588,38307288000.0
2022-05-06,3011.3186,3030.6926,2992.7151,3001.5605,34326422000.0
2022-05-09,2990.199,3015.9424,2983.6118,3004.1409,29206156000.0
2022-05-10,2965.7759,3043.7788,2957.3967,3035.8442,37066098000.0
2022-05-11,3035.3894,3100.8999,3034.6746,3058.7026,42399191000.0
2022-05-12,3044.7998,3072.1575,3032.9453,3054.9939,34444048000.0
2022-05-13,3068.0332,3086.0957,3059.2527,3084.2844,33173785000.0
2022-05-16,3100.55,3102.5769,3063.3977,3073.7488,33810849000.0
2022-05-17,3076.4983,3093.6965,3057.6406,3093.6965,33035654000.0
2022-05-18,3095.8862,3105.8418,3071.3049,3085.9768,31503792000.0
2022-05-19,3046.7104,3096.9648,3042.6743,3096.9648,33660075000.0
2022-05-20,3107.094,3146.5674,3107.094,3146.5674,37233664000.0
2022-05-23,3150.4897,3150.5093,3127.8987,3146.8574,35337633000.0
2022-05-24,3149.0591,3153.1299,3070.9272,3070.9272,41631216000.0
2022-05-25,3070.1702,3107.6279,3069.9458,3107.4641,34225923000.0
2022-05-26,3111.4817,3133.2766,3079.4812,3123.1079,37030552000.0
2022-05-27,3135.0315,3151.0471,3112.5442,3130.2395,35946387000.0
2022-05-30,3141.9561,3150.8923,3123.1494,3149.0608,34936229000.0
2022-05-31,3149.9443,3188.6025,3142.0044,3186.427,37452327000.0
2022-06-01,3179.6948,3190.6094,3160.0398,3182.1565,36566443000.0
2022-06-02,3170.3054,3197.2817,3163.7556,3195.458,36177063000.0
2022-06-06,3196.9551,3237.071,3181.647,3236.3718,42202784000.0
2022-06-07,3235.416,3253.093,3222.6355,3241.7634,40220322000.0
2022-06-08,3245.0173,3266.6299,3216.0149,3263.7935,43418327000.0
2022-06-09,3259.49,3270.5571,3223.4751,3238.9543,42272837000.0
2022-06-10,3214.1848,3286.6194,3210.8083,3284.834,43986573000.0
2022-06-13,3256.2749,3272.9905,3229.3088,3255.551,43857831000.0
2022-06-14,3224.2141,3289.1343,3195.8191,3288.9065,45038819000.0
2022-06-15,3289.1035,3358.5454,3288.8513,3305.4065,55058413000.0
2022-06-16,3306.8352,3319.689,3277.5305,3285.3845,43322087000.0
2022-06-17,3265.5125,3323.2798,3262.8936,3316.7856,39530070000.0
2022-06-20,3315.7832,3333.9026,3292.928,3315.4302,41346041000.0
2022-06-21,3313.7874,3329.3899,3279.8269,3306.7185,39445689000.0
2022-06-22,3309.1184,3311.021,3266.5427,3267.2017,37552978000.0
2022-06-23,3269.0544,3320.1487,3262.2939,3320.1487,40061421000.0
2022-06-24,3324.7361,3356.7146,3322.9497,3349.7471,39081973000.0
2022-06-27,3364.0029,3393.3091,3364.0029,3379.1853,41411774000.0
2022-06-28,3377.6792,3412.1018,3358.8667,3409.2102,41205652000.0
2022-06-29,3399.678,3414.6467,3358.4675,3361.5176,44057356000.0
2022-06-30,3358.9338,3417.0085,3358.9338,3398.6162,38124318000.0
2022-07-01,3400.2617,3404.0522,3378.3621,3387.6372,35048930000.0
2022-07-04,3381.8193,3405.6184,3364.0947,3405.4268,35773792000.0
2022-07-05,3411.1296,3424.8367,3372.0623,3404.0251,41169967000.0
2022-07-06,3391.0266,3391.0266,3333.0964,3355.3496,38463005000.0
2022-07-07,3353.1284,3375.8596,3332.3091,3364.3979,33440020000.0
2022-07-08,3380.3687,3386.3149,3354.1208,3356.0779,32292107000.0
2022-07-11,3341.1016,3341.1016,3297.0049,3313.584,34266919000.0
2022-07-12,3307.2212,3319.2512,3277.0793,3281.4666,33460054000.0
2022-07-13,3279.6025,3297.0186,3266.4812,3284.2917,33184567000.0
2022-07-14,3277.4546,3299.2512,3261.4934,3281.7439,35592643000.0
2022-07-15,3261.3826,3288.9199,3228.0608,3228.0608,38015637000.0
2022-07-18,3235.0881,3278.4714,3226.2314,3278.1033,34834602000.0
2022-07-19,3278.7222,3283.9294,3256.0151,3279.4314,31565192000.0
2022-07-20,3291.5508,3308.3472,3287.7441,3304.7244,30151512000.0
2022-07-21,3297.6614,3300.5344,3272.0012,3272.0012,33235871000.0
2022-07-22,3276.1965,3293.6438,3246.7312,3269.9739,30069007000.0
2022-07-25,3269.707,3273.1836,3243.031,3250.3879,27124574000.0
2022-07-26,3254.1853,3282.4133,3246.0439,3277.4355,25946867600.0
2022-07-27,3271.7825,3282.574,3265.7268,3275.7554,24913148500.0
2022-07-28,3287.502,3305.7058,3277.1079,3282.5757,28805506000.0
2022-07-29,3282.8113,3294.8044,3246.3677,3253.2383,30733105000.0
2022-08-01,3246.6162,3264.3042,3225.5532,3259.9585,29220481000.0
2022-08-02,3231.2622,3231.2622,3155.1865,3186.2664,39417617000.0
2022-08-03,3188.8906,3217.5496,3159.457,3163.6741,32488567000.0
2022-08-04,3179.4277,3190.9993,3155.7039,3189.0391,26089894300.0
2022-08-05,3195.2273,3228.8862,3184.4548,3227.0266,27468373000.0
2022-08-08,3218.8511,3237.9692,3214.0825,3236.9336,25426805000.0
2022-08-09,3235.7351,3248.7717,3227.5393,3247.4319,25960546700.0
2022-08-10,3242.3623,3253.1663,3217.8064,3230.02,25758359200.0
2022-08-11,3243.4717,3281.6653,3237.9041,3281.6653,30060538000.0
2022-08-12,3275.77,3288.2234,3272.8406,3276.8877,29993293000.0
2022-08-15,3268.3652,3286.8911,3261.8152,3276.0869,28710677000.0
2022-08-16,3278.6755,3295.0227,3271.5703,3277.8848,30359227000.0
2022-08-17,3282.1008,3295.9976,3263.3484,3292.5259,32612476000.0
2022-08-18,3286.3669,3289.1416,3270.5583,3277.5437,30169478000.0
2022-08-19,3275.6228,3286.4912,3258.0637,3258.0784,33353547000.0
2022-08-22,3249.7046,3278.1655,3247.187,3277.7942,31453787000.0
2022-08-23,3274.427,3284.5962,3262.6331,3276.2234,31656636000.0
2022-08-24,3279.1716,3281.8752,3212.386,3215.2034,36614058000.0
2022-08-25,3223.4646,3248.3506,3199.1243,3246.248,33619617000.0
2022-08-26,3250.6277,3266.2737,3232.2766,3236.2227,30992755000.0
2022-08-29,3203.1023,3240.7275,3198.9961,3240.7275,29701510000.0
2022-08-30,3240.1836,3243.7461,3212.6345,3227.2202,29431891000.0
2022-08-31,3216.5256,3232.0159,3184.3936,3202.1377,34440883000.0
2022-09-01,3196.5366,3214.5583,3181.6255,3184.9797,27466054000.0
2022-09-02,3189.6438,3198.2813,3173.793,3186.478,25045691100.0
2022-09-05,3183.946,3199.9119,3172.0393,3199.9119,28067563000.0
2022-09-06,3207.9331,3244.6353,3203.8162,3243.4465,31886969000.0
2022-09-07,3232.1367,3253.7671,3227.8225,3246.2942,30101447000.0
2022-09-08,3245.5569,3253.7004,3233.8008,3235.5862,28168036000.0
2022-09-09,3241.1809,3266.1975,3236.5078,3262.0542,28382767000.0
2022-09-13,3272.0493,3278.166,3259.6643,3263.7971,27618982000.0
2022-09-14,3224.6782,3250.8025,3221.9609,3237.542,25519336500.0
2022-09-15,3248.9722,3254.179,3174.3899,3199.9187,32520612000.0
2022-09-16,3189.8264,3191.8264,3126.3972,3126.3977,31647589000.0
2022-09-19,3122.7549,3135.5564,3101.2207,3115.6018,24911366200.0
2022-09-20,3127.8357,3140.0251,3114.0369,3122.4058,21994253400.0
2022-09-21,3116.0066,3129.8245,3091.2966,3117.1775,23297249600.0
2022-09-22,3098.7683,3125.6797,3092.8188,3108.9097,22114068900.0
2022-09-23,3106.8054,3124.6582,3072.241,3088.3694,24305771900.0
2022-09-26,3067.5688,3102.6543,3048.5144,3051.2261,26269862800.0
2022-09-27,3056.3916,3094.0388,3048.365,3093.8618,23273530300.0
2022-09-28,3089.0974,3089.0974,3044.864,3045.0669,23009865000.0
2022-09-29,3067.4727,3076.7615,3026.0791,3041.2046,23003041600.0
2022-09-30,3042.1665,3054.6128,3021.9309,3024.3904,20411533600.0
2022-10-10,3026.9353,3029.4478,2968.281,2974.1455,24340482800.0
2022-10-11,2978.0618,2986.9116,2953.4954,2979.7925,20863595000.0
2022-10-12,2976.7168,3025.5056,2934.0923,3025.5056,24801355700.0
2022-10-13,3008.3015,3036.2485,3004.4963,3016.3562,24968328100.0
2022-10-14,3035.0342,3084.2725,3035.0342,3071.9868,27730406000.0
2022-10-17,3060.5176,3087.1943,3052.7148,3084.9424,26260861800.0
2022-10-18,3094.9272,3099.9182,3074.2163,3080.9575,24563475700.0
2022-10-19,3073.2617,3081.3904,3044.3777,3044.3777,23089531000.0
2022-10-20,3029.3027,3070.2649,3013.6929,3035.0503,24473614500.0
2022-10-21,3038.0359,3055.4158,3026.9602,3038.9292,24525412200.0
2022-10-24,3034.7458,3064.4211,2965.1675,2977.5554,29808536000.0
2022-10-25,2969.156,3001.7151,2944.2607,2976.283,25555416000.0
2022-10-26,2977.5642,3028.3479,2977.5642,2999.5037,26868949000.0
2022-10-27,3005.0374,3017.2629,2981.689,2982.9028,26560825400.0
2022-10-28,2967.0222,2974.2361,2908.9832,2915.9258,29253131000.0
2022-10-31,2893.1963,2926.0149,2885.0894,2893.4829,30199420000.0
2022-11-01,2899.4985,2969.1995,2896.7571,2969.1995,31980958000.0
2022-11-02,2960.6465,3019.0486,2954.9478,3003.3699,32507825000.0
2022-11-03,2981.2039,3003.7207,2977.7163,2997.8057,25934856700.0
2022-11-04,2996.9971,3081.5903,2996.9971,3070.7964,32980674000.0
2022-11-07,3062.8589,3088.1926,3054.457,3077.8169,32056710000.0
2022-11-08,3077.3057,3078.2759,3047.4624,3064.4929,25652200700.0
2022-11-09,3064.4634,3073.9182,3046.188,3048.1675,23563732400.0
2022-11-10,3031.6914,3047.9802,3022.8506,3036.1318,27037180000.0
2022-11-11,3099.6499,3117.7419,3070.3008,3087.2925,40960453000.0
2022-11-14,3100.8669,3121.4055,3075.2151,3083.4014,36178822000.0
2022-11-15,3081.135,3135.5903,3074.4983,3134.0779,33147058000.0
2022-11-16,3133.6504,3145.7527,3115.3452,3119.9805,30342984000.0
2022-11-17,3110.9648,3115.4351,3087.1736,3115.4348,28702841000.0
2022-11-18,3116.729,3126.7107,3096.8857,3097.2432,29995428000.0
2022-11-21,3078.0569,3085.2427,3056.1704,3085.0444,25604554900.0
2022-11-22,3084.2329,3118.1196,3076.3213,3088.9426,32756593000.0
2022-11-23,3084.7402,3108.2439,3075.3242,3096.9072,32615545000.0
2022-11-24,3104.0955,3113.2393,3084.8555,3089.3096,26748292800.0
2022-11-25,3085.4612,3111.4214,3077.967,3101.6931,31143198000.0
2022-11-28,3055.2898,3080.1843,3034.7046,3078.5486,30581128000.0
2022-11-29,3096.1125,3152.0027,3096.1125,3149.7478,39144975000.0
2022-11-30,3141.3992,3158.5732,3137.3687,3151.3352,37271832000.0
2022-12-01,3187.99,3198.4087,3164.5349,3165.4712,38701306000.0
2022-12-02,3160.5789,3170.8979,3149.8406,3156.1443,30781248000.0
2022-12-05,3181.9155,3213.4395,3177.0642,3211.8145,44739844000.0
2022-12-06,3200.2749,3224.822,3195.0789,3212.5334,37359030000.0
2022-12-07,3204.9353,3226.0818,3188.6704,3199.6194,35411308000.0
2022-12-08,3196.0156,3206.7151,3187.2566,3197.3499,32096929000.0
2022-12-09,3197.1184,3212.106,3182.9067,3206.9502,37334321000.0
2022-12-12,3195.8679,3196.7246,3176.5752,3179.0417,33338179000.0
2022-12-13,3179.4353,3187.2036,3171.4827,3176.3254,28582120000.0
2022-12-14,3178.5542,3189.835,3168.5925,3176.5254,26562356900.0
2022-12-15,3177.1995,3179.1001,3158.4514,3168.6477,24302333300.0
2022-12-16,3156.135,3175.3525,3151.6089,3167.8577,25977179500.0
2022-12-19,3165.3091,3170.2551,3096.0981,3107.115,27851354000.0
2022-12-20,3098.9531,3100.7478,3061.5098,3073.7659,21883676600.0
2022-12-21,3078.3313,3085.7952,3060.5542,3068.4104,18906792000.0
2022-12-22,3085.8003,3096.2449,3044.5991,3054.4314,22363953700.0
2022-12-23,3038.8416,3061.8669,3031.5359,3045.8665,19202030500.0
2022-12-26,3048.1963,3071.8362,3047.3491,3065.5625,20650389300.0
2022-12-27,3077.7468,3098.0784,3074.3132,3095.5679,22221832200.0
2022-12-28,3088.6174,3098.6497,3079.4338,3087.3997,22455415100.0
2022-12-29,3076.7263,3086.0049,3064.4595,3073.7017,21557067600.0
2022-12-30,3084.5227,3096.3135,3082.1963,3089.2578,21754534400.0
2023-01-03,3087.5129,3119.8557,3073.054,3116.512,28137036000.0
2023-01-04,3117.571,3129.0938,3109.4512,3123.5164,27331363000.0
2023-01-05,3132.7615,3159.427,3130.23,3155.2163,25700301800.0
2023-01-06,3155.0747,3170.7417,3151.8408,3157.6365,25738025500.0
2023-01-09,3169.3738,3183.583,3165.4282,3176.0845,25811521800.0
2023-01-10,3178.022,3178.157,3165.1445,3169.5071,23298417500.0
2023-01-11,3172.376,3184.7571,3160.8896,3161.8376,23774286900.0
2023-01-12,3167.2729,3171.5906,3153.4038,3163.4509,21667130500.0
2023-01-13,3170.3547,3195.3066,3167.5098,3195.3059,22022689700.0
2023-01-16,3198.5188,3251.3738,3197.3186,3227.5916,30674955000.0
2023-01-17,3229.4353,3231.2644,3211.7573,3224.2449,22659223000.0
2023-01-18,3227.5947,3234.8169,3220.3704,3224.406,21210973000.0
2023-01-19,3221.5178,3240.2793,3210.3826,3240.2793,22646503000.0
2023-01-20,3247.2031,3267.0579,3247.2031,3264.8137,27321918000.0
2023-01-30,3308.8694,3310.4902,3266.7581,3269.3181,35332583000.0
2023-01-31,3266.1443,3277.2524,3252.0144,3255.6692,30016296000.0
2023-02-01,3262.196,3284.9224,3245.4114,3284.9214,33950941000.0
2023-02-02,3291.7827,3295.7637,3272.4141,3285.6704,33341313000.0
2023-02-03,3275.6577,3275.6577,3235.3533,3263.406,29334281000.0
2023-02-06,3244.7007,3250.3513,3226.2112,3238.6978,26705310700.0
2023-02-07,3245.2297,3250.033,3233.8335,3248.094,25094645000.0
2023-02-08,3251.5005,3257.114,3230.4392,3232.1062,23453048100.0
2023-02-09,3227.7278,3270.3826,3225.7725,3270.3826,25475452900.0
2023-02-10,3266.4368,3269.9944,3247.2295,3260.6733,26062692600.0
2023-02-13,3256.988,3285.0913,3252.6328,3284.1599,29721319000.0
2023-02-14,3288.9741,3293.7339,3279.1895,3293.2825,27097417000.0
2023-02-15,3294.0149,3296.1995,3274.5505,3280.4919,26993912000.0
2023-02-16,3281.7351,3308.8279,3231.342,3249.0295,38086355000.0
2023-02-17,3244.7324,3262.4729,3223.2581,3224.0244,27845124000.0
2023-02-20,3230.4729,3291.0388,3225.8428,3290.3384,32500773000.0
2023-02-21,3291.6311,3308.7908,3282.436,3306.5237,32440945000.0
2023-02-22,3292.0488,3307.0342,3286.7207,3291.1477,25540398500.0
2023-02-23,3293.522,3307.4385,3275.3621,3287.4771,26232430400.0
2023-02-24,3287.2554,3288.3921,3253.9749,3267.1597,23420630600.0
2023-02-27,3256.9998,3276.5791,3251.7212,3258.0344,24285534400.0
2023-02-28,3265.7419,3280.4153,3246.1445,3279.6052,25162503200.0
2023-03-01,3279.1365,3315.1604,3272.0352,3312.3479,31839870000.0
2023-03-02,3308.0112,3320.7441,3306.4553,3310.6536,32852002000.0
2023-03-03,3314.7727,3330.6045,3302.623,3328.3926,34399692000.0
2023-03-06,3332.0234,3333.062,3308.7256,3322.0259,34053045000.0
2023-03-07,3320.2109,3342.8584,3284.4099,3285.0989,38995796000.0
2023-03-08,3271.8799,3283.2478,3263.6926,3283.2478,26044354700.0
2023-03-09,3285.9426,3289.0601,3260.0,3276.0938,26402185900.0
2023-03-10,3255.5122,3262.147,3229.4958,3230.0767,28113541000.0
2023-03-13,3228.1238,3268.6956,3228.1238,3268.6956,29492809000.0
2023-03-14,3261.9219,3262.0024,3216.9927,3245.3123,31990603000.0
2023-03-15,3261.0283,3273.1233,3256.8567,3263.3147,30516880000.0
2023-03-16,3244.47,3257.4331,3224.7224,3226.8911,32738963000.0
2023-03-17,3245.2605,3279.9229,3240.157,3250.5459,34300102000.0
2023-03-20,3253.9302,3267.9932,3231.646,3234.9104,39251739000.0
2023-03-21,3240.8389,3255.9998,3237.8933,3255.6504,30181078000.0
2023-03-22,3263.4128,3279.3938,3255.7395,3265.7476,29084046000.0
2023-03-23,3258.7791,3286.6492,3252.9917,3286.6492,30611839000.0
2023-03-24,3282.739,3282.739,3260.8445,3265.6538,32451334000.0
2023-03-27,3261.8235,3261.8235,3229.7036,3251.3972,33786121000.0
2023-03-28,3256.6023,3264.0979,3241.7368,3245.376,29568266000.0
2023-03-29,3253.6211,3254.5564,3229.5847,3240.0569,29690051000.0
2023-03-30,3243.0684,3263.7378,3220.9846,3261.2485,29989830000.0
2023-03-31,3263.406,3278.4231,3260.0396,3272.8601,28361375000.0
2023-04-03,3277.3401,3299.7322,3276.4158,3296.396,35767678000.0
2023-04-04,3297.1831,3312.5615,3290.9924,3312.5579,38587162000.0
2023-04-06,3302.751,3314.5261,3296.0549,3312.6279,32715542000.0
2023-04-07,3312.4812,3328.8455,3308.061,3327.6458,28303225000.0
2023-04-10,3331.5051,3332.7151,3309.917,3315.3579,34081985000.0
2023-04-11,3317.0771,3317.4485,3298.2498,3313.5706,32056606000.0
2023-04-12,3316.8623,3330.708,3315.3992,3327.1816,34302532000.0
2023-04-13,3321.2732,3334.4697,3309.2515,3318.3638,34786211000.0
2023-04-14,3326.3704,3340.0764,3316.8101,3338.1526,33829928000.0
2023-04-17,3337.0605,3385.6096,3336.3882,3385.6096,40280993000.0
2023-04-18,3379.2268,3396.1746,3375.7803,3393.3313,34839949000.0
2023-04-19,3391.355,3394.959,3364.6418,3370.1284,34612344000.0
2023-04-20,3367.0525,3371.3679,3344.0161,3367.031,35035497000.0
2023-04-21,3363.9988,3367.6094,3301.2576,3301.2576,38739510000.0
2023-04-24,3300.8125,3303.0908,3264.9348,3275.4131,35425563000.0
2023-04-25,3276.4031,3288.5686,3229.446,3264.8716,38089573000.0
2023-04-26,3255.217,3277.9797,3239.9893,3264.1006,35791784000.0
2023-04-27,3256.2278,3299.301,3253.1118,3285.8845,34159053000.0
2023-04-28,3283.1223,3324.8809,3283.1223,3323.2747,40155479000.0
2023-05-04,3306.4827,3352.7463,3302.0276,3350.4587,48336492000.0
2023-05-05,3350.6538,3364.1416,3321.1873,3334.5027,43650449000.0
2023-05-08,3340.9905,3400.1765,3340.9905,3395.0037,53410366000.0
2023-05-09,3402.3938,3418.9534,3356.1184,3357.6707,57301331000.0
2023-05-10,3347.7014,3349.7212,3305.2505,3319.1506,45173973000.0
2023-05-11,3323.6582,3333.2495,3307.2888,3309.5513,35425827000.0
2023-05-12,3304.4583,3319.1306,3271.4312,3272.3618,34731498000.0
2023-05-15,3269.8782,3310.7368,3235.8679,3310.7368,38804589000.0
2023-05-16,3310.1606,3317.9011,3282.4917,3290.9873,32247941000.0
2023-05-17,3281.9663,3298.519,3269.8936,3284.2319,28574405000.0
2023-05-18,3288.4111,3313.8623,3284.168,3297.3198,30996747000.0
2023-05-19,3288.8911,3302.3423,3268.2241,3283.5417,28540406000.0
2023-05-22,3278.5959,3308.5325,3276.5398,3296.4695,27389000000.0
2023-05-23,3294.7876,3298.2256,3246.238,3246.238,27527908000.0
2023-05-24,3237.7046,3237.7046,3204.3813,3204.7495,28872026000.0
2023-05-25,3197.3645,3207.021,3168.5715,3201.2605,28358893000.0
2023-05-26,3198.8826,3220.7737,3179.8218,3212.5039,26170047900.0
2023-05-29,3219.7554,3230.9707,3208.9551,3221.4485,29738949000.0
2023-05-30,3214.6729,3230.6316,3186.6255,3224.2134,30353246000.0
2023-05-31,3214.655,3216.3596,3190.2737,3204.5645,29457334000.0
2023-06-01,3196.1548,3225.093,3189.5173,3204.6345,31233076000.0
2023-06-02,3212.449,3233.9917,3211.7371,3230.0686,29466710000.0
2023-06-05,3231.8108,3244.1802,3221.6255,3232.4409,27806020000.0
2023-06-06,3228.4067,3247.3491,3189.2693,3195.3403,30828587000.0
2023-06-07,3197.4678,3210.3296,3188.0054,3197.7588,25806340000.0
2023-06-08,3194.8347,3225.5264,3180.5354,3213.5854,29353074000.0
2023-06-09,3213.033,3231.4055,3206.1028,3231.4055,31415550000.0
2023-06-12,3225.3049,3239.4368,3210.7134,3228.8335,31378444000.0
2023-06-13,3223.8958,3235.0854,3215.4988,3233.6733,28062845000.0
2023-06-14,3238.1189,3248.4609,3226.7744,3228.9888,30353726000.0
2023-06-15,3230.4512,3252.9751,3229.1453,3252.9751,31325575000.0
2023-06-16,3256.2988,3276.5522,3255.4988,3273.334,32628185000.0
2023-06-19,3271.1636,3271.1636,3251.7788,3255.8057,32775305000.0
2023-06-20,3252.5435,3252.8435,3237.7856,3240.3647,29826060000.0
2023-06-21,3230.1143,3236.3625,3197.9011,3197.9011,29437737000.0
2023-06-26,3177.2292,3181.0757,3144.2483,3150.6189,30812981000.0
2023-06-27,3153.3132,3194.4087,3148.2656,3189.4426,28760433000.0
2023-06-28,3183.4866,3192.6589,3157.1228,3189.3757,27623195000.0
2023-06-29,3185.4243,3196.5024,3179.5251,3182.3811,25034007400.0
2023-06-30,3178.9243,3212.9929,3177.9912,3202.0623,26537987300.0
2023-07-03,3209.1624,3246.8606,3209.1624,3243.9751,31237140000.0
2023-07-04,3241.2305,3246.9575,3233.9895,3245.3491,27924872000.0
2023-07-05,3240.0486,3241.8352,3218.6023,3222.947,26401642600.0
2023-07-06,3215.8633,3229.48,3199.7163,3205.5747,24611903200.0
2023-07-07,3197.4717,3212.0471,3189.2114,3196.6091,25568846900.0
2023-07-10,3208.7349,3216.5349,3192.658,3203.6958,23656036700.0
2023-07-11,3211.1223,3221.6804,3200.3845,3221.3667,22760046700.0
2023-07-12,3220.3757,3224.3313,3193.4365,3196.1338,27142339000.0
2023-07-13,3202.6992,3238.4675,3202.6992,3236.48,27662051000.0
2023-07-14,3240.9695,3248.385,3233.9985,3237.7012,27332749000.0
2023-07-17,3219.0161,3219.0161,3195.8862,3209.6299,25020837600.0
2023-07-18,3206.7859,3210.2483,3190.0049,3197.8201,23503025900.0
2023-07-19,3195.0085,3204.3611,3181.561,3198.8357,21735586000.0
2023-07-20,3201.9111,3209.0554,3165.6738,3169.522,23893289100.0
2023-07-21,3163.4209,3185.6357,3157.3335,3167.7451,22533136300.0
2023-07-24,3157.4695,3178.7334,3151.1252,3164.1609,21659521100.0
2023-07-25,3201.4575,3231.7485,3201.4575,3231.5212,34861771000.0
2023-07-26,3228.0874,3229.8921,3212.8801,3223.0278,31720605000.0
2023-07-27,3225.4763,3245.6028,3210.47,3216.6709,32711887000.0
2023-07-28,3206.741,3280.2776,3200.9939,3275.9258,41106843000.0
2023-07-31,3287.209,3322.1292,3281.0132,3291.0398,45903099000.0
2023-08-01,3288.7605,3305.3401,3279.5657,3290.9492,45989083000.0
2023-08-02,3281.8584,3290.8203,3252.3037,3261.6902,40534150000.0
2023-08-03,3254.5652,3280.8635,3247.272,3280.4626,38469132000.0
2023-08-04,3296.0945,3315.0493,3281.7344,3288.0842,47092770000.0
2023-08-07,3276.7756,3276.7756,3258.5371,3268.8311,36034148000.0
2023-08-08,3260.7217,3274.5186,3246.6746,3260.6196,31652073000.0
2023-08-09,3251.1521,3257.0815,3240.2888,3244.4868,27121854000.0
2023-08-10,3242.2058,3257.0298,3234.1157,3254.5598,28741214000.0
2023-08-11,3254.4751,3254.4751,3189.248,3189.248,33013775000.0
2023-08-14,3159.7139,3180.5066,3141.655,3178.4272,29984033000.0
2023-08-15,3180.5579,3186.2339,3147.3459,3176.1758,27325192000.0
2023-08-16,3164.7019,3176.626,3149.7227,3150.1277,28172829000.0
2023-08-17,3137.3513,3167.4458,3123.2495,3163.7393,29469259000.0
2023-08-18,3165.0999,3179.116,3131.9529,3131.9529,29439035000.0
2023-08-21,3125.9897,3134.957,3092.9778,3092.9778,26575342300.0
2023-08-22,3103.7808,3126.7837,3074.5308,3120.3337,30931634000.0
2023-08-23,3116.2661,3116.3765,3077.6057,3078.4021,27224412000.0
2023-08-24,3085.9106,3106.1824,3072.9512,3082.2439,30002464000.0
2023-08-25,3068.615,3085.0471,3053.0374,3064.0747,29334769000.0
2023-08-28,3219.0432,3219.0432,3089.1194,3098.6362,48560776000.0
2023-08-29,3091.938,3145.761,3090.4377,3135.8867,39887578000.0
2023-08-30,3144.4067,3153.689,3126.9023,3137.1375,34751187000.0
2023-08-31,3134.553,3139.98,3113.9458,3119.8765,31344824000.0
2023-09-01,3126.0234,3143.8457,3123.1897,3133.2466,29231099000.0
2023-09-04,3145.9436,3177.0603,3143.3794,3177.0603,36639114000.0
2023-09-05,3169.7383,3169.7383,3150.0752,3154.3694,29406185000.0
2023-09-06,3147.1362,3162.1548,3136.8999,3158.0769,26700223000.0
2023-09-07,3152.2029,3152.2661,3120.823,3122.3523,26926473000.0
2023-09-08,3114.2295,3126.0413,3104.6743,3116.719,22812506400.0
2023-09-11,3119.6101,3155.1025,3113.8164,3142.7791,29044292000.0
2023-09-12,3140.3408,3147.5142,3134.3176,3137.0593,23467205100.0
2023-09-13,3137.7717,3143.7578,3106.9692,3123.0669,24970103800.0
2023-09-14,3124.8481,3135.0249,3111.8589,3126.551,26399013800.0
2023-09-15,3133.5884,3141.9641,3107.448,3117.7434,29202637000.0
2023-09-18,3110.4404,3128.7009,3098.4961,3125.9319,25944425700.0
2023-09-19,3123.9861,3131.1299,3113.5254,3124.9568,25365276100.0
2023-09-20,3118.667,3122.1277,3108.1577,3108.5679,22812446200.0
2023-09-21,3103.1753,3113.4939,3084.7009,3084.7009,22865910000.0
2023-09-22,3084.7566,3132.5579,3078.8008,3132.4316,28597835000.0
2023-09-25,3131.208,3131.208,3112.1504,3115.6072,25807188500.0
2023-09-26,3114.0215,3120.2888,3102.2727,3102.2727,22264431300.0
2023-09-27,3104.0396,3125.447,3103.844,3107.3157,24049583000.0
2023-09-28,3117.7549,3121.8352,3105.9397,3110.4753,23632998100.0
2023-10-09,3099.9998,3103.3596,3072.6418,3096.9224,26442220500.0
2023-10-10,3104.365,3109.9822,3073.1863,3075.2361,25532737900.0
2023-10-11,3085.699,3095.6594,3071.936,3078.9556,25991869200.0
2023-10-12,3101.7051,3109.9897,3092.177,3107.9006,27482800000.0
2023-10-13,3091.9973,3094.9153,3080.5481,3088.0991,25508523500.0
2023-10-16,3091.0647,3091.1257,3063.6855,3073.813,26388236300.0
2023-10-17,3076.4282,3084.0725,3064.8896,3083.4963,25901958800.0
2023-10-18,3076.5796,3076.5796,3057.0588,3058.7097,26864716000.0
2023-10-19,3043.1956,3043.1956,3004.7744,3005.3933,30403891000.0
2023-10-20,2995.3574,3006.2747,2977.1731,2983.0586,26711359400.0
2023-10-23,2969.7859,2973.6611,2923.5112,2939.2913,27890413000.0
2023-10-24,2944.3105,2964.7605,2929.0884,2962.2437,31098539000.0
2023-10-25,2986.4065,2993.2952,2972.4177,2974.1135,33239200000.0
2023-10-26,2960.1038,2990.3276,2956.0061,2988.2993,29181451000.0
2023-10-27,2978.4026,3029.2102,2974.8801,3017.7842,32180372000.0
2023-10-30,3009.6104,3028.2642,3002.3477,3021.5535,36060424000.0
2023-10-31,3019.646,3023.0015,3006.6089,3018.7705,31985997000.0
2023-11-01,3038.1821,3038.3303,3013.9331,3023.0764,28011045000.0
2023-11-02,3028.6648,3038.6421,3009.1211,3009.4058,26879458000.0
2023-11-03,3012.4653,3040.9807,3012.4653,3030.7976,26848635000.0
2023-11-06,3047.1301,3058.989,3037.6941,3058.4104,37294963000.0
2023-11-07,3052.9202,3064.5771,3042.469,3057.2698,32685346000.0
2023-11-08,3051.1531,3062.991,3037.2888,3052.3726,33567783000.0
2023-11-09,3047.6533,3063.4673,3045.8335,3053.2793,31562176000.0
2023-11-10,3043.5586,3044.0007,3027.0879,3038.97,28554650000.0
2023-11-13,3044.032,3048.6208,3028.168,3046.533,29043059000.0
2023-11-14,3046.8171,3059.5293,3044.4258,3056.0703,29484473000.0
2023-11-15,3077.0291,3080.1284,3064.3464,3072.8347,30425011000.0
2023-11-16,3066.8555,3071.4521,3050.9258,3050.9258,27107946000.0
2023-11-17,3043.6169,3055.8562,3033.7473,3054.3655,26760639300.0
2023-11-20,3056.9268,3072.5134,3043.5149,3068.3191,28755700000.0
2023-11-21,3074.8281,3089.7737,3063.345,3067.9329,33073310000.0
2023-11-22,3060.4983,3067.9624,3043.6111,3043.6111,28905649000.0
2023-11-23,3041.678,3062.8665,3034.2969,3061.8562,27659206000.0
2023-11-24,3060.3306,3060.3306,3037.2012,3040.9717,28778841000.0
2023-11-27,3038.1863,3038.3579,3015.0076,3031.7002,31051787000.0
2023-11-28,3028.5984,3039.6946,3020.2307,3038.5544,26892075000.0
2023-11-29,3038.4641,3038.9768,3017.6611,3021.6875,27795645000.0
2023-11-30,3021.1025,3030.9087,3013.7678,3029.6726,28294536000.0
2023-12-01,3027.353,3035.76,3010.2334,3031.6357,28608970000.0
2023-12-04,3033.2981,3038.9795,3022.3477,3022.9138,28816205000.0
2023-12-05,3017.0103,3017.0103,2972.2959,2972.2959,29394328000.0
2023-12-06,2966.9475,2985.3142,2959.603,2968.9333,29410419000.0
2023-12-07,2965.6523,2976.0149,2949.1438,2966.2061,29624369000.0
2023-12-08,2965.3901,2980.8345,2962.3269,2969.5593,36913871000.0
2023-12-11,2956.2905,2995.6699,2930.4221,2991.4385,36021634000.0
2023-12-12,2986.3281,3003.7456,2980.4463,3003.4377,28763876000.0
2023-12-13,2997.3357,2997.3357,2968.7605,2968.7605,28275410000.0
2023-12-14,2979.699,2986.1772,2958.0659,2958.9856,27145765000.0
2023-12-15,2966.3015,2976.3093,2940.0266,2942.5569,28932764000.0
2023-12-18,2936.5752,2951.1479,2924.3254,2930.8037,29308700000.0
2023-12-19,2928.7632,2940.5015,2914.1252,2932.3909,26592698000.0
2023-12-20,2932.1187,2937.1011,2902.0396,2902.1096,26556245400.0
2023-12-21,2892.02,2924.2561,2882.0195,2918.7148,28254183000.0
2023-12-22,2919.2878,2935.7002,2906.5095,2914.7751,29662837000.0
2023-12-25,2909.875,2920.6323,2903.9871,2918.8125,22981417800.0
2023-12-26,2917.9707,2917.9707,2892.8374,2898.8787,22814085500.0
2023-12-27,2900.1492,2917.9563,2890.165,2914.6138,24790088200.0
2023-12-28,2913.1096,2961.6477,2909.3887,2954.7036,33921312000.0
2023-12-29,2950.8372,2975.032,2950.0173,2974.9348,29067269000.0
2024-01-02,2972.7749,2976.2683,2962.2761,2962.2761,30414179000.0
2024-01-03,2957.1118,2971.2834,2953.29,2967.2473,28545595000.0
2024-01-04,2965.5088,2966.6829,2936.6348,2954.3486,26498092400.0
2024-01-05,2949.822,2967.9678,2916.7207,2929.1833,30104024000.0
2024-01-08,2923.457,2924.4558,2887.5378,2887.5378,27027506000.0
2024-01-09,2887.1096,2900.7266,2878.4124,2893.2512,26295597500.0
2024-01-10,2886.9807,2903.1621,2870.4155,2877.7024,24404652600.0
2024-01-11,2873.7981,2896.1787,2867.7224,2886.6501,26705076400.0
2024-01-12,2880.0398,2904.1743,2878.8752,2881.9768,26160293100.0
2024-01-15,2872.5562,2904.4644,2869.2236,2886.2908,24461123600.0
2024-01-16,2881.5603,2896.6831,2861.1301,2893.9885,28628671000.0
2024-01-17,2887.2917,2887.4893,2833.6152,2833.6152,26125130800.0
2024-01-18,2822.6672,2849.2559,2760.978,2845.7839,39039686000.0
2024-01-19,2836.9749,2849.8755,2822.8435,2832.2793,26666438800.0
2024-01-22,2826.5034,2828.3203,2735.3721,2756.3398,35016576000.0
2024-01-23,2746.8923,2784.8408,2724.1572,2770.9763,30874942000.0
2024-01-24,2782.1416,2823.6953,2743.3972,2820.772,36907060000.0
2024-01-25,2823.8259,2906.7939,2821.7092,2906.1086,44200905000.0
2024-01-26,2897.9148,2924.3064,2890.4819,2910.2227,42110908000.0
2024-01-29,2910.6072,2923.8992,2883.3328,2883.356,41058131000.0
2024-01-30,2866.2795,2881.3467,2829.2498,2830.5266,33566123000.0
2024-01-31,2815.5042,2834.011,2782.5869,2788.5481,37710397000.0
2024-02-01,2773.4238,2805.0146,2752.7825,2770.7402,35288919000.0
2024-02-02,2773.2949,2791.6755,2666.3335,2730.1521,42623020000.0
2024-02-05,2716.0811,2739.7383,2635.0896,2702.1851,47899029000.0
2024-02-06,2680.4846,2802.9312,2669.6731,2789.4861,50284931000.0
2024-02-07,2791.5144,2829.6956,2770.5293,2829.6956,54711744000.0
2024-02-08,2832.4856,2867.4739,2827.9021,2865.9033,53110889000.0
2024-02-19,2886.5872,2910.5439,2867.7102,2910.5439,45896770000.0
2024-02-20,2902.8765,2927.3081,2887.4741,2922.7302,35013874000.0
2024-02-21,2906.0244,2994.615,2898.0496,2950.9556,44424546000.0
2024-02-22,2945.4465,2988.3579,2944.4988,2988.3579,35413254000.0
2024-02-23,2992.9116,3009.136,2979.9729,3004.8811,38008327000.0
2024-02-26,3002.1179,3009.479,2967.0571,2977.0222,40902656000.0
2024-02-27,2966.4165,3015.4807,2961.1479,3015.4807,37298469000.0
2024-02-28,3016.2556,3031.488,2957.8523,2957.8523,54410909000.0
2024-02-29,2943.6243,3015.1711,2943.6243,3015.1711,40969637000.0
2024-03-01,3013.823,3032.2314,3003.7632,3027.0205,37913218000.0
2024-03-04,3026.6072,3040.3447,3007.6829,3039.3054,38776000000.0
2024-03-05,3027.1028,3052.5413,3022.1777,3047.7932,38350996000.0
2024-03-06,3041.7517,3060.563,3034.3535,3039.9309,34098274000.0
2024-03-07,3040.2112,3063.6924,3023.1177,3027.4014,37715439000.0
2024-03-08,3026.1653,3049.1941,3016.9033,3046.0193,31920439000.0
2024-03-11,3042.6189,3068.4553,3035.4451,3068.4553,36160882000.0
2024-03-12,3068.1819,3075.1309,3044.8572,3055.9351,41574391000.0
2024-03-13,3053.3413,3061.9509,3031.8984,3043.8347,36504745000.0
2024-03-14,3042.4131,3059.9976,3020.637,3038.2339,36407229000.0
2024-03-15,3031.5229,3056.4473,3023.2151,3054.636,36026846000.0
2024-03-18,3057.2092,3085.3125,3055.9221,3084.9263,40665351000.0
2024-03-19,3077.9805,3090.0459,3062.6279,3062.7559,38412368000.0
2024-03-20,3058.6477,3081.7546,3056.645,3079.6858,34918773000.0
2024-03-21,3084.4116,3090.0513,3069.272,3077.113,36687797000.0
2024-03-22,3070.5481,3073.2058,3027.7615,3048.0337,39474049000.0
2024-03-25,3040.501,3065.261,3026.3054,3026.3054,38748539000.0
2024-03-26,3026.9219,3036.4939,3006.2598,3031.481,34592879000.0
2024-03-27,3026.8137,3030.4495,2993.1389,2993.1389,34319801000.0
2024-03-28,2988.5898,3033.3667,2984.1201,3010.6636,35320003000.0
2024-03-29,3008.3757,3041.2979,3008.1672,3041.167,33482279000.0
2024-04-01,3049.0208,3078.4883,3049.0208,3077.3787,37539364000.0
2024-04-02,3076.8752,3085.5366,3063.9807,3074.9585,36730426000.0
2024-04-03,3074.8928,3079.02,3057.3972,3069.2959,36321138000.0
2024-04-08,3057.3254,3077.3513,3045.4692,3047.0525,40293674000.0
2024-04-09,3044.6135,3051.5852,3033.209,3048.5369,33348997000.0
2024-04-10,3045.9609,3049.6072,3013.5896,3027.335,34899172000.0
2024-04-11,3013.5728,3050.3372,3009.8972,3034.2463,34089439000.0
2024-04-12,3035.5774,3043.5598,3014.8296,3019.4734,33422977000.0
2024-04-15,3013.6721,3066.9412,2995.542,3057.3777,46123924000.0
2024-04-16,3043.5505,3052.4346,3005.3401,3007.0681,44807047000.0
2024-04-17,3008.0613,3071.3806,3002.0564,3071.3806,41335837000.0
2024-04-18,3060.031,3102.5527,3057.7605,3074.2246,41632135000.0
2024-04-19,3060.2988,3080.3228,3055.0576,3065.261,37554386000.0
2024-04-22,3059.0649,3078.4226,3042.542,3044.5952,35721640000.0
2024-04-23,3038.6118,3044.9438,3016.5168,3021.9775,32559513000.0
2024-04-24,3029.4028,3045.6399,3019.1238,3044.8223,30526409000.0
2024-04-25,3037.9272,3060.2634,3034.6499,3052.8999,29228015000.0
2024-04-26,3054.9792,3092.4299,3054.9792,3088.6357,43938256000.0
2024-04-29,3086.6819,3119.6858,3080.5857,3113.0432,50692545000.0
2024-04-30,3110.1594,3123.2876,3104.2942,3104.8245,44021321000.0
2024-05-06,3132.5115,3142.3816,3126.7688,3140.7205,45065690000.0
2024-05-07,3139.6638,3151.219,3133.6904,3147.738,37910256000.0
2024-05-08,3141.4873,3144.9856,3126.1729,3128.4797,33400032000.0
2024-05-09,3128.1643,3158.4646,3128.1643,3154.3201,36088146000.0
2024-05-10,3158.5891,3163.144,3137.1516,3154.5471,38428750000.0
2024-05-13,3139.4753,3157.3655,3126.1697,3148.0208,39703057000.0
2024-05-14,3148.8489,3155.8071,3137.6091,3145.7744,34352619000.0
2024-05-15,3141.2517,3142.9724,3117.9287,3119.9021,32102796000.0
2024-05-16,3127.1841,3137.8779,3116.1626,3122.4009,36741736000.0
2024-05-17,3121.7126,3154.0264,3116.7842,3154.0264,38391524000.0
2024-05-20,3156.1482,3174.2659,3155.9902,3171.145,42686728000.0
2024-05-21,3164.6826,3165.2236,3148.342,3157.9658,33578357000.0
2024-05-22,3157.189,3166.9192,3152.457,3158.5398,35409808000.0
2024-05-23,3149.8752,3150.6282,3110.2773,3116.387,35394373000.0
2024-05-24,3110.7534,3130.4246,3087.7942,3088.8706,30653228000.0
2024-05-27,3094.1399,3125.5063,3091.9893,3124.0427,31939677000.0
2024-05-28,3122.3877,3130.3103,3106.3645,3109.572,31006697000.0
2024-05-29,3108.0266,3128.1365,3100.9797,3111.0176,28997035000.0
2024-05-30,3103.7078,3121.218,3085.384,3091.6777,30238076000.0
2024-05-31,3094.7588,3107.6035,3086.8135,3086.8135,27607282000.0
2024-06-03,3085.9814,3097.2043,3061.2766,3078.4888,35756336000.0
2024-06-04,3071.3196,3095.322,3063.5879,3091.1992,30928760000.0
2024-06-05,3086.0508,3092.3459,3064.7358,3065.4033,29054234000.0
2024-06-06,3069.4392,3077.6726,3040.8296,3048.7939,36986710000.0
2024-06-07,3053.9153,3065.0247,3031.0442,3051.2788,31634248000.0
2024-06-11,3042.1338,3043.1997,3013.8611,3028.0452,31048194000.0
2024-06-12,3025.2964,3042.0422,3021.3086,3037.4675,27945211000.0
2024-06-13,3038.0859,3040.4021,3022.8225,3028.9187,29786246000.0
2024-06-14,3020.9587,3037.9045,3011.5774,3032.6333,34874675000.0
2024-06-17,3017.7168,3026.6243,3012.0452,3015.8906,29576345000.0
2024-06-18,3015.0713,3031.9758,3012.5234,3030.2463,27362600000.0
2024-06-19,3029.0994,3030.2258,3015.3264,3018.0491,26129624800.0
2024-06-20,3015.7224,3028.5144,3001.7676,3005.437,29551591000.0
2024-06-21,2998.2412,3011.9141,2985.9292,2998.1377,25500125100.0
2024-06-24,2982.8264,2990.6428,2960.1267,2963.0989,29865388000.0
2024-06-25,2962.7654,2971.6533,2935.5381,2949.9963,27320994000.0
2024-06-26,2943.447,2976.6689,2933.3303,2972.5251,28238841000.0
2024-06-27,2962.6963,2963.0645,2944.8979,2945.8523,27054852000.0
2024-06-28,2940.3032,2985.468,2939.9839,2967.4028,31520143000.0
2024-07-01,2965.2451,2996.4087,2961.8557,2994.7302,29778224000.0
2024-07-02,2992.8557,3004.9871,2989.4702,2997.011,28136468000.0
2024-07-03,2995.6643,2998.5369,2978.0686,2982.3755,24628464200.0
2024-07-04,2984.8303,2995.5696,2955.2896,2957.5669,27426879000.0
2024-07-05,2954.3723,2957.1069,2920.2046,2949.9333,27232456000.0
2024-07-08,2939.8367,2947.6101,2917.2322,2922.4497,27753342000.0
2024-07-09,2919.573,2963.7822,2904.0388,2959.3723,31506203000.0
2024-07-10,2949.0261,2958.8594,2935.3303,2939.3635,30154946000.0
2024-07-11,2957.2502,2971.3608,2947.4026,2970.3875,32837242000.0
2024-07-12,2965.6121,2977.1416,2963.3032,2971.2949,30371301000.0
2024-07-15,2963.8472,2977.3125,2959.1289,2974.0107,26899260000.0
2024-07-16,2963.9001,2977.3613,2959.6655,2976.3042,26078363000.0
2024-07-17,2970.8081,2972.7949,2957.948,2962.855,28230799000.0
2024-07-18,2951.1433,2978.0918,2937.9045,2977.1333,27802267000.0
2024-07-19,2963.5144,2986.2424,2955.1199,2982.3086,28093241000.0
2024-07-22,2978.1931,2978.6006,2946.5608,2964.2156,27874956000.0
2024-07-23,2960.5005,2960.5005,2915.3682,2915.3684,29629599000.0
2024-07-24,2909.1521,2922.0298,2894.2886,2901.9519,30611885000.0
2024-07-25,2891.8918,2897.7673,2872.8496,2886.7417,27463950000.0
2024-07-26,2885.9954,2899.1162,2875.396,2890.8972,27838754000.0
2024-07-29,2889.4727,2898.9512,2878.5825,2891.8452,25689972700.0
2024-07-30,2885.2151,2885.2151,2865.1494,2879.2996,26247883700.0
2024-07-31,2877.541,2940.5928,2876.3008,2938.7493,41272342000.0
2024-08-01,2940.1201,2947.8767,2928.8262,2932.3872,34662114000.0
2024-08-02,2913.0198,2931.2593,2902.7202,2905.3374,31220504000.0
2024-08-05,2889.3633,2919.0251,2860.6978,2860.6978,35554057000.0
2024-08-06,2878.6509,2888.2009,2845.335,2867.2837,29730080000.0
2024-08-07,2864.01,2886.9417,2857.7246,2869.8337,26309715000.0
2024-08-08,2864.7581,2886.3994,2850.8745,2869.9014,28912863000.0
2024-08-09,2879.8726,2887.8489,2862.1941,2862.1941,28425392000.0
2024-08-12,2858.8945,2869.2688,2851.2952,2858.2046,24424137100.0
2024-08-13,2860.4099,2867.946,2845.3098,2867.946,23167460100.0
2024-08-14,2866.2434,2866.2434,2850.4009,2850.6538,21788517000.0
2024-08-15,2844.2004,2889.0867,2839.3875,2877.3579,27190000000.0
2024-08-16,2877.9402,2888.6753,2873.0601,2879.4297,26365344100.0
2024-08-19,2877.9541,2905.1548,2877.771,2893.6738,26168773000.0
2024-08-20,2895.5505,2896.5193,2855.3293,2866.6609,26365800200.0
2024-08-21,2858.9387,2863.8911,2848.1509,2856.584,22920002700.0
2024-08-22,2856.2002,2861.6072,2845.5024,2848.7717,24539941500.0
2024-08-23,2844.7703,2860.7327,2839.3372,2854.3674,22669256500.0
2024-08-26,2855.4741,2860.6545,2844.3828,2855.5203,22735152300.0
2024-08-27,2850.8772,2853.7805,2843.1577,2848.7312,23069300600.0
2024-08-28,2844.3269,2852.562,2830.9614,2837.4292,22873062300.0
2024-08-29,2829.4507,2831.4309,2815.3828,2823.106,27751053000.0
2024-08-30,2819.6499,2867.9648,2817.0142,2842.2141,39751698000.0
2024-09-02,2832.3499,2839.2783,2810.3738,2811.0349,34071419000.0
2024-09-03,2809.1733,2814.9031,2794.9111,2802.9788,27573614000.0
2024-09-04,2786.5046,2800.6064,2781.9353,2784.2783,25745350000.0
2024-09-05,2785.2634,2796.0186,2777.4709,2788.3142,24204094800.0
2024-09-06,2791.7644,2804.0933,2765.6394,2765.8066,25364537500.0
2024-09-09,2754.7236,2756.5559,2726.9668,2736.4875,26146884700.0
2024-09-10,2737.8811,2750.1179,2718.627,2744.1919,26215901500.0
2024-09-11,2732.7314,2732.7314,2710.6208,2721.7952,24226490000.0
2024-09-12,2722.1382,2734.6832,2716.5552,2717.1231,24008431500.0
2024-09-13,2718.9864,2728.7797,2703.3689,2704.0896,25127003800.0
2024-09-18,2705.3451,2724.1141,2689.6952,2717.2813,24781713200.0
2024-09-19,2723.2053,2747.7402,2697.7756,2736.0222,31520839000.0
2024-09-20,2734.2277,2741.1552,2717.9451,2736.8139,28564463000.0
2024-09-23,2735.3895,2760.4799,2731.3571,2748.9177,25764215400.0
2024-09-24,2770.7543,2863.1519,2761.3717,2863.1255,47761955000.0
2024-09-25,2901.4185,2952.4511,2889.048,2896.3057,56825982000.0
2024-09-26,2893.7451,3000.9526,2889.0143,3000.9526,57631926000.0
2024-09-27,3049.1026,3087.5286,3017.4453,3087.5286,49228716000.0
2024-09-30,3194.7224,3358.5883,3153.697,3336.4974,110233792000.0
2024-10-08,3674.4048,3674.4048,3372.1868,3489.7751,131346020000.0
2024-10-09,3427.2199,3437.1571,3249.1591,3258.8578,99275726000.0
2024-10-10,3277.6916,3379.8053,3228.1248,3301.9259,83450026000.0
2024-10-11,3287.8727,3297.7517,3187.9882,3217.7377,60602743000.0
2024-10-14,3241.4275,3294.6199,3203.901,3284.3225,63146686000.0
2024-10-15,3265.7461,3285.2147,3201.2919,3201.2919,56605456000.0
2024-10-16,3169.1685,3236.848,3167.7364,3202.948,51581400000.0
2024-10-17,3220.7334,3241.5675,3169.3843,3169.3843,52861177000.0
2024-10-18,3165.9745,3313.9784,3152.8213,3261.5633,69301462000.0
2024-10-21,3276.0598,3300.664,3239.0965,3268.11,66815030000.0
2024-10-22,3263.8224,3294.9612,3255.1375,3285.8669,57491378000.0
2024-10-23,3285.2474,3331.0823,3277.0663,3302.8028,65044413000.0
2024-10-24,3287.8243,3292.9448,3266.8823,3280.2625,51982707000.0
2024-10-25,3280.7616,3319.3571,3276.1303,3299.7003,59565171000.0
2024-10-28,3300.4634,3322.1975,3279.715,3322.1975,67237313000.0
2024-10-29,3328.0885,3340.4584,3284.2108,3286.407,72532615000.0
2024-10-30,3273.6421,3291.6795,3244.8063,3266.2378,66901809000.0
2024-10-31,3267.975,3295.7421,3252.3899,3279.8244,78464909000.0
2024-11-01,3275.5768,3305.3181,3258.7346,3272.0142,85205532000.0
2024-11-04,3275.6787,3310.2072,3263.8421,3310.2072,66507745000.0
2024-11-05,3306.8098,3386.9869,3302.0472,3386.9869,82112490000.0
2024-11-06,3395.2217,3420.9986,3367.0812,3383.8062,89585593000.0
2024-11-07,3359.9851,3470.6609,3356.258,3470.6609,95955668000.0
2024-11-08,3502.1331,3509.8182,3443.193,3452.2971,96403456000.0
2024-11-11,3432.3672,3471.1222,3416.7266,3470.0657,81802544000.0
2024-11-12,3469.8908,3489.4244,3402.0422,3421.9701,81792652000.0
2024-11-13,3406.9164,3442.2983,3404.5254,3439.2778,67366235000.0
2024-11-14,3429.5054,3441.7746,3376.1528,3379.8389,63155669000.0
2024-11-15,3369.8092,3391.3204,3330.7263,3330.7263,63028558000.0
2024-11-18,3344.6904,3386.9031,3309.0076,3323.8486,74395069000.0
2024-11-19,3324.8831,3346.7577,3284.133,3346.0098,62502415000.0
2024-11-20,3337.6778,3375.2482,3333.0023,3367.9893,56615429000.0
2024-11-21,3362.9444,3378.5175,3348.8552,3370.4039,53033183000.0
2024-11-22,3368.043,3372.0034,3267.1916,3267.1916,63068779000.0
2024-11-25,3274.884,3285.4555,3232.9178,3263.7597,53889739000.0
2024-11-26,3256.8576,3285.3281,3252.8661,3259.7572,47221930000.0
2024-11-27,3250.591,3309.8805,3227.3553,3309.7789,51120230000.0
2024-11-28,3308.2797,3319.2559,3290.3641,3295.6983,51195305000.0
2024-11-29,3295.2096,3357.5013,3293.6899,3326.4557,58022710000.0
2024-12-02,3328.482,3369.3032,3323.0091,3363.9823,66847776000.0
2024-12-03,3366.2853,3386.6176,3348.3742,3378.8063,66303014000.0
2024-12-04,3376.5715,3388.0241,3352.9434,3364.6498,62102886000.0
2024-12-05,3353.0573,3377.055,3353.0573,3368.8553,54388575000.0
2024-12-06,3370.9405,3418.2608,3364.2061,3404.0764,69818657000.0
2024-12-09,3402.6288,3426.6451,3385.9588,3402.5343,69490521000.0
2024-12-10,3490.2892,3494.8669,3417.7654,3422.6607,79466803000.0
2024-12-11,3416.0874,3437.8103,3416.0874,3432.4902,68154461000.0
2024-12-12,3432.2786,3464.1162,3425.9755,3461.4998,70009669000.0
2024-12-13,3442.9259,3442.9259,3390.7537,3391.8782,77746414000.0
2024-12-16,3390.083,3401.9263,3376.5358,3386.3312,62557900000.0
2024-12-17,3381.8141,3396.2074,3357.7694,3361.485,56894151000.0
2024-12-18,3371.2955,3396.4603,3371.2955,3382.2081,51252498000.0
2024-12-19,3355.9041,3377.5321,3346.469,3370.0331,51390906000.0
2024-12-20,3364.481,3390.6182,3362.8193,3368.0693,49096462000.0
2024-12-23,3367.9037,3384.9918,3348.277,3351.2571,55674725000.0
2024-12-24,3353.5354,3394.9044,3352.9474,3393.5281,47199267000.0
2024-12-25,3395.1072,3406.2125,3374.0113,3393.3501,47131559000.0
2024-12-26,3389.3383,3401.0951,3380.255,3398.0765,42217727000.0
2024-12-27,3397.2939,3418.952,3388.3215,3400.142,50048813000.0
2024-12-30,3395.3962,3412.8414,3394.9648,3407.3259,45526238000.0
2024-12-31,3406.9652,3413.4545,3351.763,3351.763,50273106000.0
2025-01-02,3347.9392,3351.722,3242.0865,3262.5607,56137520000.0
2025-01-03,3267.0766,3273.5656,3205.7755,3211.4299,51759201000.0
2025-01-06,3209.7832,3219.4877,3185.4631,3206.9228,43097840000.0
2025-01-07,3203.3068,3230.8529,3190.4612,3229.6439,40966053000.0
2025-01-08,3218.8577,3246.2908,3175.7247,3230.1679,47286439000.0
2025-01-09,3220.7205,3228.9725,3205.9103,3211.3933,38294356000.0
2025-01-10,3211.7068,3220.1073,3168.5238,3168.5238,40366335000.0
2025-01-13,3148.8259,3172.7,3140.9775,3160.755,37274202000.0
2025-01-14,3165.1613,3245.2196,3159.432,3240.94,46921270000.0
2025-01-15,3234.7152,3245.9042,3222.2359,3227.1167,40472320000.0
2025-01-16,3239.0261,3265.2824,3217.0966,3236.032,43065554000.0
2025-01-17,3226.7616,3256.5067,3219.7734,3241.8212,38359926000.0
2025-01-20,3256.1492,3268.2626,3238.1214,3244.3776,40333795000.0
2025-01-21,3256.8325,3258.6103,3229.0689,3242.6226,38458372000.0
2025-01-22,3235.4925,3235.5013,3203.3801,3213.6237,36481752000.0
2025-01-23,3237.5988,3273.5203,3229.5716,3230.1637,45824680000.0
2025-01-24,3222.8774,3260.0112,3221.7121,3252.6264,39865303000.0
2025-01-27,3256.6136,3274.3924,3250.6007,3250.6007,38746764000.0
2025-02-05,3270.1604,3271.022,3220.2794,3229.4876,40638818000.0
2025-02-06,3226.575,3271.4271,3225.8459,3270.6594,46084273000.0
2025-02-07,3269.2269,3324.428,3262.5085,3303.6666,60055845000.0
2025-02-10,3308.04,3325.3558,3299.2429,3322.1698,54658975000.0
2025-02-11,3323.6694,3324.1727,3304.4443,3318.0569,51194354000.0
2025-02-12,3312.2572,3346.3854,3310.3904,3346.3854,51343783000.0
2025-02-13,3343.2347,3359.1807,3332.4826,3332.4826,56863116000.0
2025-02-14,3328.483,3349.0836,3322.5289,3346.7242,53233297000.0
2025-02-17,3355.4171,3357.1212,3333.1948,3355.8296,58954657000.0
2025-02-18,3348.9827,3366.0119,3314.3006,3324.4906,56267924000.0
2025-02-19,3320.7801,3352.0867,3320.5809,3351.5392,50291297000.0
2025-02-20,3347.5893,3355.5571,3338.0335,3350.7833,50435711000.0
2025-02-21,3356.6947,3381.0575,3339.0256,3379.1128,60819021000.0
2025-02-24,3374.0813,3384.8106,3355.8694,3373.0276,59818820000.0
2025-02-25,3345.6534,3369.5583,3337.8448,3346.0398,52757856000.0
2025-02-26,3351.2093,3380.2144,3351.2093,3380.2144,55399203000.0
2025-02-27,3378.4494,3388.7808,3353.5712,3388.0622,57581502000.0
2025-02-28,3374.6636,3383.1909,3318.7162,3320.8973,56831950000.0
2025-03-03,3328.3955,3349.0169,3304.5931,3316.9253,50241786000.0
2025-03-04,3300.498,3327.8242,3297.5304,3324.2099,42999611000.0
2025-03-05,3324.6962,3342.7143,3314.1478,3341.9649,46095270000.0
2025-03-06,3353.5703,3387.0538,3348.684,3381.0983,53999271000.0
2025-03-07,3373.1808,3390.9442,3363.9288,3372.5458,51766355000.0
2025-03-10,3373.2588,3375.7978,3347.1859,3366.163,45038083000.0
2025-03-11,3335.4394,3379.8287,3334.8313,3379.8284,44846832000.0
2025-03-12,3385.6853,3392.4086,3370.2204,3371.9235,50219510000.0
2025-03-13,3371.0945,3377.1183,3341.1182,3358.7285,51901348000.0
2025-03-14,3361.6861,3421.2333,3360.6063,3419.5616,58266339000.0
2025-03-17,3430.8093,3436.3516,3422.4618,3426.1285,51568514000.0
2025-03-18,3434.5653,3437.0654,3423.3005,3429.7593,45491606000.0
2025-03-19,3424.1726,3439.0463,3414.5933,3426.4291,44031630000.0
2025-03-20,3425.2157,3427.0454,3404.662,3408.9482,45163068000.0
2025-03-21,3401.7593,3414.7094,3355.8396,3364.8307,52086263000.0
2025-03-24,3364.8342,3373.6936,3340.2383,3370.0283,51331026000.0
2025-03-25,3370.0008,3379.9884,3361.0462,3369.9763,45635739000.0
2025-03-26,3365.6658,3382.3424,3365.6658,3368.6973,42853377000.0
2025-03-27,3362.7123,3394.0349,3351.1739,3373.7489,41477631000.0
2025-03-28,3372.0388,3375.0528,3346.0807,3351.3068,41228429000.0
2025-03-31,3343.3442,3361.7415,3317.7381,3335.7462,47257198000.0
2025-04-01,3340.7121,3357.6215,3338.7788,3348.4351,42258867000.0
2025-04-02,3344.1711,3361.134,3343.1155,3350.1266,35012736000.0
2025-04-03,3319.6057,3358.4256,3319.6057,3342.0077,40051783000.0
2025-04-07,3193.1024,3217.7818,3040.6932,3096.5762,66219958000.0
2025-04-08,3094.2619,3145.5491,3085.1229,3145.5491,66224239000.0
2025-04-09,3110.0101,3186.8099,3070.0778,3186.8099,68479717000.0
2025-04-10,3227.8362,3239.9408,3201.5714,3223.6379,59120827000.0
2025-04-11,3219.5053,3249.8536,3211.3497,3238.2268,47553180000.0
2025-04-14,3251.9779,3272.7203,3244.7327,3262.8075,47137322000.0
2025-04-15,3260.685,3268.9848,3246.3369,3267.6623,39666290000.0
2025-04-16,3267.665,3276.0045,3233.7911,3276.0039,42953485000.0
2025-04-17,3261.7177,3285.9154,3258.1451,3280.3412,38201270000.0
2025-04-18,3270.3534,3283.0896,3262.3916,3276.7304,35883619000.0
2025-04-21,3273.1383,3298.6398,3270.0131,3291.4341,37930759000.0
2025-04-22,3289.1664,3311.1529,3288.3316,3299.7571,40316762000.0
2025-04-23,3308.1514,3312.1923,3293.0633,3296.3552,41163321000.0
2025-04-24,3295.1487,3313.5087,3286.2363,3297.2881,39284475000.0
2025-04-25,3300.3916,3305.2618,3288.7545,3295.06,41104319000.0
2025-04-28,3292.0559,3296.9318,3279.8773,3288.4147,41066586000.0
2025-04-29,3281.4453,3294.9815,3277.6271,3286.6548,38896167000.0
2025-04-30,3284.0812,3292.2002,3277.5499,3279.0314,43579434000.0
2025-05-06,3295.2504,3316.4476,3286.9886,3316.1135,47436962000.0
2025-05-07,3354.9737,3356.6884,3324.8088,3342.6651,51115961000.0
2025-05-08,3331.2052,3359.7309,3327.9024,3351.9958,42837777000.0
2025-05-09,3350.405,3351.2198,3335.127,3341.9989,39890919000.0
2025-05-12,3352.9698,3372.4724,3344.2687,3369.2445,41823991000.0
2025-05-13,3386.2344,3386.2344,3370.2516,3374.8707,42624070000.0
2025-05-14,3374.2353,3417.3142,3368.0781,3403.9481,46493444000.0
2025-05-15,3398.4272,3402.8656,3378.0208,3380.8214,42410092000.0
2025-05-16,3374.7061,3380.29,3356.6609,3367.4619,39540103000.0
2025-05-19,3365.8823,3373.5994,3356.6483,3367.5829,40307481000.0
2025-05-20,3371.6886,3387.804,3369.9629,3380.478,40554453000.0
2025-05-21,3380.2094,3394.7541,3380.2094,3387.5736,41249617000.0
2025-05-22,3381.865,3390.5925,3376.2331,3380.1885,39421721000.0
2025-05-23,3376.8691,3389.4686,3348.3717,3348.3717,40022700000.0
2025-05-26,3346.561,3362.307,3336.3552,3346.8388,34756210000.0
2025-05-27,3346.5029,3351.5718,3332.4895,3340.687,34407116000.0
2025-05-28,3341.8518,3348.234,3336.7273,3339.9319,34155544000.0
2025-05-29,3340.4012,3368.6334,3337.415,3363.4455,39323381000.0
2025-05-30,3358.8093,3361.2751,3341.6484,3347.4873,38560217000.0
2025-06-03,3340.0666,3366.9974,3340.0666,3361.9755,39806077000.0
2025-06-04,3363.391,3379.6401,3363.391,3376.2029,38649464000.0
2025-06-05,3378.2169,3387.7645,3371.1457,3384.0985,40625209000.0
2025-06-06,3384.2949,3391.451,3379.7641,3385.3579,38012289000.0
2025-06-09,3388.7783,3402.0503,3383.0742,3399.7716,42734795000.0
2025-06-10,3402.013,3406.4515,3365.6674,3384.8163,48161857000.0
2025-06-11,3385.4568,3413.5132,3385.4568,3402.3159,42409031000.0
2025-06-12,3397.972,3408.2049,3388.8657,3402.658,40949061000.0
2025-06-13,3397.4844,3401.5526,3370.5924,3376.996,51006522000.0
2025-06-16,3369.3661,3389.7563,3368.8764,3388.7293,40538328000.0
2025-06-17,3388.1801,3393.3127,3376.4201,3387.4049,39001245000.0
2025-06-18,3386.136,3391.7087,3369.9859,3388.8086,37868489000.0
2025-06-19,3384.2932,3386.9194,3353.9355,3362.1082,41532766000.0
2025-06-20,3358.9128,3370.7984,3357.7061,3359.8954,35022366000.0
2025-06-23,3349.4603,3389.4524,3347.6508,3381.5816,38456140000.0
2025-06-24,3380.08,3423.7835,3380.08,3420.566,46096380000.0
2025-06-25,3419.0914,3459.0093,3417.4105,3455.9736,50938406000.0
2025-06-26,3451.7193,3462.752,3446.1855,3448.4534,49654108000.0
2025-06-27,3450.6863,3462.6273,3421.0403,3424.2267,52312943000.0
2025-06-30,3423.4738,3447.46,3420.1118,3444.4256,45734805000.0
2025-07-01,3445.8457,3459.5866,3441.0379,3457.7474,44435674000.0
2025-07-02,3458.171,3461.328,3447.9557,3454.7924,49811678000.0
2025-07-03,3456.1519,3463.6198,3446.9739,3461.1506,43854347000.0
2025-07-04,3459.5924,3497.2248,3455.4938,3472.3192,50019521000.0
2025-07-07,3467.9849,3474.8007,3462.7923,3473.1271,43663134000.0
2025-07-08,3474.6316,3499.8857,3474.6316,3497.4753,49348477000.0
2025-07-09,3498.724,3512.6687,3491.2007,3493.0495,52392009000.0
2025-07-10,3491.4973,3526.5899,3491.4973,3509.6818,56415981000.0
2025-07-11,3511.3656,3555.2179,3506.7994,3510.1772,66418525000.0
2025-07-14,3513.2515,3532.1183,3513.2515,3519.6498,57208471000.0
2025-07-15,3519.8052,3527.0379,3483.3798,3504.9988,57207473000.0
2025-07-16,3502.8987,3511.8058,3489.1368,3503.7769,47087858000.0
2025-07-17,3500.3715,3517.2847,3499.1856,3516.8255,47221106000.0
2025-07-18,3519.4752,3536.0143,3518.2313,3534.4827,49348409000.0
2025-07-21,3542.8164,3560.6285,3542.5677,3559.7912,63364974000.0
2025-07-22,3561.6316,3584.7185,3547.252,3581.8611,71615523000.0
2025-07-23,3588.8777,3613.0223,3577.5942,3582.298,76767239000.0
2025-07-24,3578.9121,3608.7278,3577.1131,3605.7269,77326584000.0
2025-07-25,3604.4505,3610.0287,3586.22,3593.6553,69718955000.0
2025-07-28,3594.2313,3606.2742,3582.1489,3597.9369,59418788000.0
2025-07-29,3595.8099,3611.3532,3585.9435,3609.7113,61064206000.0
2025-07-30,3608.354,3636.1664,3593.7338,3615.7167,63722192000.0
2025-07-31,3604.6959,3606.3744,3562.6072,3573.2082,65450935000.0
2025-08-01,3568.2608,3581.7457,3550.0434,3559.9518,50956308000.0
2025-08-04,3547.1629,3583.3088,3547.1629,3583.3088,45857362000.0
2025-08-05,3588.8077,3617.5976,3586.9686,3617.5976,49979778000.0
2025-08-06,3615.808,3634.3135,3613.9894,3633.9949,51246727000.0
2025-08-07,3637.7811,3645.117,3622.5224,3639.6666,53550120000.0
2025-08-08,3634.8546,3645.3667,3625.4508,3635.1281,52640757000.0
2025-08-11,3637.0534,3656.8517,3629.6267,3647.5467,55139335000.0
2025-08-12,3647.9625,3669.0384,3647.9625,3665.9177,53662374000.0
2025-08-13,3668.6581,3688.6276,3666.5468,3683.4648,61352888000.0
2025-08-14,3685.5223,3704.7715,3662.5695,3666.4426,64782959000.0
2025-08-15,3659.8146,3702.2553,3658.3762,3696.7705,67852170000.0
2025-08-18,3712.4952,3745.939,3702.3802,3728.0273,77601667000.0
2025-08-19,3728.4851,3746.669,3718.1467,3727.2879,69609975000.0
2025-08-20,3716.6847,3767.43,3704.9912,3766.2104,67983643000.0
2025-08-21,3770.6757,3787.9806,3757.9918,3771.0989,69155296000.0
2025-08-22,3772.2769,3825.7592,3772.2769,3825.7592,69813628000.0
2025-08-25,3848.1629,3883.5617,3839.9724,3883.5617,88547480000.0
2025-08-26,3871.471,3888.5985,3859.7575,3868.382,73456531000.0
2025-08-27,3869.6116,3887.198,3800.3499,3800.3499,85863350000.0
2025-08-28,3796.7112,3845.0871,3761.4221,3843.5974,78835195000.0
2025-08-29,3842.8234,3867.6058,3839.2059,3857.9274,73946237000.0
2025-09-01,3869.7457,3879.0453,3853.6584,3875.5304,74770954000.0
2025-09-02,3877.0858,3885.3145,3828.6775,3858.1334,76261883000.0
2025-09-03,3865.286,3868.3877,3794.8837,3813.5566,64566851000.0
2025-09-04,3807.7571,3808.3955,3732.8404,3765.8759,71022793000.0
2025-09-05,3761.8801,3817.1589,3745.3091,3812.5143,62622338000.0
2025-09-08,3811.6692,3833.143,3803.6033,3826.8407,66006690000.0
2025-09-09,3816.6574,3834.671,3791.7243,3807.2923,60023938000.0
2025-09-10,3806.5842,3826.9959,3794.0574,3812.2212,53453983000.0
2025-09-11,3806.0564,3875.3094,3796.4345,3875.3094,61701293000.0
2025-09-12,3875.5072,3892.7375,3866.5388,3870.5984,70064178000.0
2025-09-15,3876.0974,3879.7365,3855.9725,3860.5036,64479394000.0
2025-09-16,3865.9801,3876.6901,3838.6483,3861.8651,67343972000.0
2025-09-17,3854.0726,3882.6687,3848.9455,3876.3409,66343471000.0
2025-09-18,3876.0592,3899.9594,3800.9953,3831.6562,87602739000.0
2025-09-19,3830.4437,3843.1696,3811.9029,3820.0894,68229261000.0
2025-09-22,3822.0096,3831.7404,3806.2016,3828.5764,56832569000.0
2025-09-23,3830.1379,3838.6059,3774.5282,3821.8327,70190287000.0
2025-09-24,3804.4833,3854.923,3804.3279,3853.6422,60205667000.0
2025-09-25,3852.431,3866.1058,3840.459,3853.3021,58995053000.0
2025-09-26,3839.8553,3856.6062,3828.106,3828.106,55127534000.0
2025-09-29,3828.1656,3881.0023,3809.5352,3862.5317,60846640000.0
2025-09-30,3869.7046,3887.57,3866.2808,3882.7774,56973463000.0
2025-10-09,3898.307,3936.5761,3885.7437,3933.9724,72521850000.0
2025-10-10,3915.4752,3933.0053,3886.305,3897.0281,71891767000.0
2025-10-13,3800.1055,3895.83,3800.1055,3889.5022,70950610000.0
2025-10-14,3910.7825,3918.4357,3851.1209,3865.2289,80083963000.0
2025-10-15,3867.5364,3912.2912,3857.6668,3912.2095,64501296000.0
2025-10-16,3900.6834,3931.05,3899.1673,3916.228,59545149000.0
2025-10-17,3912.0403,3921.0648,3835.3648,3839.7553,61756302000.0
2025-10-20,3865.5523,3877.7215,3850.3673,3863.8926,54926171000.0
2025-10-21,3870.7488,3919.3183,3868.1453,3916.3322,59941571000.0
2025-10-22,3896.0736,3918.5924,3893.325,3913.7576,54311734000.0
2025-10-23,3904.159,3926.2171,3877.5294,3922.4101,56518926000.0
2025-10-24,3929.115,3950.3115,3928.9598,3950.3115,56785844000.0
2025-10-27,3969.2197,3999.0667,3963.1017,3996.9445,63758955000.0
2025-10-28,3986.8912,4010.7275,3976.8326,3988.2239,57735768000.0
2025-10-29,3990.2655,4016.331,3986.9414,4016.331,61291747000.0
2025-10-30,4007.8207,4025.7048,3984.8284,3986.9008,66848561000.0
2025-10-31,3985.0641,3986.7433,3951.7308,3954.79,67561541000.0
2025-11-03,3954.0783,3977.3051,3937.0215,3976.5207,64124595000.0
2025-11-04,3973.4575,3985.8822,3938.5197,3960.186,61549379000.0
2025-11-05,3922.5844,3979.7537,3922.5844,3969.2483,61499162000.0
2025-11-06,3973.3493,4008.7991,3973.3493,4007.7599,62736755000.0
2025-11-07,3994.3167,4012.0054,3993.691,3997.5557,59650703000.0
2025-11-10,4001.7939,4018.6958,3990.8359,4018.5972,63404999000.0
2025-11-11,4023.877,4024.939,3991.5156,4002.7576,58199492000.0
2025-11-12,3996.5648,4020.3775,3980.6756,4000.1396,58619323000.0
2025-11-13,3996.5143,4030.3983,3994.7712,4029.5012,61303106000.0
2025-11-14,4007.1258,4034.0786,3990.3074,3990.4921,62201712000.0
2025-11-17,3988.5564,3992.4041,3958.9484,3972.0348,59201795000.0
2025-11-18,3962.4437,3966.8854,3926.5885,3939.8131,59441105000.0
2025-11-19,3937.9198,3960.0518,3930.0745,3946.7424,53114960000.0
2025-11-20,3960.6993,3967.971,3927.5124,3931.0512,53474954000.0
2025-11-21,3896.6646,3912.0063,3834.749,3834.8908,63164625000.0
2025-11-24,3848.6565,3854.3305,3816.5757,3836.7655,50460172000.0
2025-11-25,3850.571,3882.0299,3845.1383,3870.0228,47872761000.0
2025-11-26,3867.429,3879.9231,3861.1769,3864.1844,45758976000.0
2025-11-27,3867.1971,3895.5892,3864.1311,3875.2594,44402195000.0
2025-11-28,3870.9438,3888.8885,3856.25,3888.5962,44993197000.0
2025-12-01,3894.2132,3914.4644,3890.9485,3914.0061,53755413000.0
2025-12-02,3908.4559,3908.7688,3888.3275,3897.7116,45558449000.0
2025-12-03,3894.1556,3901.696,3869.9528,3877.9996,48561727000.0
2025-12-04,3879.7417,3888.8595,3859.0491,3875.7933,44504029000.0
2025-12-05,3873.1207,3907.7816,3863.3137,3902.8076,50036877000.0
2025-12-08,3909.226,3936.3111,3904.7377,3924.0778,54734979000.0
2025-12-09,3916.5087,3923.8986,3902.1278,3909.5216,52453826000.0
2025-12-10,3901.1275,3906.1163,3876.4745,3900.496,49733150000.0
2025-12-11,3903.8948,3904.9632,3862.821,3873.3176,52565860000.0
2025-12-12,3869.4127,3891.8068,3850.5968,3889.3457,57394713000.0
2025-12-15,3865.4021,3896.9769,3863.6296,3867.9209,50092279000.0
2025-12-16,3861.5145,3862.4271,3815.8444,3824.8119,51249483000.0
2025-12-17,3822.5086,3881.7519,3817.9955,3870.2775,51231369000.0
2025-12-18,3857.2568,3888.2853,3856.4229,3876.3705,46117263000.0
2025-12-19,3878.227,3902.6708,3871.7767,3890.4475,51351189000.0
2025-12-22,3900.535,3920.0121,3900.5152,3917.3638,52293899000.0
2025-12-23,3919.1063,3937.127,3910.7449,3919.9786,52115695000.0
2025-12-24,3920.3466,3947.0408,3912.3107,3940.947,47489645000.0
2025-12-25,3937.7196,3964.0733,3936.0782,3959.6211,46931309000.0
2025-12-26,3957.8326,3977.7062,3945.5238,3963.6789,55548959000.0
2025-12-29,3964.6513,3983.9787,3956.9455,3965.2796,56368720000.0
2025-12-30,3947.8707,3979.9901,3947.4187,3965.1159,52593259000.0
2025-12-31,3968.7256,3977.5358,3955.4871,3968.8401,49075149000.0
2026-01-05,3986.9721,4025.2632,3983.5759,4023.4167,59695046000.0
2026-01-06,4026.0158,4083.6672,4025.088,4083.6672,70247227000.0
2026-01-07,4083.843,4098.7771,4069.4358,4085.7723,68338435000.0
2026-01-08,4077.715,4093.8718,4067.1216,4082.9788,66613134000.0
2026-01-09,4086.7624,4121.7226,4083.6155,4120.426,72983799000.0
2026-01-12,4134.893,4168.3569,4119.8793,4165.287,83945609000.0
2026-01-13,4169.7041,4179.702,4126.2343,4138.7585,86838272000.0
2026-01-14,4138.6454,4190.8663,4103.6205,4126.0932,95255129000.0
2026-01-15,4106.2241,4133.0726,4096.8496,4112.6012,68025079000.0
2026-01-16,4127.0632,4140.2251,4091.8106,4101.9127,76358847000.0
2026-01-19,4090.7185,4126.5175,4090.0567,4114.0001,68890587000.0
2026-01-20,4116.3659,4128.9304,4080.2938,4113.649,73436250000.0
2026-01-21,4103.5291,4135.9585,4103.5291,4116.94,66698951000.0
2026-01-22,4126.0717,4140.8378,4109.9232,4122.576,70969541000.0
2026-01-23,4130.1076,4143.7498,4120.204,4136.1642,78211545000.0
2026-01-26,4144.7782,4160.9852,4124.7004,4132.6052,88743973000.0
2026-01-27,4125.2155,4158.8019,4101.8299,4139.9041,75499087000.0
2026-01-28,4150.2152,4170.1468,4138.0188,4151.2378,82302675000.0
2026-01-29,4155.9185,4170.2138,4138.2992,4157.9845,90590837000.0
2026-01-30,4131.9929,4152.8501,4064.7769,4117.9476,80434275000.0
2026-02-02,4079.7075,4103.4073,4013.6557,4015.7464,73295370000.0
2026-02-03,4043.9061,4069.4179,4002.782,4067.7379,63768425000.0
2026-02-04,4064.6772,4104.6207,4062.6825,4102.202,67425424000.0
2026-02-05,4075.0254,4088.9041,4048.939,4075.9167,59672224000.0
2026-02-06,4040.2992,4095.0303,4029.9731,4065.5834,55670980000.0
2026-02-09,4103.5396,4123.1587,4093.0561,4123.0897,57263258000.0
2026-02-10,4127.7658,4134.3382,4117.5635,4128.3731,52462097000.0
2026-02-11,4124.4277,4142.5612,4122.4283,4131.985,50068528000.0
2026-02-12,4136.99,4140.5931,4124.1308,4134.0178,52937012000.0
2026-02-13,4115.9243,4123.8443,4079.7702,4082.0726,50079947000.0
2026-02-24,4129.1338,4131.5499,4105.9369,4117.4089,56632225000.0
2026-02-25,4123.7808,4167.8438,4122.6987,4147.2305,72478721000.0
2026-02-26,4151.068,4152.1926,4127.1531,4146.6311,65170283000.0
2026-02-27,4128.8974,4166.2344,4128.36,4162.8815,68204765000.0
2026-03-02,4151.8011,4188.7702,4131.3676,4182.5909,86157922000.0
2026-03-03,4189.4079,4197.228,4116.011,4122.676,92113917000.0
2026-03-04,4087.632,4106.0397,4055.4125,4082.474,76516953000.0
2026-03-05,4109.777,4125.6166,4090.6213,4108.567,68974654000.0
2026-03-06,4085.8954,4129.4647,4085.8954,4124.194,64676576000.0
2026-03-09,4098.6987,4106.5336,4052.5454,4096.6023,79780356000.0
2026-03-10,4098.5869,4123.9578,4098.5869,4123.138,67492219000.0
2026-03-11,4123.6663,4135.8392,4112.7998,4133.4331,70772717000.0
2026-03-12,4133.1996,4141.6488,4103.1636,4129.1026,78615118000.0
2026-03-13,4117.5738,4134.0794,4086.8469,4095.4485,79205476000.0
2026-03-16,4092.2491,4096.1333,4048.0866,4084.7858,73222710000.0
2026-03-17,4086.2953,4108.4,4049.5801,4049.9073,67877122000.0
2026-03-18,4053.3052,4065.3734,4023.0295,4062.9844,62387310000.0
2026-03-19,4028.542,4042.0221,3994.1651,4006.5523,66725542000.0
2026-03-20,4004.5732,4022.7033,3955.7113,3957.0527,66679839000.0
2026-03-23,3904.9513,3906.622,3794.6844,3813.2829,80473885000.0
2026-03-24,3849.6312,3881.4236,3807.9937,3881.2797,68062204000.0
2026-03-25,3892.269,3933.0613,3891.8159,3931.8375,68834363000.0
2026-03-26,3924.9621,3937.1041,3880.5729,3889.0835,61597398000.0
2026-03-27,3852.0936,3924.1075,3852.0936,3913.7238,56134296000.0
2026-03-30,3884.2769,3924.2893,3872.7756,3923.2869,59558948000.0
2026-03-31,3924.067,3948.8107,3891.8605,3891.8605,60670498000.0
2026-04-01,3939.5658,3955.943,3929.9213,3948.5521,56461160000.0
2026-04-02,3940.7989,3952.5761,3900.1164,3919.2852,54421284000.0
2026-04-03,3927.5923,3929.5285,3871.3004,3880.0967,49269908000.0
2026-04-07,3884.1505,3902.6065,3875.6843,3890.1645,47361508000.0
2026-04-08,3930.2507,3994.9975,3926.2489,3994.9975,64413535000.0
2026-04-09,3967.6296,3979.1271,3955.2458,3966.1712,54156980000.0
2026-04-10,3985.464,4011.0243,3979.814,3986.2247,54641554000.0
2026-04-13,3971.1985,3991.2622,3966.1981,3988.558,54578177000.0
2026-04-14,4006.7267,4026.6256,3992.4071,4026.6256,57025900000.0
2026-04-15,4039.4711,4050.6208,4020.9039,4027.2095,56945859000.0
2026-04-16,4030.1378,4057.8314,4028.9086,4055.5468,54587697000.0
2026-04-17,4043.3813,4058.6041,4038.4287,4051.4254,54879141000.0
2026-04-20,4053.3745,4083.1902,4051.685,4082.1271,58984138000.0
2026-04-21,4075.8454,4086.6369,4062.1326,4085.0766,57668945000.0
2026-04-22,4074.8131,4106.8441,4074.6796,4106.2581,58246635000.0
2026-04-23,4110.7883,4114.8443,4070.4598,4093.2501,67116609000.0
2026-04-24,4081.0326,4092.6131,4061.1453,4079.9004,60503180000.0
2026-04-27,4074.8109,4092.8305,4071.0803,4086.3442,58995087000.0
2026-04-28,4076.1431,4090.2014,4062.872,4078.6374,60050750000.0
2026-04-29,4061.8221,4112.1518,4061.8221,4107.5144,61422145000.0
2026-04-30,4107.2974,4118.7552,4100.9656,4112.1593,65691273000.0
2026-05-06,4135.4505,4166.1469,4129.9108,4160.1737,70117748000.0
2026-05-07,4168.4467,4180.2099,4163.1365,4180.0922,68557425000.0
2026-05-08,4163.8537,4183.0631,4154.2456,4179.9524,69701909000.0
2026-05-11,4201.3465,4229.5795,4186.0819,4225.0207,76273629000.0
2026-05-12,4229.2833,4230.1839,4199.344,4214.4891,71898400000.0
2026-05-13,4192.3145,4245.0684,4192.3145,4242.572,70501874000.0
2026-05-14,4256.1569,4258.8631,4177.9175,4177.9175,76423500000.0
2026-05-15,4174.175,4191.8068,4114.0856,4135.3894,73316236000.0
2026-05-18,4120.1401,4145.6612,4108.6044,4131.5276,62723314000.0
2026-05-19,4122.9608,4170.2887,4107.9944,4169.5378,61761107000.0
2026-05-20,4152.6984,4169.8468,4139.9744,4162.1845,62415204000.0
2026-05-21,4174.3772,4199.5269,4074.2167,4077.2765,72721870000.0
2026-05-22,4096.1723,4120.0875,4067.7471,4112.8996,58945964000.0
2026-05-25,4126.3376,4153.8788,4119.7996,4152.5686,61593086000.0
2026-05-26,4137.3196,4150.2888,4104.4593,4145.373,65477776000.0
2026-05-27,4138.8053,4153.5614,4077.616,4093.7266,66046740000.0
2026-05-28,4080.3044,4110.7821,4055.8275,4098.6358,62117995000.0
2026-05-29,4110.5212,4112.9553,4055.8861,4068.5691,73159771000.0
2026-06-01,4067.1578,4093.0405,4045.6898,4057.74,67602581000.0
2026-06-02,4061.4629,4089.5747,4032.5826,4075.1016,64224466000.0
2026-06-03,4068.3408,4107.0458,4059.9067,4083.974,66845258000.0
2026-06-04,4053.6702,4080.7178,4043.4331,4057.7811,62119477000.0
2026-06-05,4044.8292,4078.9317,4015.0629,4027.7362,66291858000.0
2026-06-08,3938.7093,4007.493,3927.8527,3959.3378,65929356000.0
2026-06-09,3977.5394,4010.8715,3955.908,4010.0307,57657009000.0
2026-06-10,3985.1244,4006.3127,3963.4417,3993.2258,59869474000.0
2026-06-11,3979.7057,3997.4777,3958.4371,3987.0147,56854524000.0
2026-06-12,4017.8648,4060.271,4008.1769,4031.5129,74313109000.0
2026-06-15,4053.5822,4097.1657,4051.0651,4096.4717,67890781000.0
2026-06-16,4094.2124,4103.9259,4077.8702,4091.8917,61566830000.0
2026-06-17,4074.2913,4109.9579,4073.7319,4108.0762,60807741000.0
2026-06-18,4094.2301,4117.451,4080.2938,4090.4813,65811607000.0
2026-06-22,4093.9546,4164.4178,4070.1723,4163.0965,74369936000.0
2026-06-23,4153.593,4175.3476,4085.5908,4106.2517,70900391000.0
2026-06-24,4090.1001,4117.2848,4075.4921,4110.8134,64452752000.0
2026-06-25,4103.4817,4133.0975,4093.0087,4120.2806,67045992000.0
2026-06-26,4098.6864,4099.7796,4007.8593,4027.2648,66010867000.0
2026-06-29,4026.6858,4075.3343,3992.5522,4073.9017,65919994000.0
2026-06-30,4058.1695,4097.415,4052.17,4094.3972,59841220000.0
2026-07-01,4090.7598,4143.3135,4087.5354,4112.4453,67233179000.0
2026-07-02,4054.0857,4093.6777,4019.2147,4028.9038,65623361000.0
2026-07-03,4031.3351,4073.8802,4027.2553,4043.6432,60200974000.0
2026-07-06,4059.1941,4060.0688,4005.4137,4041.2382,59036490000.0
2026-07-07,4019.4942,4028.5139,3971.7126,3990.2353,51445309000.0
2026-07-08,3996.8069,4016.0262,3967.9128,3970.8797,49622937000.0
2026-07-09,3977.5473,4040.5387,3938.8775,4036.5879,55306398000.0
2026-07-10,4031.5373,4074.828,3995.8072,3996.1616,62745007000.0
2026-07-13,3966.0234,3983.0535,3900.6676,3913.794,59090736000.0
2026-07-14,3909.274,3967.1262,3869.3042,3967.1262,57998205000.0
2026-07-15,3963.7267,3981.6716,3943.6953,3955.5781,57620949000.0
2026-07-16,3912.3812,3940.4505,3867.6012,3882.4126,53528187000.0
2026-07-17,3865.3165,3869.2148,3745.1744,3764.1547,65045098000.0
2026-07-20,3791.6616,3831.6593,3741.1099,3796.2814,70923407000.0
2026-07-21,3812.1618,3864.6002,3743.3601,3864.3671,73502193000.0
2026-07-22,3839.6654,3884.4352,3839.6654,3867.0336,61425522000.0
2026-07-23,3868.0871,3878.8318,3851.7058,3876.7774,56212260000.0
2026-07-24,3853.6316,3861.0404,3808.6359,3814.1978,50820391000.0
2026-07-27,3808.9032,3858.3097,3793.4489,3858.245,50487945000.0
2026-07-28,3823.1331,3844.0118,3797.3727,3813.3146,49482913000.0
2026-07-29,3823.2931,3845.7661,3782.4811,3828.469,57122639000.0
2026-07-30,3812.111,3839.3407,3767.5033,3804.6926,59229892000.0
2026-07-31,3833.5359,3847.0926,3822.3736,3832.2624,59752943000.0
2026-08-03,3812.6129,3827.6359,3797.6431,3809.6629,52451696000.0
2026-08-04,3816.3699,3831.94,3799.5244,3822.2846,54032492000.0
2026-08-05,3815.1217,3884.3971,3815.1217,3878.4296,59215512000.0
2026-08-06,3864.2734,3902.0543,3864.2734,3900.3523,58855528000.0
2026-08-07,3896.4854,3940.9347,3885.6248,3940.0371,56498858000.0
2026-08-10,3943.816,3967.5919,3938.625,3966.5935,54211811000.0
2026-08-11,3950.7078,3966.391,3930.6386,3934.0929,52949094000.0
2026-08-12,3933.5533,3950.6213,3927.5489,3946.6752,50325701000.0
2026-08-13,3957.1612,3968.4758,3924.6418,3926.9648,57279368000.0
2026-08-14,3930.0215,3932.6405,3903.7048,3927.1764,49952561000.0
2026-08-17,3930.1044,3983.5066,3924.4738,3982.6535,48983403000.0
2026-08-18,3979.4898,3994.1812,3955.6012,3990.3037,51123429000.0
2026-08-19,3952.1219,3961.1368,3879.5785,3894.4224,57219121000.0
2026-08-20,3907.2058,3925.0615,3888.0989,3903.721,50663395000.0
2026-08-21,3891.1751,3912.1314,3883.787,3905.2026,44689587000.0
2026-08-24,3902.6963,3910.2394,3855.3524,3882.0079,48693141000.0
2026-08-25,3863.3695,3896.206,3850.8628,3889.4449,46411726000.0
2026-08-26,3881.7408,3926.435,3881.7408,3912.5235,48955302000.0
2026-08-27,3911.8908,3958.0328,3909.3122,3956.571,51677755000.0
2026-08-28,3950.2368,3970.3095,3947.7981,3952.179,51058165000.0
2026-08-31,3926.5312,3986.298,3926.5039,3986.298,57665661000.0
2026-09-01,3979.8814,3995.1751,3976.4685,3979.8877,57353895000.0
2026-09-02,3963.0661,3965.8078,3932.2515,3941.3862,51647278000.0
2026-09-03,3952.7948,3968.112,3930.4472,3942.0879,49699019000.0
2026-09-04,3955.5489,3980.2022,3915.2213,3930.1164,53728616000.0
2026-09-07,3942.5093,3948.4206,3916.4915,3932.6992,47737526000.0
2026-09-08,3935.5479,3951.3221,3925.7198,3940.5509,52999269000.0
2026-09-09,3943.9221,3958.1171,3933.4692,3951.5068,51750431000.0
2026-09-10,3939.0948,3949.2549,3927.3472,3934.4036,48467511000.0
2026-09-11,3910.9234,3912.3247,3852.0322,3888.1106,57912315000.0
2026-09-14,3867.0216,3895.5095,3867.0216,3885.3328,45888892000.0
2026-09-15,3879.7262,3891.6203,3858.1504,3864.2794,44090777000.0
2026-09-16,3861.7457,3894.6635,3842.7211,3891.6005,45912511000.0
2026-09-17,3876.9983,3898.8356,3866.8921,3875.6044,45288646000.0
2026-09-18,3891.9608,3919.6691,3888.4959,3911.8714,48571251000.0
2026-09-21,3920.2731,3934.3375,3918.1282,3933.268,24755987300.0
